第15任總統副總統選舉候選人在臺中市各村(里)得票數一覽表,,,,,,,,,,,,
行政區別,村里別,各組候選人得票情形,,,"有效票數A
A=1+2+...+N",無效票數B,"投票數C
C=A+B","已領未投票數
D
D=E-C","發出票數E
E=C+D",用餘票數F,"選舉人數G
G=E+F","投票率H
H=C÷G"
,,"(1)
宋楚瑜
余湘","(2)
韓國瑜
張善政","(3)
蔡英文
賴清德",,,,,,,,
,,,,,,,,,,,,
,,,,,,,,,,,,
總　計,,"84,800","646,366","967,304","1,698,470","20,550","1,719,020",33,"1,719,053","532,011","2,251,064",76.3648
　中區,,442,"3,823","5,793","10,058",106,"10,164",0,"10,164","4,066","14,230",71.4266
,綠川里,47,405,719,"1,171",5,"1,176",0,"1,176",427,"1,603",73.3624
,繼光里,44,362,646,"1,052",8,"1,060",0,"1,060",400,"1,460",72.6027
,公園里,36,348,567,951,5,956,0,956,405,"1,361",70.2425
,光復里,64,568,780,"1,412",16,"1,428",0,"1,428",546,"1,974",72.3404
,大墩里,74,493,800,"1,367",17,"1,384",0,"1,384",552,"1,936",71.4876
,柳川里,49,530,659,"1,238",10,"1,248",0,"1,248",556,"1,804",69.1796
,大誠里,74,632,910,"1,616",27,"1,643",0,"1,643",642,"2,285",71.9037
,中華里,54,485,712,"1,251",18,"1,269",0,"1,269",538,"1,807",70.2269
　東區,,"2,251","17,435","28,114","47,800",582,"48,382",4,"48,386","14,444","62,830",77.0046
,新庄里,87,675,"1,141","1,903",23,"1,926",0,"1,926",981,"2,907",66.2539
,振興里,103,732,"1,485","2,320",28,"2,348",0,"2,348",713,"3,061",76.7070
,東橋里,153,814,"1,891","2,858",35,"2,893",0,"2,893",781,"3,674",78.7425
,東興里,99,681,"1,329","2,109",30,"2,139",0,"2,139",604,"2,743",77.9803
,泉源里,66,454,890,"1,410",24,"1,434",0,"1,434",429,"1,863",76.9726
,干城里,55,518,829,"1,402",25,"1,427",0,"1,427",416,"1,843",77.4281
,旱溪里,93,654,"1,132","1,879",22,"1,901",0,"1,901",492,"2,393",79.4400
,樂成里,57,513,"1,040","1,610",18,"1,628",1,"1,629",533,"2,162",75.3006
,東門里,223,"1,491","3,432","5,146",49,"5,195",0,"5,195","1,269","6,464",80.3682
,十甲里,181,"1,157","2,169","3,507",40,"3,547",0,"3,547","1,032","4,579",77.4623
,東英里,239,"1,867","3,241","5,347",64,"5,411",2,"5,413","1,464","6,877",78.6826
,東南里,134,"1,048","1,537","2,719",32,"2,751",0,"2,751",844,"3,595",76.5229
,東勢里,91,774,"1,017","1,882",25,"1,907",1,"1,908",645,"2,553",74.6964
,合作里,178,"1,511","1,288","2,977",27,"3,004",0,"3,004",927,"3,931",76.4182
,富仁里,125,"1,747","1,065","2,937",44,"2,981",0,"2,981","1,022","4,003",74.4691
,富台里,57,694,461,"1,212",19,"1,231",0,"1,231",439,"1,670",73.7126
,東信里,310,"2,105","4,167","6,582",77,"6,659",0,"6,659","1,853","8,512",78.2307
　南區,,"4,025","29,485","44,098","77,608",887,"78,495",0,"78,495","23,184","101,679",77.1988
,長春里,70,513,831,"1,414",19,"1,433",0,"1,433",426,"1,859",77.0845
,長榮里,93,688,"1,066","1,847",16,"1,863",0,"1,863",516,"2,379",78.3102
,城隍里,117,985,"1,544","2,646",37,"2,683",0,"2,683",819,"3,502",76.6134
,國光里,117,"1,051","1,680","2,848",41,"2,889",0,"2,889",859,"3,748",77.0811
,南門里,130,"1,022","1,535","2,687",18,"2,705",0,"2,705",673,"3,378",80.0770
,德義里,100,818,"1,196","2,114",23,"2,137",0,"2,137",639,"2,776",76.9813
,積善里,95,666,"1,158","1,919",23,"1,942",0,"1,942",534,"2,476",78.4330
,江川里,76,801,"1,203","2,080",20,"2,100",0,"2,100",588,"2,688",78.1250
,新榮里,188,"1,295","1,644","3,127",40,"3,167",0,"3,167","1,050","4,217",75.1008
,福興里,127,"1,115","1,670","2,912",33,"2,945",0,"2,945",785,"3,730",78.9544
,福平里,210,"1,478","2,261","3,949",50,"3,999",0,"3,999","1,157","5,156",77.5601
,福順里,221,"1,532","2,319","4,072",50,"4,122",0,"4,122","1,168","5,290",77.9206
,和平里,139,994,"1,597","2,730",30,"2,760",0,"2,760",973,"3,733",73.9352
,平和里,124,927,"1,559","2,610",29,"2,639",0,"2,639",744,"3,383",78.0077
,南和里,243,"2,001","2,742","4,986",50,"5,036",0,"5,036","2,063","7,099",70.9396
,永興里,306,"2,229","3,229","5,764",61,"5,825",0,"5,825","1,642","7,467",78.0099
,永和里,149,"1,253","1,833","3,235",34,"3,269",0,"3,269","1,007","4,276",76.4500
,樹義里,480,"3,119","4,819","8,418",92,"8,510",0,"8,510","2,457","10,967",77.5964
,工學里,262,"1,902","2,670","4,834",64,"4,898",0,"4,898","1,434","6,332",77.3531
,樹德里,377,"2,365","3,471","6,213",85,"6,298",0,"6,298","1,623","7,921",79.5102
,西川里,174,"1,229","1,744","3,147",29,"3,176",0,"3,176",916,"4,092",77.6149
,崇倫里,227,"1,502","2,327","4,056",43,"4,099",0,"4,099","1,111","5,210",78.6756
　西區,,"3,366","26,998","39,708","70,072",807,"70,879",0,"70,879","21,849","92,728",76.4375
,三民里,54,525,655,"1,234",15,"1,249",0,"1,249",908,"2,157",57.9045
,利民里,52,445,513,"1,010",10,"1,020",0,"1,020",334,"1,354",75.3323
,民生里,67,537,709,"1,313",12,"1,325",0,"1,325",391,"1,716",77.2145
,廣民里,43,394,590,"1,027",14,"1,041",0,"1,041",362,"1,403",74.1981
,平和里,67,582,727,"1,376",20,"1,396",0,"1,396",457,"1,853",75.3373
,東昇里,70,694,958,"1,722",28,"1,750",0,"1,750",492,"2,242",78.0553
,公民里,167,"1,359","2,035","3,561",34,"3,595",0,"3,595","1,074","4,669",76.9972
,藍興里,152,"1,093","1,701","2,946",37,"2,983",0,"2,983",823,"3,806",78.3762
,公?里,193,"1,595","2,412","4,200",47,"4,247",0,"4,247","1,307","5,554",76.4674
,安龍里,91,806,"1,217","2,114",25,"2,139",0,"2,139",640,"2,779",76.9701
,吉龍里,250,"1,873","2,567","4,690",61,"4,751",0,"4,751","1,556","6,307",75.3290
,土庫里,171,"1,570","2,433","4,174",50,"4,224",0,"4,224","1,251","5,475",77.1507
,大忠里,178,"1,305","1,879","3,362",33,"3,395",0,"3,395",850,"4,245",79.9764
,民龍里,115,"1,010","1,227","2,352",23,"2,375",0,"2,375",814,"3,189",74.4748
,和龍里,61,581,"1,003","1,645",22,"1,667",0,"1,667",611,"2,278",73.1782
,後龍里,95,972,"1,486","2,553",23,"2,576",0,"2,576",861,"3,437",74.9491
,?龍里,97,843,"1,067","2,007",26,"2,033",0,"2,033",615,"2,648",76.7749
,昇平里,214,"1,571","2,368","4,153",55,"4,208",0,"4,208","1,268","5,476",76.8444
,中興里,120,919,"1,639","2,678",28,"2,706",0,"2,706",777,"3,483",77.6916
,公益里,102,714,"1,328","2,144",22,"2,166",0,"2,166",547,"2,713",79.8378
,公德里,166,"1,199","1,770","3,135",29,"3,164",0,"3,164",940,"4,104",77.0955
,公正里,232,"1,769","2,742","4,743",45,"4,788",0,"4,788","1,190","5,978",80.0937
,公平里,173,"1,462","1,925","3,560",49,"3,609",0,"3,609","1,131","4,740",76.1392
,忠明里,210,"1,571","2,348","4,129",47,"4,176",0,"4,176","1,394","5,570",74.9731
,忠誠里,226,"1,609","2,409","4,244",52,"4,296",0,"4,296","1,256","5,552",77.3775
　北區,,"4,341","37,248","49,011","90,600","1,033","91,633",1,"91,634","30,469","122,103",75.0457
,中正里,41,342,624,"1,007",15,"1,022",0,"1,022",376,"1,398",73.1044
,六合里,67,359,723,"1,149",29,"1,178",0,"1,178",488,"1,666",70.7083
,光大里,67,534,823,"1,424",27,"1,451",0,"1,451",564,"2,015",72.0099
,文莊里,112,"1,303","1,107","2,522",26,"2,548",0,"2,548",743,"3,291",77.4233
,大湖里,70,499,937,"1,506",19,"1,525",0,"1,525",617,"2,142",71.1951
,五常里,54,324,603,981,7,988,0,988,361,"1,349",73.2394
,錦平里,47,479,727,"1,253",20,"1,273",0,"1,273",502,"1,775",71.7183
,新北里,72,488,658,"1,218",18,"1,236",0,"1,236",418,"1,654",74.7279
,新興里,56,482,536,"1,074",10,"1,084",0,"1,084",420,"1,504",72.0745
,樂英里,78,"1,261",551,"1,890",29,"1,919",0,"1,919",632,"2,551",75.2254
,錦村里,133,"1,032","1,203","2,368",25,"2,393",0,"2,393",677,"3,070",77.9479
,建成里,194,"1,589","2,234","4,017",45,"4,062",0,"4,062","1,376","5,438",74.6966
,建德里,112,"1,047","1,345","2,504",28,"2,532",0,"2,532",712,"3,244",78.0518
,錦洲里,122,"1,081","1,222","2,425",33,"2,458",0,"2,458",764,"3,222",76.2880
,錦祥里,143,"1,324","1,512","2,979",44,"3,023",0,"3,023","1,002","4,025",75.1056
,金華里,83,786,968,"1,837",17,"1,854",0,"1,854",558,"2,412",76.8657
,金龍里,154,"1,278","1,602","3,034",28,"3,062",0,"3,062","1,169","4,231",72.3706
,邱厝里,68,664,931,"1,663",16,"1,679",0,"1,679",542,"2,221",75.5966
,建興里,219,"1,614","2,339","4,172",42,"4,214",0,"4,214","1,277","5,491",76.7438
,頂厝里,155,"1,281","1,649","3,085",28,"3,113",0,"3,113",884,"3,997",77.8834
,崇德里,103,"1,009","1,421","2,533",29,"2,562",0,"2,562",853,"3,415",75.0220
,賴厝里,134,"1,340","1,501","2,975",31,"3,006",0,"3,006","1,957","4,963",60.5682
,賴福里,114,"1,203","1,578","2,895",39,"2,934",0,"2,934",767,"3,701",79.2759
,賴興里,144,"1,182","1,443","2,769",22,"2,791",0,"2,791",859,"3,650",76.4658
,賴旺里,163,"1,245","1,566","2,974",27,"3,001",0,"3,001","1,164","4,165",72.0528
,賴明里,129,"1,182","1,421","2,732",30,"2,762",0,"2,762",938,"3,700",74.6486
,梅川里,116,923,"1,346","2,385",20,"2,405",0,"2,405",673,"3,078",78.1352
,賴村里,137,"1,192","1,907","3,236",35,"3,271",0,"3,271","1,056","4,327",75.5951
,育德里,135,"1,086","1,472","2,693",30,"2,723",0,"2,723",805,"3,528",77.1825
,淡溝里,171,"1,419","2,097","3,687",44,"3,731",0,"3,731","1,161","4,892",76.2674
,健行里,218,"1,736","2,804","4,758",38,"4,796",1,"4,797","1,424","6,221",77.0937
,明德里,202,"1,542","2,144","3,888",41,"3,929",0,"3,929","1,177","5,106",76.9487
,明新里,78,830,"1,068","1,976",27,"2,003",0,"2,003",640,"2,643",75.7851
,長青里,208,"1,705","2,485","4,398",44,"4,442",0,"4,442","1,415","5,857",75.8409
,立人里,136,"1,185","1,377","2,698",39,"2,737",0,"2,737",908,"3,645",75.0892
,中達里,106,702,"1,087","1,895",31,"1,926",0,"1,926",590,"2,516",76.5501
　西屯區,,"6,950","54,982","74,475","136,407","1,729","138,136",4,"138,140","42,868","181,008",76.3149
,西安里,174,"1,323","2,119","3,616",52,"3,668",0,"3,668",987,"4,655",78.7970
,至善里,165,"1,317","1,742","3,224",37,"3,261",0,"3,261",938,"4,199",77.6613
,西平里,147,"1,665","1,735","3,547",51,"3,598",0,"3,598","1,211","4,809",74.8180
,西墩里,218,"1,454","2,407","4,079",45,"4,124",0,"4,124","1,316","5,440",75.8088
,潮洋里,207,"1,463","2,041","3,711",59,"3,770",0,"3,770","1,946","5,716",65.9552
,龍潭里,20,182,421,623,9,632,0,632,160,792,79.7980
,惠來里,494,"4,270","5,144","9,908",105,"10,013",0,"10,013","3,269","13,282",75.3877
,上石里,219,"1,424","1,922","3,565",54,"3,619",0,"3,619","1,143","4,762",75.9975
,上安里,208,"1,432","2,071","3,711",58,"3,769",1,"3,770","1,150","4,920",76.6057
,上德里,172,"1,287","1,631","3,090",41,"3,131",0,"3,131",898,"4,029",77.7116
,逢甲里,165,"1,248","1,680","3,093",36,"3,129",1,"3,130","1,016","4,146",75.4703
,逢福里,222,"1,670","2,133","4,025",59,"4,084",0,"4,084","1,122","5,206",78.4479
,鵬程里,84,"1,452",451,"1,987",28,"2,015",0,"2,015",660,"2,675",75.3271
,何厝里,100,822,"1,386","2,308",38,"2,346",0,"2,346",756,"3,102",75.6286
,何明里,123,"1,046","1,564","2,733",26,"2,759",0,"2,759",751,"3,510",78.6040
,何南里,134,"1,284","1,725","3,143",36,"3,179",0,"3,179",907,"4,086",77.8023
,何成里,281,"2,105","2,931","5,317",56,"5,373",0,"5,373","1,595","6,968",77.1096
,何安里,185,"1,412","2,129","3,726",46,"3,772",0,"3,772","1,207","4,979",75.7582
,何仁里,217,"1,661","2,682","4,560",51,"4,611",0,"4,611","1,415","6,026",76.5184
,何德里,139,"1,040","1,519","2,698",43,"2,741",0,"2,741",773,"3,514",78.0023
,何福里,175,"1,271","1,866","3,312",43,"3,355",0,"3,355",897,"4,252",78.9040
,何源里,265,"2,034","2,684","4,983",54,"5,037",0,"5,037","1,458","6,495",77.5520
,大河里,139,969,"1,766","2,874",34,"2,908",1,"2,909",760,"3,669",79.2587
,大石里,73,"1,207",359,"1,639",30,"1,669",0,"1,669",469,"2,138",78.0636
,大福里,125,"1,044","1,135","2,304",42,"2,346",1,"2,347",768,"3,115",75.3130
,大鵬里,167,"1,517","1,831","3,515",31,"3,546",0,"3,546","1,175","4,721",75.1112
,港尾里,167,"1,380","2,146","3,693",38,"3,731",0,"3,731","1,070","4,801",77.7130
,廣福里,78,509,"1,168","1,755",34,"1,789",0,"1,789",472,"2,261",79.1243
,林厝里,115,980,"1,404","2,499",32,"2,531",0,"2,531",749,"3,280",77.1646
,永安里,457,"3,593","4,895","8,945",104,"9,049",0,"9,049","3,005","12,054",75.0705
,福安里,124,854,"1,108","2,086",20,"2,106",0,"2,106",569,"2,675",78.7290
,福雅里,257,"1,650","2,282","4,189",51,"4,240",0,"4,240","1,216","5,456",77.7126
,福林里,298,"2,294","2,830","5,422",78,"5,500",0,"5,500","1,573","7,073",77.7605
,福瑞里,103,932,"1,032","2,067",22,"2,089",0,"2,089",757,"2,846",73.4013
,福聯里,109,866,"1,130","2,105",29,"2,134",0,"2,134",879,"3,013",70.8264
,福和里,151,996,"2,059","3,206",39,"3,245",0,"3,245",969,"4,214",77.0052
,福中里,118,859,"1,412","2,389",33,"2,422",0,"2,422",712,"3,134",77.2814
,福恩里,203,"1,385","1,924","3,512",42,"3,554",0,"3,554","1,043","4,597",77.3113
,協和里,152,"1,085","2,011","3,248",43,"3,291",0,"3,291","1,107","4,398",74.8295
　南屯區,,"5,261","39,433","57,752","102,446","1,231","103,677",2,"103,679","30,281","133,960",77.3940
,南屯里,306,"2,379","3,675","6,360",78,"6,438",0,"6,438","1,760","8,198",78.5313
,豐樂里,402,"3,183","4,827","8,412",112,"8,524",0,"8,524","2,230","10,754",79.2635
,楓樹里,188,"1,651","2,679","4,518",70,"4,588",0,"4,588","1,162","5,750",79.7913
,中和里,190,"1,114","1,993","3,297",46,"3,343",0,"3,343",928,"4,271",78.2721
,鎮平里,48,318,707,"1,073",14,"1,087",0,"1,087",288,"1,375",79.0545
,春社里,236,"1,833","2,326","4,395",52,"4,447",0,"4,447","1,827","6,274",70.8798
,春安里,25,255,263,543,9,552,0,552,227,779,70.8601
,文山里,408,"2,648","4,437","7,493",95,"7,588",0,"7,588","2,406","9,994",75.9256
,寶山里,228,"1,318","2,212","3,758",44,"3,802",0,"3,802","1,250","5,052",75.2573
,新生里,64,470,820,"1,354",17,"1,371",0,"1,371",432,"1,803",76.0399
,永定里,205,"1,211","2,284","3,700",35,"3,735",0,"3,735","1,044","4,779",78.1544
,三厝里,275,"1,899","2,758","4,932",63,"4,995",0,"4,995","1,363","6,358",78.5624
,三義里,265,"2,033","2,502","4,800",53,"4,853",0,"4,853","1,276","6,129",79.1809
,三和里,339,"2,636","3,145","6,120",71,"6,191",0,"6,191","1,687","7,878",78.5859
,黎明里,129,"1,599","1,483","3,211",29,"3,240",0,"3,240",889,"4,129",78.4694
,溝墘里,188,"1,584","2,251","4,023",47,"4,070",0,"4,070","1,031","5,101",79.7883
,大業里,228,"1,940","2,689","4,857",41,"4,898",0,"4,898","1,376","6,274",78.0682
,惠中里,296,"2,162","2,944","5,402",64,"5,466",0,"5,466","1,515","6,981",78.2982
,田心里,248,"1,663","2,734","4,645",52,"4,697",0,"4,697","1,275","5,972",78.6504
,向心里,174,"1,354","1,916","3,444",49,"3,493",0,"3,493","1,630","5,123",68.1827
,文心里,147,"1,081","1,537","2,765",45,"2,810",0,"2,810",817,"3,627",77.4745
,同心里,199,"1,552","2,034","3,785",44,"3,829",0,"3,829","1,192","5,021",76.2597
,大同里,170,"1,308","2,149","3,627",30,"3,657",1,"3,658","1,005","4,663",78.4259
,大興里,172,"1,192","1,901","3,265",50,"3,315",1,"3,316",924,"4,240",78.1840
,大誠里,131,"1,050","1,486","2,667",21,"2,688",0,"2,688",747,"3,435",78.2533
　北屯區,,"8,468","69,589","92,862","170,919","1,835","172,754",7,"172,761","53,414","226,175",76.3807
,三光里,266,"2,151","2,754","5,171",62,"5,233",0,"5,233","1,596","6,829",76.6291
,三和里,187,"1,796","2,263","4,246",51,"4,297",0,"4,297","1,268","5,565",77.2147
,大坑里,69,569,906,"1,544",25,"1,569",0,"1,569",495,"2,064",76.0174
,大德里,180,"1,696","1,816","3,692",42,"3,734",0,"3,734","1,058","4,792",77.9215
,仁和里,294,"2,408","3,198","5,900",59,"5,959",0,"5,959","2,858","8,817",67.5853
,仁美里,341,"2,418","3,455","6,214",66,"6,280",0,"6,280","1,819","8,099",77.5404
,仁愛里,58,335,390,783,11,794,0,794,255,"1,049",75.6911
,水景里,469,"3,761","5,749","9,979",113,"10,092",0,"10,092","2,878","12,970",77.8103
,水湳里,237,"2,047","2,589","4,873",47,"4,920",0,"4,920","1,548","6,468",76.0668
,北屯里,89,"1,080","1,346","2,515",18,"2,533",0,"2,533",793,"3,326",76.1575
,北京里,98,892,"1,341","2,331",21,"2,352",0,"2,352",723,"3,075",76.4878
,北興里,142,995,"1,278","2,415",30,"2,445",0,"2,445",735,"3,180",76.8868
,四民里,58,456,695,"1,209",18,"1,227",0,"1,227",294,"1,521",80.6706
,平心里,178,"1,441","1,843","3,462",19,"3,481",0,"3,481","1,125","4,606",75.5753
,平田里,204,"1,706","2,232","4,142",49,"4,191",0,"4,191","1,314","5,505",76.1308
,平安里,175,"1,527","2,090","3,792",45,"3,837",0,"3,837","1,197","5,034",76.2217
,平和里,180,"1,547","1,950","3,677",34,"3,711",0,"3,711","1,181","4,892",75.8585
,平昌里,124,"1,398","1,733","3,255",47,"3,302",0,"3,302","1,044","4,346",75.9779
,平陽里,186,"1,483","1,924","3,593",25,"3,618",0,"3,618","1,108","4,726",76.5552
,平順里,119,888,"1,346","2,353",24,"2,377",1,"2,378",731,"3,109",76.4555
,平福里,145,"1,218","1,378","2,741",24,"2,765",0,"2,765",787,"3,552",77.8435
,平德里,238,"1,835","2,450","4,523",50,"4,573",0,"4,573","1,452","6,025",75.9004
,平興里,262,"1,965","2,627","4,854",60,"4,914",0,"4,914","1,584","6,498",75.6233
,民政里,24,274,412,710,9,719,0,719,256,975,73.7436
,民德里,33,239,383,655,9,664,0,664,220,884,75.1131
,同榮里,223,"1,648","2,110","3,981",40,"4,021",1,"4,022","1,083","5,105",78.7659
,后庄里,362,"3,367","3,611","7,340",84,"7,424",0,"7,424","2,130","9,554",77.7057
,和平里,397,"2,950","4,535","7,882",88,"7,970",3,"7,973","2,478","10,451",76.2606
,忠平里,136,"1,408","1,399","2,943",30,"2,973",0,"2,973",818,"3,791",78.4226
,東山里,77,504,968,"1,549",19,"1,568",0,"1,568",430,"1,998",78.4785
,東光里,158,"1,259","1,895","3,312",29,"3,341",0,"3,341","1,100","4,441",75.2308
,松安里,163,"1,380","2,028","3,571",34,"3,605",0,"3,605","1,101","4,706",76.6043
,松竹里,282,"2,655","3,277","6,214",68,"6,282",0,"6,282","1,805","8,087",77.6802
,松和里,226,"1,844","2,443","4,513",48,"4,561",0,"4,561","1,653","6,214",73.3988
,松勇里,184,"1,587","2,112","3,883",54,"3,937",0,"3,937","1,112","5,049",77.9758
,松茂里,191,"1,715","1,902","3,808",40,"3,848",0,"3,848","1,289","5,137",74.9075
,松強里,231,"1,926","2,642","4,799",55,"4,854",0,"4,854","1,486","6,340",76.5615
,軍功里,459,"3,348","5,315","9,122",106,"9,228",0,"9,228","2,535","11,763",78.4494
,陳平里,183,"1,409","1,789","3,381",33,"3,414",0,"3,414","1,044","4,458",76.5814
,新平里,155,"1,384","1,422","2,961",30,"2,991",0,"2,991","1,104","4,095",73.0403
,?子里,466,"3,327","4,888","8,681",85,"8,766",2,"8,768","2,554","11,322",77.4245
,舊社里,219,"1,753","2,378","4,350",34,"4,384",0,"4,384","1,373","5,757",76.1508
　豐原區,,"4,940","36,221","61,642","102,803","1,216","104,019",2,"104,021","29,243","133,264",78.0548
,豐原里,71,757,884,"1,712",19,"1,731",0,"1,731",538,"2,269",76.2891
,豐榮里,40,280,506,826,11,837,0,837,257,"1,094",76.5082
,頂街里,30,231,457,718,5,723,0,723,207,930,77.7419
,中山里,28,222,402,652,7,659,0,659,149,808,81.5594
,下街里,38,205,313,556,2,558,0,558,167,725,76.9655
,中陽里,178,"1,412","2,257","3,847",43,"3,890",0,"3,890",959,"4,849",80.2227
,大湳里,99,645,"1,091","1,835",23,"1,858",0,"1,858",577,"2,435",76.3039
,北湳里,105,853,"1,229","2,187",27,"2,214",0,"2,214",644,"2,858",77.4668
,東湳里,149,932,"1,966","3,047",31,"3,078",0,"3,078",803,"3,881",79.3095
,西湳里,325,"2,189","4,243","6,757",77,"6,834",0,"6,834","1,795","8,629",79.1981
,豐西里,82,446,690,"1,218",6,"1,224",0,"1,224",370,"1,594",76.7880
,圳寮里,48,325,628,"1,001",8,"1,009",0,"1,009",211,"1,220",82.7049
,豐圳里,143,986,"1,465","2,594",37,"2,631",0,"2,631",634,"3,265",80.5819
,富春里,23,199,361,583,4,587,0,587,126,713,82.3282
,葫蘆里,26,147,302,475,6,481,0,481,128,609,78.9819
,西安里,172,"1,326","2,255","3,753",38,"3,791",0,"3,791",990,"4,781",79.2930
,西勢里,62,661,966,"1,689",22,"1,711",0,"1,711",407,"2,118",80.7838
,中興里,105,916,"1,196","2,217",34,"2,251",0,"2,251",603,"2,854",78.8718
,社皮里,341,"2,597","4,304","7,242",84,"7,326",0,"7,326","2,288","9,614",76.2014
,三村里,233,"1,684","2,778","4,695",58,"4,753",1,"4,754","1,297","6,051",78.5490
,東勢里,34,398,678,"1,110",18,"1,128",0,"1,128",306,"1,434",78.6611
,民生里,39,309,545,893,11,904,0,904,229,"1,133",79.7882
,田心里,221,"1,535","2,629","4,385",41,"4,426",0,"4,426","1,778","6,204",71.3411
,豐田里,352,"2,633","4,671","7,656",84,"7,740",0,"7,740","2,158","9,898",78.1976
,鎌村里,163,"1,258","2,095","3,516",42,"3,558",0,"3,558",910,"4,468",79.6329
,陽明里,99,758,"1,129","1,986",25,"2,011",0,"2,011",546,"2,557",78.6469
,南陽里,409,"2,920","4,553","7,882",80,"7,962",0,"7,962","2,282","10,244",77.7235
,北陽里,445,"3,558","5,693","9,696",139,"9,835",0,"9,835","2,803","12,638",77.8209
,東陽里,55,383,776,"1,214",9,"1,223",0,"1,223",297,"1,520",80.4605
,南村里,187,"1,307","2,467","3,961",52,"4,013",0,"4,013","1,152","5,165",77.6960
,南田里,117,755,"1,541","2,413",24,"2,437",0,"2,437",707,"3,144",77.5127
,南嵩里,122,797,"1,616","2,535",38,"2,573",0,"2,573",689,"3,262",78.8780
,翁明里,89,553,940,"1,582",27,"1,609",0,"1,609",498,"2,107",76.3645
,翁子里,109,785,"1,358","2,252",31,"2,283",1,"2,284",655,"2,939",77.6795
,翁社里,71,536,"1,000","1,607",21,"1,628",0,"1,628",395,"2,023",80.4745
,朴子里,130,723,"1,658","2,511",32,"2,543",0,"2,543",688,"3,231",78.7063
　東勢區,,"1,337","14,329","15,345","31,011",447,"31,458",1,"31,459","10,311","41,770",75.3124
,慶福里,39,345,475,859,16,875,0,875,388,"1,263",69.2795
,慶東里,42,526,743,"1,311",28,"1,339",0,"1,339",451,"1,790",74.8045
,上城里,33,311,390,734,11,745,0,745,210,955,78.0105
,下城里,21,234,381,636,11,647,0,647,188,835,77.4850
,詒福里,46,514,620,"1,180",15,"1,195",0,"1,195",374,"1,569",76.1632
,新盛里,176,"1,515","1,829","3,520",53,"3,573",0,"3,573","1,163","4,736",75.4434
,福隆里,119,"1,293","1,288","2,700",32,"2,732",0,"2,732",888,"3,620",75.4696
,隆興里,42,503,482,"1,027",11,"1,038",0,"1,038",389,"1,427",72.7400
,中嵙里,56,616,639,"1,311",13,"1,324",0,"1,324",472,"1,796",73.7194
,泰昌里,101,"1,319","1,075","2,495",45,"2,540",0,"2,540",816,"3,356",75.6853
,上新里,38,383,316,737,11,748,0,748,201,949,78.8198
,廣興里,40,555,461,"1,056",14,"1,070",0,"1,070",295,"1,365",78.3883
,延平里,70,751,787,"1,608",21,"1,629",0,"1,629",506,"2,135",76.2998
,南平里,65,766,538,"1,369",13,"1,382",0,"1,382",392,"1,774",77.9030
,東安里,32,376,339,747,9,756,0,756,224,980,77.1429
,中寧里,36,307,270,613,13,626,0,626,204,830,75.4217
,北興里,44,509,421,974,12,986,0,986,329,"1,315",74.9810
,粵寧里,63,659,762,"1,484",18,"1,502",0,"1,502",480,"1,982",75.7820
,下新里,50,488,665,"1,203",22,"1,225",1,"1,226",399,"1,625",75.3846
,東新里,65,722,653,"1,440",14,"1,454",0,"1,454",446,"1,900",76.5263
,興隆里,38,296,523,857,17,874,0,874,290,"1,164",75.0859
,茂興里,58,551,624,"1,233",21,"1,254",0,"1,254",509,"1,763",71.1288
,泰興里,23,206,252,481,12,493,0,493,190,683,72.1816
,埤頭里,13,180,312,505,5,510,0,510,133,643,79.3157
,明正里,27,404,500,931,10,941,0,941,374,"1,315",71.5589
　大甲區,,"2,179","16,136","26,632","44,947",601,"45,548",0,"45,548","15,292","60,840",74.8652
,朝陽里,38,351,597,986,7,993,0,993,318,"1,311",75.7437
,大甲里,42,255,451,748,18,766,0,766,230,996,76.9076
,順天里,54,406,676,"1,136",12,"1,148",0,"1,148",360,"1,508",76.1273
,孔門里,9,221,277,507,7,514,0,514,238,752,68.3511
,平安里,76,535,912,"1,523",23,"1,546",0,"1,546",451,"1,997",77.4161
,庄美里,95,501,910,"1,506",20,"1,526",0,"1,526",490,"2,016",75.6944
,新美里,109,953,"1,447","2,509",28,"2,537",0,"2,537",769,"3,306",76.7393
,岷山里,87,602,812,"1,501",29,"1,530",0,"1,530",485,"2,015",75.9305
,中山里,171,"1,345","1,676","3,192",48,"3,240",0,"3,240","1,066","4,306",75.2438
,南陽里,26,244,324,594,8,602,0,602,189,791,76.1062
,薰風里,30,240,354,624,8,632,0,632,196,828,76.3285
,義和里,113,829,"1,301","2,243",25,"2,268",0,"2,268",806,"3,074",73.7801
,武陵里,35,357,469,861,11,872,0,872,273,"1,145",76.1572
,文曲里,29,232,502,763,7,770,0,770,290,"1,060",72.6415
,武曲里,60,496,739,"1,295",22,"1,317",0,"1,317",393,"1,710",77.0175
,文武里,194,"1,385","2,228","3,807",52,"3,859",0,"3,859","1,207","5,066",76.1745
,奉化里,68,546,831,"1,445",23,"1,468",0,"1,468",458,"1,926",76.2201
,德化里,48,370,828,"1,246",15,"1,261",0,"1,261",433,"1,694",74.4392
,江南里,63,320,582,965,17,982,0,982,330,"1,312",74.8476
,頂店里,157,"1,149","1,889","3,195",30,"3,225",0,"3,225","1,053","4,278",75.3857
,太白里,40,278,555,873,9,882,0,882,325,"1,207",73.0737
,孟春里,136,878,"1,747","2,761",32,"2,793",0,"2,793","1,035","3,828",72.9624
,幸福里,80,538,"1,157","1,775",21,"1,796",0,"1,796",692,"2,488",72.1865
,日南里,213,"1,279","2,280","3,772",62,"3,834",0,"3,834","1,448","5,282",72.5861
,龍泉里,41,401,641,"1,083",11,"1,094",0,"1,094",377,"1,471",74.3712
,西岐里,71,462,709,"1,242",14,"1,256",0,"1,256",383,"1,639",76.6321
,銅安里,38,339,582,959,11,970,0,970,358,"1,328",73.0422
,福德里,26,300,455,781,16,797,0,797,282,"1,079",73.8647
,建興里,30,324,701,"1,055",15,"1,070",0,"1,070",357,"1,427",74.9825
　清水區,,"2,497","17,746","31,871","52,114",704,"52,818",0,"52,818","17,647","70,465",74.9564
,鰲峰里,32,292,470,794,11,805,0,805,247,"1,052",76.5209
,靈泉里,28,267,435,730,13,743,0,743,183,926,80.2376
,清水里,78,507,910,"1,495",19,"1,514",0,"1,514",465,"1,979",76.5033
,文昌里,24,187,303,514,10,524,0,524,142,666,78.6787
,南寧里,64,455,818,"1,337",12,"1,349",0,"1,349",402,"1,751",77.0417
,西寧里,56,371,751,"1,178",10,"1,188",0,"1,188",327,"1,515",78.4158
,北寧里,22,209,317,548,8,556,0,556,122,678,82.0059
,中興里,27,92,181,300,5,305,0,305,79,384,79.4271
,西社里,65,499,"1,048","1,612",19,"1,631",0,"1,631",495,"2,126",76.7168
,南社里,377,"2,335","4,178","6,890",81,"6,971",0,"6,971","2,124","9,095",76.6465
,裕嘉里,59,303,714,"1,076",18,"1,094",0,"1,094",371,"1,465",74.6758
,臨江里,48,417,612,"1,077",17,"1,094",0,"1,094",378,"1,472",74.3207
,秀水里,155,"1,130","1,834","3,119",37,"3,156",0,"3,156","1,054","4,210",74.9644
,武鹿里,93,773,"1,500","2,366",28,"2,394",0,"2,394",862,"3,256",73.5258
,海濱里,69,499,905,"1,473",15,"1,488",0,"1,488",504,"1,992",74.6988
,?榔里,180,"1,241","2,642","4,063",58,"4,121",0,"4,121","1,498","5,619",73.3405
,中社里,110,"1,127",815,"2,052",23,"2,075",0,"2,075",643,"2,718",76.3429
,高西里,50,354,450,854,19,873,0,873,397,"1,270",68.7402
,高南里,40,325,574,939,13,952,0,952,369,"1,321",72.0666
,高東里,43,253,560,856,16,872,0,872,350,"1,222",71.3584
,高北里,40,294,434,768,19,787,0,787,350,"1,137",69.2172
,高美里,33,360,496,889,16,905,0,905,364,"1,269",71.3160
,國姓里,56,406,949,"1,411",20,"1,431",0,"1,431",642,"2,073",69.0304
,菁埔里,85,513,"1,029","1,627",13,"1,640",0,"1,640",562,"2,202",74.4777
,頂湳里,60,387,785,"1,232",15,"1,247",0,"1,247",452,"1,699",73.3961
,田寮里,67,503,"1,183","1,753",19,"1,772",0,"1,772",666,"2,438",72.6825
,橋頭里,264,"1,662","3,445","5,371",67,"5,438",0,"5,438","1,753","7,191",75.6223
,下湳里,82,683,"1,265","2,030",36,"2,066",0,"2,066",629,"2,695",76.6605
,東山里,40,341,500,881,16,897,0,897,269,"1,166",76.9297
,吳厝里,59,355,655,"1,069",27,"1,096",0,"1,096",320,"1,416",77.4011
,楊厝里,41,273,523,837,10,847,0,847,279,"1,126",75.2220
,海風里,50,333,590,973,14,987,0,987,349,"1,336",73.8772
　沙鹿區,,"3,176","20,587","32,197","55,960",698,"56,658",0,"56,658","16,441","73,099",77.5086
,居仁里,68,367,580,"1,015",9,"1,024",0,"1,024",333,"1,357",75.4606
,洛泉里,81,590,890,"1,561",17,"1,578",0,"1,578",374,"1,952",80.8402
,沙鹿里,30,225,474,729,9,738,0,738,180,918,80.3922
,美仁里,21,173,187,381,2,383,0,383,103,486,78.8066
,興仁里,101,673,"1,104","1,878",15,"1,893",0,"1,893",510,"2,403",78.7765
,興安里,154,869,"1,519","2,542",30,"2,572",0,"2,572",694,"3,266",78.7508
,斗抵里,177,"1,172","1,939","3,288",33,"3,321",0,"3,321",906,"4,227",78.5664
,鹿峰里,161,"1,244","2,391","3,796",45,"3,841",0,"3,841","1,100","4,941",77.7373
,鹿寮里,264,"1,569","3,311","5,144",59,"5,203",0,"5,203","1,399","6,602",78.8095
,竹林里,291,"2,028","3,096","5,415",62,"5,477",0,"5,477","1,688","7,165",76.4410
,犁分里,39,264,517,820,14,834,0,834,245,"1,079",77.2938
,福興里,157,"1,073","1,465","2,695",39,"2,734",0,"2,734",847,"3,581",76.3474
,北勢里,193,"1,233","1,991","3,417",45,"3,462",0,"3,462","1,208","4,670",74.1328
,晉江里,75,429,802,"1,306",14,"1,320",0,"1,320",337,"1,657",79.6620
,六路里,247,"1,341","2,242","3,830",58,"3,888",0,"3,888","1,107","4,995",77.8378
,南勢里,193,849,"1,407","2,449",33,"2,482",0,"2,482",741,"3,223",77.0090
,埔子里,244,"1,648","2,239","4,131",60,"4,191",0,"4,191","1,113","5,304",79.0158
,三鹿里,351,"1,935","2,811","5,097",84,"5,181",0,"5,181","1,543","6,724",77.0523
,公明里,174,"1,451","1,543","3,168",36,"3,204",0,"3,204","1,031","4,235",75.6553
,清泉里,82,780,860,"1,722",20,"1,742",0,"1,742",519,"2,261",77.0456
,西勢里,73,674,829,"1,576",14,"1,590",0,"1,590",463,"2,053",77.4476
　梧棲區,,"1,723","11,715","20,702","34,140",467,"34,607",0,"34,607","11,711","46,318",74.7161
,頂寮里,124,939,"1,490","2,553",46,"2,599",0,"2,599",869,"3,468",74.9423
,下寮里,67,502,873,"1,442",16,"1,458",0,"1,458",461,"1,919",75.9771
,中正里,138,"1,047","1,530","2,715",48,"2,763",0,"2,763","1,029","3,792",72.8639
,中和里,11,137,222,370,6,376,0,376,105,481,78.1705
,文化里,65,301,462,828,7,835,0,835,289,"1,124",74.2883
,安仁里,12,221,355,588,8,596,0,596,207,803,74.2217
,草湳里,217,"1,539","2,625","4,381",69,"4,450",0,"4,450","1,556","6,006",74.0926
,南簡里,177,"1,096","2,361","3,634",43,"3,677",0,"3,677","1,221","4,898",75.0715
,福德里,138,"1,070","2,068","3,276",38,"3,314",0,"3,314","1,205","4,519",73.3348
,大庄里,299,"1,820","3,131","5,250",56,"5,306",0,"5,306","1,772","7,078",74.9647
,大村里,233,"1,350","2,409","3,992",58,"4,050",0,"4,050","1,352","5,402",74.9722
,興農里,91,569,"1,026","1,686",26,"1,712",0,"1,712",543,"2,255",75.9202
,永寧里,71,515,"1,014","1,600",27,"1,627",0,"1,627",530,"2,157",75.4288
,永安里,80,609,"1,136","1,825",19,"1,844",0,"1,844",572,"2,416",76.3245
　后里區,,"1,716","12,882","19,004","33,602",473,"34,075",0,"34,075","9,716","43,791",77.8128
,廣福里,71,751,641,"1,463",33,"1,496",0,"1,496",499,"1,995",74.9875
,仁里里,42,298,416,756,11,767,0,767,269,"1,036",74.0347
,義里里,115,"1,047","1,164","2,326",26,"2,352",0,"2,352",683,"3,035",77.4959
,義德里,104,891,958,"1,953",30,"1,983",0,"1,983",582,"2,565",77.3099
,后里里,152,"1,108","1,568","2,828",40,"2,868",0,"2,868",720,"3,588",79.9331
,厚里里,84,641,904,"1,629",27,"1,656",0,"1,656",392,"2,048",80.8594
,墩東里,194,"1,379","2,004","3,577",43,"3,620",0,"3,620",995,"4,615",78.4399
,墩西里,75,475,849,"1,399",15,"1,414",0,"1,414",484,"1,898",74.4995
,墩南里,123,903,"1,540","2,566",33,"2,599",0,"2,599",680,"3,279",79.2620
,墩北里,127,954,"1,528","2,609",39,"2,648",0,"2,648",732,"3,380",78.3432
,中和里,83,633,"1,125","1,841",22,"1,863",0,"1,863",498,"2,361",78.9072
,舊社里,88,517,989,"1,594",22,"1,616",0,"1,616",458,"2,074",77.9171
,聯合里,56,432,681,"1,169",17,"1,186",0,"1,186",338,"1,524",77.8215
,太平里,93,574,871,"1,538",30,"1,568",0,"1,568",499,"2,067",75.8587
,眉山里,127,920,"1,293","2,340",27,"2,367",0,"2,367",658,"3,025",78.2479
,月眉里,66,479,887,"1,432",16,"1,448",0,"1,448",414,"1,862",77.7658
,公館里,73,558,940,"1,571",24,"1,595",0,"1,595",495,"2,090",76.3158
,泰安里,43,322,646,"1,011",18,"1,029",0,"1,029",320,"1,349",76.2787
　神岡區,,"1,930","13,290","25,843","41,063",500,"41,563",0,"41,563","11,700","53,263",78.0335
,神岡里,99,861,"1,398","2,358",27,"2,385",0,"2,385",710,"3,095",77.0598
,庄前里,92,588,"1,045","1,725",15,"1,740",0,"1,740",457,"2,197",79.1989
,北庄里,92,678,"1,191","1,961",22,"1,983",0,"1,983",525,"2,508",79.0670
,庄後里,80,498,"1,136","1,714",27,"1,741",0,"1,741",415,"2,156",80.7514
,圳前里,86,690,985,"1,761",30,"1,791",0,"1,791",495,"2,286",78.3465
,圳堵里,71,610,880,"1,561",20,"1,581",0,"1,581",464,"2,045",77.3105
,新庄里,118,984,"1,848","2,950",56,"3,006",0,"3,006",998,"4,004",75.0749
,山皮里,41,222,522,785,9,794,0,794,209,"1,003",79.1625
,社口里,267,"1,691","3,488","5,446",59,"5,505",0,"5,505","1,619","7,124",77.2740
,社南里,183,"1,157","2,662","4,002",39,"4,041",0,"4,041","1,079","5,120",78.9258
,三角里,93,599,"1,268","1,960",17,"1,977",0,"1,977",513,"2,490",79.3976
,大社里,143,"1,152","1,930","3,225",36,"3,261",0,"3,261",994,"4,255",76.6392
,岸裡里,82,674,"1,434","2,190",22,"2,212",0,"2,212",587,"2,799",79.0282
,豐洲里,281,"1,703","3,366","5,350",64,"5,414",0,"5,414","1,593","7,007",77.2656
,神洲里,92,527,"1,307","1,926",24,"1,950",0,"1,950",519,"2,469",78.9793
,溪洲里,110,656,"1,383","2,149",33,"2,182",0,"2,182",523,"2,705",80.6654
　潭子區,,"3,424","24,947","38,953","67,324",792,"68,116",1,"68,117","19,535","87,652",77.7119
,潭秀里,43,288,647,978,14,992,0,992,267,"1,259",78.7927
,潭北里,78,736,913,"1,727",35,"1,762",0,"1,762",501,"2,263",77.8612
,潭陽里,444,"2,964","4,707","8,115",87,"8,202",0,"8,202","2,455","10,657",76.9635
,福仁里,407,"3,042","4,199","7,648",86,"7,734",0,"7,734","2,324","10,058",76.8940
,頭家里,213,"1,518","2,230","3,961",57,"4,018",0,"4,018","1,111","5,129",78.3389
,頭家東里,159,"1,304","1,721","3,184",44,"3,228",0,"3,228","1,009","4,237",76.1860
,家興里,290,"1,990","2,721","5,001",58,"5,059",0,"5,059","1,556","6,615",76.4777
,家福里,196,"1,303","1,979","3,478",34,"3,512",0,"3,512",885,"4,397",79.8726
,甘蔗里,346,"2,719","3,962","7,027",60,"7,087",0,"7,087","1,994","9,081",78.0421
,東寶里,436,"3,228","5,388","9,052",98,"9,150",1,"9,151","2,516","11,667",78.4263
,大富里,106,681,"1,330","2,117",41,"2,158",0,"2,158",547,"2,705",79.7782
,大豐里,242,"1,512","2,762","4,516",52,"4,568",0,"4,568","1,133","5,701",80.1263
,栗林里,156,"1,159","2,181","3,496",35,"3,531",0,"3,531",949,"4,480",78.8170
,嘉仁里,119,"1,047","1,847","3,013",34,"3,047",0,"3,047",802,"3,849",79.1634
,新田里,53,358,726,"1,137",15,"1,152",0,"1,152",334,"1,486",77.5236
,聚興里,136,"1,098","1,640","2,874",42,"2,916",0,"2,916","1,152","4,068",71.6814
　大雅區,,"2,881","21,934","32,792","57,607",733,"58,340",5,"58,345","16,881","75,226",77.5530
,上雅里,247,"1,582","2,530","4,359",54,"4,413",0,"4,413","1,437","5,850",75.4359
,大雅里,168,"1,260","1,914","3,342",50,"3,392",0,"3,392",867,"4,259",79.6431
,文雅里,186,"1,761","2,444","4,391",45,"4,436",0,"4,436","1,320","5,756",77.0674
,三和里,185,"1,394","2,340","3,919",45,"3,964",0,"3,964","1,041","5,005",79.2008
,二和里,215,"1,649","2,519","4,383",60,"4,443",0,"4,443","1,297","5,740",77.4042
,四德里,189,"1,289","1,953","3,431",39,"3,470",0,"3,470",928,"4,398",78.8995
,西寶里,154,"1,174","2,107","3,435",38,"3,473",0,"3,473","1,097","4,570",75.9956
,上楓里,228,"1,551","2,705","4,484",56,"4,540",0,"4,540","1,300","5,840",77.7397
,大楓里,184,"1,269","2,117","3,570",42,"3,612",0,"3,612","1,128","4,740",76.2025
,雅楓里,150,"1,041","1,398","2,589",54,"2,643",0,"2,643",843,"3,486",75.8176
,員林里,350,"2,414","4,151","6,915",89,"7,004",0,"7,004","1,817","8,821",79.4014
,六寶里,224,"1,931","2,305","4,460",57,"4,517",0,"4,517","1,411","5,928",76.1977
,秀山里,131,876,"1,557","2,564",30,"2,594",0,"2,594",584,"3,178",81.6237
,橫山里,157,"1,113","1,960","3,230",33,"3,263",5,"3,268",882,"4,150",78.6265
,忠義里,113,"1,630",792,"2,535",41,"2,576",0,"2,576",929,"3,505",73.4950
　新社區,,668,"6,290","8,231","15,189",218,"15,407",0,"15,407","4,775","20,182",76.3403
,新社里,118,"1,050","1,265","2,433",21,"2,454",0,"2,454",709,"3,163",77.5846
,復盛里,77,561,664,"1,302",15,"1,317",0,"1,317",480,"1,797",73.2888
,中正里,52,399,566,"1,017",17,"1,034",0,"1,034",284,"1,318",78.4522
,月湖里,30,270,438,738,12,750,0,750,225,975,76.9231
,崑山里,35,239,589,863,14,877,0,877,253,"1,130",77.6106
,大南里,62,585,678,"1,325",26,"1,351",0,"1,351",460,"1,811",74.5997
,永源里,81,744,"1,376","2,201",29,"2,230",0,"2,230",633,"2,863",77.8903
,中興里,12,307,141,460,2,462,0,462,102,564,81.9149
,協成里,96,784,"1,244","2,124",34,"2,158",0,"2,158",646,"2,804",76.9615
,東興里,24,427,427,878,16,894,0,894,294,"1,188",75.2525
,慶西里,25,245,347,617,13,630,0,630,236,866,72.7483
,中和里,24,287,123,434,8,442,0,442,131,573,77.1379
,福興里,32,392,373,797,11,808,0,808,322,"1,130",71.5044
　石岡區,,444,"4,052","4,938","9,434",146,"9,580",0,"9,580","2,861","12,441",77.0035
,石岡里,37,379,499,915,12,927,0,927,268,"1,195",77.5732
,萬安里,67,474,641,"1,182",19,"1,201",0,"1,201",290,"1,491",80.5500
,九房里,33,370,467,870,10,880,0,880,275,"1,155",76.1905
,金星里,47,353,489,889,14,903,0,903,324,"1,227",73.5941
,龍興里,25,203,264,492,6,498,0,498,140,638,78.0564
,萬興里,51,430,590,"1,071",29,"1,100",0,"1,100",311,"1,411",77.9589
,梅子里,66,566,706,"1,338",26,"1,364",0,"1,364",392,"1,756",77.6765
,土牛里,33,347,352,732,11,743,0,743,241,984,75.5081
,德興里,48,497,486,"1,031",10,"1,041",0,"1,041",341,"1,382",75.3256
,和盛里,37,433,444,914,9,923,0,923,279,"1,202",76.7887
　外埔區,,961,"7,955","10,530","19,446",244,"19,690",1,"19,691","6,694","26,385",74.6257
,永豐里,43,319,386,748,9,757,0,757,282,"1,039",72.8585
,六分里,83,721,792,"1,596",16,"1,612",1,"1,613",500,"2,113",76.2896
,大同里,170,"1,425","1,799","3,394",46,"3,440",0,"3,440","1,092","4,532",75.9047
,大東里,229,"1,858","2,425","4,512",65,"4,577",0,"4,577","1,627","6,204",73.7750
,三崁里,71,515,725,"1,311",18,"1,329",0,"1,329",493,"1,822",72.9418
,水美里,102,"1,041","1,373","2,516",23,"2,539",0,"2,539",810,"3,349",75.8137
,鐵山里,92,588,812,"1,492",18,"1,510",0,"1,510",566,"2,076",72.7360
,中山里,45,382,459,886,16,902,0,902,267,"1,169",77.1600
,馬鳴里,57,379,523,959,14,973,0,973,373,"1,346",72.2883
,土城里,31,437,748,"1,216",9,"1,225",0,"1,225",362,"1,587",77.1897
,?子里,38,290,488,816,10,826,0,826,322,"1,148",71.9512
　大安區,,498,"4,237","6,885","11,620",146,"11,766",0,"11,766","4,238","16,004",73.5191
,南埔里,21,228,497,746,10,756,0,756,255,"1,011",74.7774
,南庄里,22,257,470,749,11,760,0,760,249,"1,009",75.3221
,中庄里,94,663,"1,085","1,842",17,"1,859",0,"1,859",728,"2,587",71.8593
,東安里,33,346,522,901,10,911,0,911,286,"1,197",76.1069
,福興里,41,266,521,828,8,836,0,836,287,"1,123",74.4435
,龜?里,40,414,635,"1,089",13,"1,102",0,"1,102",404,"1,506",73.1740
,頂安里,28,216,381,625,9,634,0,634,239,873,72.6231
,永安里,70,466,691,"1,227",15,"1,242",0,"1,242",453,"1,695",73.2743
,福住里,33,268,410,711,8,719,0,719,291,"1,010",71.1881
,海墘里,36,441,512,989,12,"1,001",0,"1,001",393,"1,394",71.8077
,西安里,47,450,713,"1,210",27,"1,237",0,"1,237",457,"1,694",73.0224
,松雅里,33,222,448,703,6,709,0,709,196,905,78.3425
　烏日區,,"2,378","17,101","26,838","46,317",571,"46,888",1,"46,889","13,509","60,398",77.6317
,烏日里,303,"2,308","3,820","6,431",91,"6,522",0,"6,522","1,822","8,344",78.1640
,湖日里,92,646,"1,108","1,846",18,"1,864",0,"1,864",608,"2,472",75.4045
,三和里,166,"1,473","1,910","3,549",47,"3,596",0,"3,596","1,209","4,805",74.8387
,榮泉里,223,"1,558","2,054","3,835",38,"3,873",0,"3,873","1,189","5,062",76.5113
,學田里,101,773,"1,050","1,924",19,"1,943",0,"1,943",627,"2,570",75.6031
,九德里,478,"3,460","5,642","9,580",127,"9,707",0,"9,707","2,753","12,460",77.9053
,仁德里,243,"2,129","3,189","5,561",56,"5,617",0,"5,617","1,664","7,281",77.1460
,前竹里,60,407,840,"1,307",12,"1,319",0,"1,319",299,"1,618",81.5204
,五光里,60,434,740,"1,234",22,"1,256",1,"1,257",375,"1,632",76.9608
,光明里,96,504,963,"1,563",22,"1,585",0,"1,585",489,"2,074",76.4224
,東園里,92,550,980,"1,622",23,"1,645",0,"1,645",420,"2,065",79.6610
,溪埧里,196,"1,226","1,941","3,363",35,"3,398",0,"3,398",838,"4,236",80.2172
,螺潭里,100,551,986,"1,637",26,"1,663",0,"1,663",382,"2,045",81.3203
,北里里,60,417,766,"1,243",13,"1,256",0,"1,256",346,"1,602",78.4020
,南里里,64,405,546,"1,015",11,"1,026",0,"1,026",293,"1,319",77.7862
,溪尾里,44,260,303,607,11,618,0,618,195,813,76.0148
　大肚區,,"1,842","13,345","19,932","35,119",466,"35,585",1,"35,586","10,616","46,202",77.0205
,王田里,165,"1,100","1,877","3,142",48,"3,190",0,"3,190",984,"4,174",76.4255
,中和里,46,227,395,668,7,675,0,675,163,838,80.5489
,福山里,129,"1,014","1,493","2,636",24,"2,660",0,"2,660",777,"3,437",77.3931
,營埔里,48,393,641,"1,082",23,"1,105",0,"1,105",325,"1,430",77.2727
,社腳里,93,773,"1,003","1,869",30,"1,899",0,"1,899",474,"2,373",80.0253
,新興里,99,822,987,"1,908",14,"1,922",0,"1,922",605,"2,527",76.0586
,大東里,129,885,"1,267","2,281",27,"2,308",0,"2,308",646,"2,954",78.1313
,大肚里,101,688,897,"1,686",23,"1,709",0,"1,709",371,"2,080",82.1635
,永和里,29,246,353,628,15,643,0,643,173,816,78.7990
,磺溪里,72,468,668,"1,208",22,"1,230",0,"1,230",377,"1,607",76.5401
,永順里,57,460,784,"1,301",9,"1,310",0,"1,310",354,"1,664",78.7260
,成功里,49,295,371,715,16,731,0,731,198,929,78.6868
,山陽里,41,353,590,984,19,"1,003",0,"1,003",290,"1,293",77.5715
,頂街里,311,"2,060","2,965","5,336",65,"5,401",0,"5,401","1,706","7,107",75.9955
,瑞井里,172,"1,329","2,196","3,697",46,"3,743",1,"3,744","1,197","4,941",75.7539
,蔗?里,161,"1,161","2,095","3,417",44,"3,461",0,"3,461","1,170","4,631",74.7355
,自強里,140,"1,071","1,350","2,561",34,"2,595",0,"2,595",806,"3,401",76.3011
　龍井區,,"2,487","16,827","27,181","46,495",719,"47,214",0,"47,214","14,886","62,100",76.0290
,竹坑里,154,748,"1,272","2,174",37,"2,211",0,"2,211",722,"2,933",75.3836
,龍東里,119,751,"1,131","2,001",35,"2,036",0,"2,036",682,"2,718",74.9080
,龍西里,75,530,776,"1,381",16,"1,397",0,"1,397",411,"1,808",77.2677
,田中里,108,896,"1,594","2,598",44,"2,642",0,"2,642",722,"3,364",78.5375
,福田里,40,309,384,733,7,740,0,740,285,"1,025",72.1951
,麗水里,89,618,912,"1,619",33,"1,652",0,"1,652",529,"2,181",75.7451
,龍津里,177,"1,137","2,278","3,592",65,"3,657",0,"3,657","1,190","4,847",75.4487
,三德里,104,672,"1,301","2,077",42,"2,119",0,"2,119",700,"2,819",75.1685
,忠和里,217,"1,087","2,328","3,632",48,"3,680",0,"3,680","1,124","4,804",76.6028
,山腳里,252,"1,383","2,460","4,095",58,"4,153",0,"4,153","1,334","5,487",75.6880
,龍泉里,329,"1,921","3,076","5,326",97,"5,423",0,"5,423","1,729","7,152",75.8249
,龍崗里,96,658,"1,076","1,830",39,"1,869",0,"1,869",588,"2,457",76.0684
,新庄里,202,"1,595","2,651","4,448",57,"4,505",0,"4,505","1,463","5,968",75.4859
,南寮里,62,402,721,"1,185",16,"1,201",0,"1,201",323,"1,524",78.8058
,新東里,160,"1,434","1,925","3,519",48,"3,567",0,"3,567","1,115","4,682",76.1854
,東海里,303,"2,686","3,296","6,285",77,"6,362",0,"6,362","1,969","8,331",76.3654
　霧峰區,,"2,132","15,587","23,180","40,899",450,"41,349",1,"41,350","12,468","53,818",76.8312
,桐林里,52,370,500,922,9,931,0,931,253,"1,184",78.6318
,吉峰里,369,"2,571","3,648","6,588",57,"6,645",0,"6,645","2,404","9,049",73.4335
,甲寅里,169,"1,377","1,891","3,437",35,"3,472",0,"3,472","1,135","4,607",75.3636
,本鄉里,91,646,965,"1,702",20,"1,722",0,"1,722",537,"2,259",76.2284
,中正里,81,639,838,"1,558",13,"1,571",1,"1,572",409,"1,981",79.3034
,錦榮里,52,389,488,929,14,943,0,943,256,"1,199",78.6489
,萊園里,51,292,447,790,11,801,0,801,251,"1,052",76.1407
,本堂里,242,"1,885","2,275","4,402",29,"4,431",0,"4,431","1,262","5,693",77.8324
,北柳里,125,"1,052","1,784","2,961",39,"3,000",0,"3,000",824,"3,824",78.4519
,南柳里,62,505,834,"1,401",20,"1,421",0,"1,421",355,"1,776",80.0113
,四德里,82,643,"1,108","1,833",21,"1,854",0,"1,854",542,"2,396",77.3790
,五福里,107,697,"1,110","1,914",35,"1,949",0,"1,949",546,"2,495",78.1162
,丁台里,93,511,"1,137","1,741",23,"1,764",0,"1,764",447,"2,211",79.7829
,北勢里,100,680,803,"1,583",25,"1,608",0,"1,608",390,"1,998",80.4805
,南勢里,47,371,547,965,7,972,0,972,273,"1,245",78.0723
,萬豐里,90,644,"1,155","1,889",20,"1,909",0,"1,909",668,"2,577",74.0784
,舊正里,74,575,867,"1,516",13,"1,529",0,"1,529",490,"2,019",75.7306
,坑口里,103,918,"1,133","2,154",25,"2,179",0,"2,179",705,"2,884",75.5548
,峰谷里,47,278,476,801,10,811,0,811,257,"1,068",75.9363
,六股里,95,544,"1,174","1,813",24,"1,837",0,"1,837",464,"2,301",79.8349
　太平區,,"5,708","43,313","65,743","114,764","1,287","116,051",0,"116,051","39,870","155,921",74.4294
,太平里,198,"1,325","2,436","3,959",56,"4,015",0,"4,015","1,289","5,304",75.6976
,長億里,193,"1,622","2,472","4,287",45,"4,332",0,"4,332","1,336","5,668",76.4291
,永成里,228,"1,674","2,936","4,838",50,"4,888",0,"4,888","1,572","6,460",75.6656
,中平里,155,"1,028","1,748","2,931",38,"2,969",0,"2,969",988,"3,957",75.0316
,中政里,125,907,"1,514","2,546",23,"2,569",0,"2,569","1,008","3,577",71.8200
,平安里,95,563,"1,011","1,669",20,"1,689",0,"1,689",496,"2,185",77.2998
,中興里,126,771,"1,501","2,398",39,"2,437",0,"2,437",772,"3,209",75.9427
,永平里,146,"1,055","1,741","2,942",34,"2,976",0,"2,976",973,"3,949",75.3609
,東平里,165,"1,074","1,722","2,961",31,"2,992",0,"2,992","1,033","4,025",74.3354
,成功里,130,895,"1,709","2,734",31,"2,765",0,"2,765","1,018","3,783",73.0901
,東和里,94,711,"1,181","1,986",27,"2,013",0,"2,013",747,"2,760",72.9348
,建國里,93,838,"1,123","2,054",31,"2,085",0,"2,085",768,"2,853",73.0810
,建興里,93,811,"1,131","2,035",22,"2,057",0,"2,057",809,"2,866",71.7725
,坪林里,116,"1,107","1,162","2,385",23,"2,408",0,"2,408",782,"3,190",75.4859
,大興里,79,676,"1,019","1,774",20,"1,794",0,"1,794",667,"2,461",72.8972
,勤益里,70,761,760,"1,591",10,"1,601",0,"1,601",528,"2,129",75.1996
,光華里,185,"1,575","2,037","3,797",37,"3,834",0,"3,834","1,244","5,078",75.5022
,光明里,147,"1,213","1,361","2,721",31,"2,752",0,"2,752",961,"3,713",74.1180
,中山里,97,"1,020","1,105","2,222",32,"2,254",0,"2,254","1,290","3,544",63.6005
,豐年里,157,"1,421","1,736","3,314",26,"3,340",0,"3,340",905,"4,245",78.6808
,宜欣里,221,"1,556","2,559","4,336",43,"4,379",0,"4,379","1,549","5,928",73.8698
,宜佳里,224,"1,697","2,357","4,278",44,"4,322",0,"4,322","1,613","5,935",72.8222
,宜昌里,125,977,"1,577","2,679",27,"2,706",0,"2,706",995,"3,701",73.1154
,新坪里,281,"2,149","2,893","5,323",54,"5,377",0,"5,377","1,948","7,325",73.4061
,新吉里,190,"1,620","2,279","4,089",41,"4,130",0,"4,130","1,393","5,523",74.7782
,新城里,170,"1,478","2,020","3,668",46,"3,714",0,"3,714","1,539","5,253",70.7025
,新光里,285,"1,924","3,222","5,431",61,"5,492",0,"5,492","1,642","7,134",76.9835
,新興里,212,"1,355","2,329","3,896",37,"3,933",0,"3,933","1,074","5,007",78.5500
,新高里,302,"1,977","3,111","5,390",43,"5,433",0,"5,433","1,591","7,024",77.3491
,新福里,241,"1,832","2,692","4,765",62,"4,827",0,"4,827","1,532","6,359",75.9082
,頭汴里,61,494,718,"1,273",11,"1,284",0,"1,284",492,"1,776",72.2973
,聖和里,50,403,614,"1,067",10,"1,077",0,"1,077",431,"1,508",71.4191
,東汴里,39,284,528,851,13,864,0,864,332,"1,196",72.2408
,興隆里,101,910,"1,245","2,256",30,"2,286",0,"2,286",861,"3,147",72.6406
,福隆里,117,972,"1,449","2,538",34,"2,572",0,"2,572",884,"3,456",74.4213
,黃竹里,32,192,268,492,8,500,0,500,158,658,75.9878
,光隆里,119,680,"1,376","2,175",33,"2,208",0,"2,208",774,"2,982",74.0443
,永隆里,88,614,"1,061","1,763",25,"1,788",0,"1,788",619,"2,407",74.2833
,德隆里,158,"1,152","2,040","3,350",39,"3,389",0,"3,389","1,257","4,646",72.9445
　大里區,,"6,541","44,782","74,935","126,258","1,394","127,652",2,"127,654","40,358","168,012",75.9779
,東湖里,366,"2,734","4,253","7,353",71,"7,424",0,"7,424","2,538","9,962",74.5232
,西湖里,109,678,"1,258","2,045",27,"2,072",0,"2,072",683,"2,755",75.2087
,大里里,130,886,"1,606","2,622",39,"2,661",0,"2,661",831,"3,492",76.2027
,新里里,314,"2,549","4,233","7,096",64,"7,160",1,"7,161","2,663","9,824",72.8827
,國光里,225,"1,590","2,435","4,250",64,"4,314",0,"4,314","1,259","5,573",77.4089
,樹王里,120,794,"1,748","2,662",28,"2,690",0,"2,690",728,"3,418",78.7010
,祥興里,279,"1,712","3,102","5,093",52,"5,145",0,"5,145","1,713","6,858",75.0219
,內新里,297,"2,332","3,468","6,097",71,"6,168",0,"6,168","1,974","8,142",75.7553
,中新里,225,"1,423","2,197","3,845",47,"3,892",0,"3,892","1,225","5,117",76.0602
,東昇里,125,869,"1,432","2,426",25,"2,451",0,"2,451",820,"3,271",74.9312
,大元里,170,"1,038","2,009","3,217",34,"3,251",0,"3,251",836,"4,087",79.5449
,夏田里,40,208,498,746,14,760,0,760,219,979,77.6302
,仁化里,301,"1,966","3,695","5,962",67,"6,029",0,"6,029","2,139","8,168",73.8124
,仁德里,239,"1,450","2,628","4,317",42,"4,359",0,"4,359","1,379","5,738",75.9672
,健民里,155,"1,138","1,910","3,203",37,"3,240",0,"3,240","1,130","4,370",74.1419
,塗城里,336,"2,062","3,687","6,085",65,"6,150",0,"6,150","2,039","8,189",75.1007
,東興里,257,"1,866","3,109","5,232",51,"5,283",0,"5,283","1,561","6,844",77.1917
,大明里,162,"1,081","1,708","2,951",36,"2,987",0,"2,987",990,"3,977",75.1069
,永隆里,423,"2,711","4,156","7,290",64,"7,354",0,"7,354","1,674","9,028",81.4577
,日新里,161,"1,140","1,691","2,992",50,"3,042",0,"3,042",828,"3,870",78.6047
,西榮里,199,"1,466","2,383","4,048",48,"4,096",0,"4,096","1,340","5,436",75.3495
,長榮里,360,"2,442","3,686","6,488",61,"6,549",0,"6,549","1,766","8,315",78.7613
,金城里,370,"2,439","4,010","6,819",74,"6,893",1,"6,894","2,390","9,284",74.2460
,立仁里,182,"1,262","2,274","3,718",50,"3,768",0,"3,768","1,391","5,159",73.0374
,立德里,259,"1,961","3,389","5,609",65,"5,674",0,"5,674","1,746","7,420",76.4690
,新仁里,281,"1,941","3,488","5,710",64,"5,774",0,"5,774","1,740","7,514",76.8432
,瑞城里,456,"3,044","4,882","8,382",84,"8,466",0,"8,466","2,756","11,222",75.4411
　和平區,,234,"4,097","2,117","6,448",68,"6,516",0,"6,516","2,684","9,200",70.8261
,南勢里,42,748,557,"1,347",19,"1,366",0,"1,366",483,"1,849",73.8778
,天輪里,11,147,144,302,3,305,0,305,129,434,70.2765
,博愛里,47,760,353,"1,160",9,"1,169",0,"1,169",437,"1,606",72.7895
,自由里,29,589,169,787,7,794,0,794,253,"1,047",75.8357
,達觀里,30,520,265,815,11,826,0,826,252,"1,078",76.6234
,中坑里,20,195,143,358,6,364,0,364,91,455,80.0000
,梨山里,31,722,360,"1,113",9,"1,122",0,"1,122",770,"1,892",59.3023
,平等里,24,416,126,566,4,570,0,570,269,839,67.9380
