第15任總統副總統選舉候選人在臺南市各村(里)得票數一覽表,,,,,,,,,,,,
行政區別,村里別,各組候選人得票情形,,,"有效票數A
A=1+2+...+N",無效票數B,"投票數C
C=A+B","已領未投票數
D
D=E-C","發出票數E
E=C+D",用餘票數F,"選舉人數G
G=E+F","投票率H
H=C÷G"
,,"(1)
宋楚瑜
余湘","(2)
韓國瑜
張善政","(3)
蔡英文
賴清德",,,,,,,,
,,,,,,,,,,,,
,,,,,,,,,,,,
總　計,,"41,075","339,702","786,471","1,167,248","12,341","1,179,589",22,"1,179,611","377,234","1,556,845",75.7679
　新營區,,"1,720","15,517","28,969","46,206",548,"46,754",0,"46,754","15,797","62,551",74.7454
,忠政里,117,"1,446","1,832","3,395",30,"3,425",0,"3,425","1,096","4,521",75.7576
,民權里,57,638,959,"1,654",20,"1,674",0,"1,674",550,"2,224",75.2698
,三仙里,75,688,"1,258","2,021",29,"2,050",0,"2,050",744,"2,794",73.3715
,永平里,69,680,"1,233","1,982",24,"2,006",0,"2,006",675,"2,681",74.8228
,大宏里,81,727,"1,273","2,081",24,"2,105",0,"2,105",748,"2,853",73.7820
,王公里,123,"1,026","1,795","2,944",39,"2,983",0,"2,983",995,"3,978",74.9874
,新東里,191,"1,639","2,743","4,573",72,"4,645",0,"4,645","1,300","5,945",78.1329
,中營里,36,303,547,886,9,895,0,895,257,"1,152",77.6910
,土庫里,30,298,732,"1,060",10,"1,070",0,"1,070",329,"1,399",76.4832
,興業里,55,498,699,"1,252",21,"1,273",0,"1,273",438,"1,711",74.4009
,南興里,61,597,"1,009","1,667",16,"1,683",0,"1,683",679,"2,362",71.2532
,民生里,62,748,"1,454","2,264",15,"2,279",0,"2,279",868,"3,147",72.4182
,新北里,127,"1,234","2,078","3,439",41,"3,480",0,"3,480","1,153","4,633",75.1133
,新南里,167,"1,195","2,239","3,601",38,"3,639",0,"3,639","1,113","4,752",76.5783
,民榮里,107,"1,012","1,985","3,104",38,"3,142",0,"3,142","1,150","4,292",73.2060
,埤寮里,48,318,784,"1,150",10,"1,160",0,"1,160",428,"1,588",73.0479
,護鎮里,34,269,668,971,11,982,0,982,352,"1,334",73.6132
,太南里,31,267,916,"1,214",7,"1,221",0,"1,221",433,"1,654",73.8210
,太北里,35,276,935,"1,246",18,"1,264",0,"1,264",423,"1,687",74.9259
,南紙里,109,896,"1,644","2,649",29,"2,678",0,"2,678",907,"3,585",74.7001
,嘉芳里,48,348,884,"1,280",18,"1,298",0,"1,298",503,"1,801",72.0711
,姑爺里,24,148,497,669,10,679,0,679,229,908,74.7797
,五興里,33,266,805,"1,104",19,"1,123",0,"1,123",427,"1,550",72.4516
　鹽水區,,427,"4,021","11,099","15,547",185,"15,732",0,"15,732","5,889","21,621",72.7626
,水秀里,29,312,766,"1,107",11,"1,118",0,"1,118",376,"1,494",74.8327
,津城里,34,289,706,"1,029",18,"1,047",0,"1,047",373,"1,420",73.7324
,月港里,31,414,740,"1,185",9,"1,194",0,"1,194",382,"1,576",75.7614
,橋南里,89,747,"1,791","2,627",40,"2,667",0,"2,667",993,"3,660",72.8689
,岸內里,83,756,"1,807","2,646",23,"2,669",0,"2,669",940,"3,609",73.9540
,汫水里,9,98,498,605,5,610,0,610,283,893,68.3091
,義中里,27,250,805,"1,082",18,"1,100",0,"1,100",445,"1,545",71.1974
,三明里,16,185,857,"1,058",15,"1,073",0,"1,073",423,"1,496",71.7246
,文昌里,22,154,477,653,2,655,0,655,333,988,66.2955
,歡雅里,36,258,832,"1,126",13,"1,139",0,"1,139",464,"1,603",71.0543
,三和里,13,163,465,641,5,646,0,646,228,874,73.9130
,竹林里,14,155,616,785,9,794,0,794,296,"1,090",72.8440
,?頭港里,24,240,739,"1,003",17,"1,020",0,"1,020",353,"1,373",74.2899
　白河區,,454,"4,611","11,831","16,896",194,"17,090",1,"17,091","6,981","24,072",70.9953
,白河里,36,361,810,"1,207",17,"1,224",0,"1,224",432,"1,656",73.9130
,永安里,57,604,"1,495","2,156",25,"2,181",0,"2,181",704,"2,885",75.5979
,外角里,25,239,682,946,13,959,0,959,377,"1,336",71.7814
,庄內里,39,287,841,"1,167",12,"1,179",0,"1,179",401,"1,580",74.6203
,秀祐里,25,158,437,620,5,625,0,625,230,855,73.0994
,河東里,26,247,632,905,18,923,0,923,395,"1,318",70.0303
,虎山里,4,101,192,297,7,304,0,304,133,437,69.5652
,大林里,9,70,298,377,4,381,0,381,199,580,65.6897
,崁頭里,7,71,169,247,5,252,0,252,110,362,69.6133
,六溪里,7,74,224,305,1,306,0,306,187,493,62.0690
,關嶺里,11,216,428,655,7,662,0,662,336,998,66.3327
,仙草里,18,258,505,781,12,793,0,793,458,"1,251",63.3893
,詔豐里,25,313,"1,014","1,352",20,"1,372",1,"1,373",559,"1,932",71.0145
,大竹里,35,268,643,946,11,957,0,957,430,"1,387",68.9978
,廣蓮里,29,260,750,"1,039",7,"1,046",0,"1,046",395,"1,441",72.5885
,竹門里,22,179,390,591,6,597,0,597,248,845,70.6509
,崎內里,15,176,277,468,3,471,0,471,238,709,66.4316
,昇安里,28,238,691,957,10,967,0,967,324,"1,291",74.9032
,汴頭里,6,95,364,465,3,468,0,468,235,703,66.5718
,內角里,10,122,355,487,3,490,0,490,176,666,73.5736
,馬稠後里,20,274,634,928,5,933,0,933,414,"1,347",69.2650
　柳營區,,487,"3,578","9,457","13,522",175,"13,697",3,"13,700","4,649","18,349",74.6471
,士林里,61,341,944,"1,346",18,"1,364",1,"1,365",442,"1,807",75.4842
,光福里,45,343,775,"1,163",11,"1,174",0,"1,174",344,"1,518",77.3386
,中埕里,29,215,531,775,8,783,0,783,303,"1,086",72.0994
,東昇里,73,570,"1,396","2,039",32,"2,071",1,"2,072",621,"2,693",76.9031
,八翁里,38,299,697,"1,034",5,"1,039",0,"1,039",328,"1,367",76.0059
,人和里,25,170,349,544,9,553,0,553,178,731,75.6498
,太康里,35,293,733,"1,061",14,"1,075",1,"1,076",367,"1,443",74.4976
,重溪里,51,293,931,"1,275",15,"1,290",0,"1,290",437,"1,727",74.6960
,篤農里,23,240,673,936,12,948,0,948,324,"1,272",74.5283
,大農里,13,116,338,467,10,477,0,477,182,659,72.3824
,神農里,28,187,751,966,14,980,0,980,370,"1,350",72.5926
,果毅里,33,197,620,850,8,858,0,858,320,"1,178",72.8353
,旭山里,33,314,719,"1,066",19,"1,085",0,"1,085",433,"1,518",71.4756
　後壁區,,447,"3,822","10,335","14,604",173,"14,777",0,"14,777","5,331","20,108",73.4882
,後壁里,35,380,773,"1,188",12,"1,200",0,"1,200",379,"1,579",75.9975
,侯伯里,19,235,649,903,10,913,0,913,351,"1,264",72.2310
,嘉苳里,31,248,607,886,7,893,0,893,341,"1,234",72.3663
,土溝里,15,224,706,945,9,954,0,954,329,"1,283",74.3570
,上茄苳里,38,324,"1,203","1,565",16,"1,581",0,"1,581",562,"2,143",73.7751
,菁豐里,25,243,581,849,14,863,0,863,311,"1,174",73.5094
,菁寮里,49,288,680,"1,017",19,"1,036",0,"1,036",386,"1,422",72.8551
,新嘉里,14,150,521,685,12,697,0,697,271,968,72.0041
,長短樹里,39,359,"1,006","1,404",15,"1,419",0,"1,419",505,"1,924",73.7526
,竹新里,36,176,771,983,14,997,0,997,343,"1,340",74.4030
,新東里,39,277,828,"1,144",12,"1,156",0,"1,156",447,"1,603",72.1148
,頂安里,41,319,549,909,7,916,0,916,302,"1,218",75.2053
,長安里,30,277,576,883,16,899,0,899,317,"1,216",73.9309
,福安里,36,322,885,"1,243",10,"1,253",0,"1,253",487,"1,740",72.0115
　東山區,,356,"3,638","7,940","11,934",130,"12,064",0,"12,064","5,796","17,860",67.5476
,東山里,38,303,577,918,6,924,0,924,437,"1,361",67.8913
,東中里,56,532,"1,144","1,732",19,"1,751",0,"1,751",671,"2,422",72.2956
,東正里,24,246,653,923,10,933,0,933,460,"1,393",66.9777
,大客里,9,207,453,669,8,677,0,677,388,"1,065",63.5681
,三榮里,21,157,426,604,4,608,0,608,304,912,66.6667
,科里里,24,242,557,823,14,837,0,837,379,"1,216",68.8322
,東河里,13,124,446,583,6,589,0,589,254,843,69.8695
,聖賢里,47,338,927,"1,312",22,"1,334",0,"1,334",501,"1,835",72.6975
,南溪里,6,87,162,255,1,256,0,256,152,408,62.7451
,水雲里,5,50,162,217,4,221,0,221,157,378,58.4656
,林安里,0,63,171,234,3,237,0,237,123,360,65.8333
,東原里,36,458,818,"1,312",15,"1,327",0,"1,327",718,"2,045",64.8900
,嶺南里,13,98,278,389,3,392,0,392,250,642,61.0592
,南勢里,32,226,390,648,6,654,0,654,410,"1,064",61.4662
,青山里,18,239,436,693,7,700,0,700,334,"1,034",67.6983
,高原里,14,268,340,622,2,624,0,624,258,882,70.7483
　麻豆區,,767,"5,883","21,670","28,320",290,"28,610",1,"28,611","8,213","36,824",77.6939
,新興里,41,283,"1,079","1,403",12,"1,415",0,"1,415",393,"1,808",78.2633
,巷口里,56,409,"1,124","1,589",18,"1,607",0,"1,607",459,"2,066",77.7832
,東角里,52,538,"1,334","1,924",19,"1,943",0,"1,943",559,"2,502",77.6579
,?江里,59,389,"1,381","1,829",18,"1,847",0,"1,847",563,"2,410",76.6390
,中興里,34,383,"1,019","1,436",9,"1,445",0,"1,445",480,"1,925",75.0649
,興農里,32,218,875,"1,125",19,"1,144",0,"1,144",305,"1,449",78.9510
,油車里,77,540,"2,103","2,720",18,"2,738",0,"2,738",670,"3,408",80.3404
,北勢里,25,103,692,820,9,829,0,829,257,"1,086",76.3352
,大埕里,60,492,"1,559","2,111",26,"2,137",0,"2,137",614,"2,751",77.6808
,清水里,27,241,870,"1,138",8,"1,146",0,"1,146",306,"1,452",78.9256
,南勢里,45,517,"1,167","1,729",14,"1,743",0,"1,743",512,"2,255",77.2949
,寮?里,36,196,990,"1,222",10,"1,232",0,"1,232",354,"1,586",77.6797
,埤頭里,43,245,"1,419","1,707",14,"1,721",0,"1,721",534,"2,255",76.3193
,海埔里,38,295,"1,213","1,546",28,"1,574",1,"1,575",483,"2,058",76.4820
,港尾里,21,214,664,899,12,911,0,911,291,"1,202",75.7903
,麻口里,21,131,697,849,13,862,0,862,219,"1,081",79.7410
,安業里,12,150,839,"1,001",10,"1,011",0,"1,011",277,"1,288",78.4938
,謝厝寮里,42,186,"1,044","1,272",15,"1,287",0,"1,287",337,"1,624",79.2488
,安正里,12,110,552,674,5,679,0,679,243,922,73.6443
,井東里,34,243,"1,049","1,326",13,"1,339",0,"1,339",357,"1,696",78.9505
　下營區,,434,"3,987","10,333","14,754",168,"14,922",0,"14,922","5,387","20,309",73.4748
,下營里,35,380,688,"1,103",14,"1,117",0,"1,117",382,"1,499",74.5163
,仁里里,35,383,946,"1,364",11,"1,375",0,"1,375",553,"1,928",71.3174
,宅內里,36,410,685,"1,131",18,"1,149",0,"1,149",426,"1,575",72.9524
,後街里,37,369,718,"1,124",8,"1,132",0,"1,132",404,"1,536",73.6979
,新興里,37,400,891,"1,328",13,"1,341",0,"1,341",549,"1,890",70.9524
,營前里,34,462,999,"1,495",19,"1,514",0,"1,514",529,"2,043",74.1067
,大吉里,26,319,768,"1,113",21,"1,134",0,"1,134",405,"1,539",73.6842
,茅營里,53,350,"1,214","1,617",10,"1,627",0,"1,627",530,"2,157",75.4288
,開化里,40,300,"1,024","1,364",13,"1,377",0,"1,377",457,"1,834",75.0818
,西連里,24,111,509,644,8,652,0,652,212,864,75.4630
,賀建里,26,211,639,876,15,891,0,891,369,"1,260",70.7143
,紅甲里,51,292,"1,252","1,595",18,"1,613",0,"1,613",571,"2,184",73.8553
　六甲區,,442,"3,243","9,686","13,371",141,"13,512",0,"13,512","4,929","18,441",73.2715
,六甲里,101,502,"1,515","2,118",20,"2,138",0,"2,138",666,"2,804",76.2482
,甲東里,51,437,"1,379","1,867",22,"1,889",0,"1,889",729,"2,618",72.1543
,甲南里,24,244,686,954,7,961,0,961,333,"1,294",74.2658
,七甲里,42,292,961,"1,295",20,"1,315",0,"1,315",536,"1,851",71.0427
,二甲里,62,555,"1,758","2,375",26,"2,401",0,"2,401",824,"3,225",74.4496
,水林里,50,339,"1,091","1,480",18,"1,498",0,"1,498",537,"2,035",73.6118
,中社里,45,310,799,"1,154",12,"1,166",0,"1,166",403,"1,569",74.3149
,龜港里,34,232,594,860,5,865,0,865,279,"1,144",75.6119
,菁埔里,11,107,311,429,3,432,0,432,146,578,74.7405
,王爺里,18,113,338,469,4,473,0,473,246,719,65.7858
,大丘里,4,112,254,370,4,374,0,374,230,604,61.9205
　官田區,,384,"3,186","10,140","13,710",132,"13,842",0,"13,842","4,454","18,296",75.6559
,官田里,53,371,"1,040","1,464",14,"1,478",0,"1,478",520,"1,998",73.9740
,二鎮里,66,415,"1,861","2,342",19,"2,361",0,"2,361",701,"3,062",77.1065
,烏山頭里,22,168,699,889,7,896,0,896,312,"1,208",74.1722
,大崎里,5,73,197,275,0,275,0,275,121,396,69.4444
,隆田里,47,457,916,"1,420",13,"1,433",0,"1,433",500,"1,933",74.1335
,隆本里,79,824,"1,601","2,504",23,"2,527",0,"2,527",813,"3,340",75.6587
,南?里,28,187,669,884,13,897,0,897,312,"1,209",74.1935
,東西庄里,18,107,"1,267","1,392",16,"1,408",0,"1,408",427,"1,835",76.7302
,渡拔里,54,476,"1,386","1,916",19,"1,935",0,"1,935",528,"2,463",78.5627
,社子里,12,108,504,624,8,632,0,632,220,852,74.1784
　大內區,,192,"1,643","4,249","6,084",68,"6,152",0,"6,152","2,178","8,330",73.8535
,石湖里,25,187,478,690,13,703,0,703,273,976,72.0287
,石林里,16,81,357,454,4,458,0,458,163,621,73.7520
,石城里,27,238,760,"1,025",9,"1,034",0,"1,034",364,"1,398",73.9628
,內江里,15,203,440,658,4,662,0,662,236,898,73.7194
,大內里,20,178,385,583,5,588,0,588,168,756,77.7778
,內郭里,13,102,333,448,2,450,0,450,157,607,74.1351
,頭社里,31,178,475,684,5,689,0,689,284,973,70.8119
,環湖里,14,188,304,506,7,513,0,513,200,713,71.9495
,二溪里,19,181,414,614,13,627,0,627,201,828,75.7246
,曲溪里,12,107,303,422,6,428,0,428,132,560,76.4286
　佳里區,,"1,171","9,486","26,071","36,728",359,"37,087",0,"37,087","12,009","49,096",75.5398
,東寧里,46,480,"1,145","1,671",16,"1,687",0,"1,687",525,"2,212",76.2658
,忠仁里,59,499,"1,489","2,047",24,"2,071",0,"2,071",694,"2,765",74.9005
,鎮山里,152,"1,012","2,956","4,120",34,"4,154",0,"4,154","1,300","5,454",76.1643
,安西里,140,"1,209","2,966","4,315",45,"4,360",0,"4,360","1,367","5,727",76.1306
,文新里,133,"1,094","2,466","3,693",36,"3,729",0,"3,729","1,191","4,920",75.7927
,建南里,102,854,"2,054","3,010",30,"3,040",0,"3,040","1,061","4,101",74.1283
,南勢里,94,839,"2,280","3,213",24,"3,237",0,"3,237","1,043","4,280",75.6308
,六安里,113,856,"1,964","2,933",43,"2,976",0,"2,976",947,"3,923",75.8603
,佳化里,52,375,"1,108","1,535",5,"1,540",0,"1,540",539,"2,079",74.0741
,佳興里,36,375,"1,162","1,573",17,"1,590",0,"1,590",478,"2,068",76.8859
,營溪里,28,187,558,773,6,779,0,779,271,"1,050",74.1905
,海澄里,41,380,"1,130","1,551",14,"1,565",0,"1,565",553,"2,118",73.8905
,下營里,27,327,987,"1,341",15,"1,356",0,"1,356",433,"1,789",75.7965
,塭內里,60,402,"1,549","2,011",20,"2,031",0,"2,031",696,"2,727",74.4774
,民安里,36,239,908,"1,183",10,"1,193",0,"1,193",355,"1,548",77.0672
,子龍里,52,358,"1,349","1,759",20,"1,779",0,"1,779",556,"2,335",76.1884
　學甲區,,446,"3,581","11,857","15,884",152,"16,036",0,"16,036","5,933","21,969",72.9938
,秀昌里,42,401,"1,343","1,786",19,"1,805",0,"1,805",585,"2,390",75.5230
,明宜里,30,271,"1,074","1,375",9,"1,384",0,"1,384",482,"1,866",74.1693
,慈福里,49,406,967,"1,422",19,"1,441",0,"1,441",505,"1,946",74.0493
,仁得里,94,680,"2,009","2,783",28,"2,811",0,"2,811",913,"3,724",75.4834
,新達里,40,380,"1,027","1,447",14,"1,461",0,"1,461",609,"2,070",70.5797
,新榮里,51,355,"1,193","1,599",6,"1,605",0,"1,605",555,"2,160",74.3056
,大灣里,22,163,495,680,9,689,0,689,254,943,73.0647
,豐和里,21,152,681,854,5,859,0,859,322,"1,181",72.7350
,中洲里,22,225,708,955,13,968,0,968,394,"1,362",71.0720
,光華里,18,130,640,788,11,799,0,799,381,"1,180",67.7119
,宅港里,14,96,426,536,2,538,0,538,249,787,68.3609
,平和里,20,108,605,733,6,739,0,739,280,"1,019",72.5221
,三慶里,23,214,689,926,11,937,0,937,404,"1,341",69.8732
　西港區,,452,"3,445","11,836","15,733",181,"15,914",0,"15,914","5,061","20,975",75.8713
,西港里,75,508,"1,754","2,337",23,"2,360",0,"2,360",691,"3,051",77.3517
,慶安里,99,781,"2,253","3,133",23,"3,156",0,"3,156","1,010","4,166",75.7561
,南海里,52,327,"1,371","1,750",30,"1,780",0,"1,780",550,"2,330",76.3948
,港東里,36,272,873,"1,181",13,"1,194",0,"1,194",383,"1,577",75.7134
,檨林里,40,252,880,"1,172",14,"1,186",0,"1,186",401,"1,587",74.7322
,後營里,22,162,818,"1,002",14,"1,016",0,"1,016",381,"1,397",72.7273
,營西里,32,237,745,"1,014",14,"1,028",0,"1,028",404,"1,432",71.7877
,金砂里,13,132,451,596,3,599,0,599,145,744,80.5108
,劉厝里,24,190,736,950,13,963,0,963,302,"1,265",76.1265
,竹林里,15,217,781,"1,013",15,"1,028",0,"1,028",307,"1,335",77.0037
,永樂里,19,176,792,987,8,995,0,995,317,"1,312",75.8384
,新復里,25,191,382,598,11,609,0,609,170,779,78.1772
　七股區,,397,"3,173","10,229","13,799",136,"13,935",0,"13,935","5,373","19,308",72.1722
,後港里,20,156,590,766,3,769,0,769,228,997,77.1314
,大潭里,18,98,323,439,5,444,0,444,208,652,68.0982
,篤加里,17,136,399,552,3,555,0,555,253,808,68.6881
,頂山里,8,129,388,525,4,529,0,529,244,773,68.4347
,西寮里,7,78,234,319,6,325,0,325,138,463,70.1944
,?埕里,8,67,211,286,1,287,0,287,123,410,70.0000
,中寮里,8,132,288,428,2,430,0,430,244,674,63.7982
,龍山里,25,208,908,"1,141",9,"1,150",0,"1,150",426,"1,576",72.9695
,溪南里,15,89,161,265,3,268,0,268,76,344,77.9070
,七股里,20,109,533,662,6,668,0,668,204,872,76.6055
,玉成里,13,141,392,546,6,552,0,552,204,756,73.0159
,大埕里,60,394,"1,324","1,778",16,"1,794",0,"1,794",720,"2,514",71.3604
,樹林里,39,286,"1,012","1,337",19,"1,356",0,"1,356",490,"1,846",73.4561
,竹橋里,25,199,714,938,11,949,0,949,261,"1,210",78.4298
,義合里,39,328,993,"1,360",10,"1,370",0,"1,370",440,"1,810",75.6906
,永吉里,25,172,490,687,5,692,0,692,269,961,72.0083
,三股里,27,203,670,900,17,917,0,917,396,"1,313",69.8401
,十份里,23,248,599,870,10,880,0,880,449,"1,329",66.2152
　將軍區,,274,"2,525","9,156","11,955",121,"12,076",0,"12,076","5,104","17,180",70.2910
,長榮里,19,184,605,808,7,815,0,815,265,"1,080",75.4630
,西甲里,35,433,"1,237","1,705",13,"1,718",0,"1,718",626,"2,344",73.2935
,忠嘉里,37,396,"1,273","1,706",22,"1,728",0,"1,728",665,"2,393",72.2106
,苓仔寮里,41,303,"1,058","1,402",10,"1,412",0,"1,412",543,"1,955",72.2251
,巷埔里,18,124,672,814,7,821,0,821,345,"1,166",70.4117
,將軍里,35,239,807,"1,081",11,"1,092",0,"1,092",465,"1,557",70.1349
,玉山里,9,91,444,544,6,550,0,550,280,830,66.2651
,廣山里,4,102,279,385,8,393,0,393,234,627,62.6794
,長沙里,19,165,688,872,10,882,0,882,421,"1,303",67.6899
,平沙里,14,125,628,767,9,776,0,776,355,"1,131",68.6118
,鯤鯓里,29,256,987,"1,272",15,"1,287",0,"1,287",561,"1,848",69.6429
,鯤溟里,14,107,478,599,3,602,0,602,344,946,63.6364
　北門區,,147,"1,688","4,583","6,418",58,"6,476",0,"6,476","3,105","9,581",67.5921
,永隆里,11,204,355,570,8,578,0,578,271,849,68.0801
,北門里,11,171,368,550,7,557,0,557,258,815,68.3436
,玉港里,12,102,368,482,5,487,0,487,231,718,67.8273
,保吉里,20,279,578,877,7,884,0,884,414,"1,298",68.1048
,蚵寮里,26,224,678,928,7,935,0,935,491,"1,426",65.5680
,雙春里,14,86,202,302,2,304,0,304,146,450,67.5556
,錦湖里,16,144,417,577,4,581,0,581,332,913,63.6364
,慈安里,12,125,345,482,11,493,0,493,233,726,67.9063
,三光里,9,164,631,804,0,804,0,804,346,"1,150",69.9130
,文山里,16,189,641,846,7,853,0,853,383,"1,236",69.0129
　新化區,,"1,000","8,446","18,092","27,538",250,"27,788",0,"27,788","8,476","36,264",76.6270
,武安里,72,784,"1,496","2,352",17,"2,369",0,"2,369",632,"3,001",78.9404
,東榮里,106,958,"1,819","2,883",19,"2,902",0,"2,902",964,"3,866",75.0647
,護國里,65,696,"1,195","1,956",15,"1,971",0,"1,971",698,"2,669",73.8479
,太平里,139,952,"2,223","3,314",29,"3,343",0,"3,343",928,"4,271",78.2721
,協興里,101,766,"1,553","2,420",22,"2,442",0,"2,442",748,"3,190",76.5517
,唪口里,65,435,"1,116","1,616",8,"1,624",0,"1,624",486,"2,110",76.9668
,北勢里,39,290,750,"1,079",13,"1,092",0,"1,092",328,"1,420",76.9014
,豐榮里,92,746,"1,527","2,365",33,"2,398",0,"2,398",733,"3,131",76.5889
,全興里,81,677,"1,306","2,064",24,"2,088",0,"2,088",605,"2,693",77.5343
,崙頂里,68,402,"1,101","1,571",20,"1,591",0,"1,591",395,"1,986",80.1108
,知義里,56,502,"1,060","1,618",12,"1,630",0,"1,630",533,"2,163",75.3583
,山?里,41,301,711,"1,053",10,"1,063",0,"1,063",330,"1,393",76.3101
,大坑里,6,73,258,337,4,341,0,341,93,434,78.5714
,??拔里,47,527,947,"1,521",15,"1,536",0,"1,536",541,"2,077",73.9528
,羊林里,10,204,460,674,6,680,0,680,203,883,77.0102
,礁坑里,12,133,570,715,3,718,0,718,259,977,73.4903
　善化區,,"1,021","7,582","21,514","30,117",326,"30,443",0,"30,443","9,332","39,775",76.5380
,東關里,19,239,551,809,6,815,0,815,297,"1,112",73.2914
,坐駕里,128,865,"1,931","2,924",38,"2,962",0,"2,962",848,"3,810",77.7428
,光文里,135,"1,189","2,641","3,965",40,"4,005",0,"4,005","1,186","5,191",77.1528
,文昌里,58,552,"1,324","1,934",22,"1,956",0,"1,956",673,"2,629",74.4009
,南關里,48,307,990,"1,345",15,"1,360",0,"1,360",384,"1,744",77.9817
,頂街里,28,238,599,865,10,875,0,875,231,"1,106",79.1139
,文正里,47,303,832,"1,182",16,"1,198",0,"1,198",341,"1,539",77.8428
,胡家里,30,139,725,894,11,905,0,905,312,"1,217",74.3632
,胡厝里,38,306,"1,150","1,494",16,"1,510",0,"1,510",446,"1,956",77.1984
,什乃里,24,208,706,938,7,945,0,945,270,"1,215",77.7778
,溪美里,46,398,940,"1,384",10,"1,394",0,"1,394",454,"1,848",75.4329
,六分里,17,123,407,547,2,549,0,549,150,699,78.5408
,六德里,35,153,579,767,8,775,0,775,264,"1,039",74.5910
,田寮里,23,283,938,"1,244",13,"1,257",0,"1,257",396,"1,653",76.0436
,昌隆里,33,296,"1,028","1,357",22,"1,379",0,"1,379",551,"1,930",71.4508
,牛庄里,38,279,878,"1,195",16,"1,211",0,"1,211",387,"1,598",75.7822
,嘉北里,38,251,878,"1,167",12,"1,179",0,"1,179",328,"1,507",78.2349
,嘉南里,14,160,613,787,12,799,0,799,284,"1,083",73.7765
,小新里,114,856,"2,251","3,221",33,"3,254",0,"3,254",992,"4,246",76.6368
,蓮潭里,108,437,"1,553","2,098",17,"2,115",0,"2,115",538,"2,653",79.7211
　新市區,,774,"5,612","16,535","22,921",224,"23,145",0,"23,145","6,901","30,046",77.0319
,新市里,73,576,"1,471","2,120",19,"2,139",0,"2,139",697,"2,836",75.4231
,新和里,162,"1,279","3,317","4,758",50,"4,808",0,"4,808","1,380","6,188",77.6988
,社內里,67,369,"1,541","1,977",17,"1,994",0,"1,994",561,"2,555",78.0431
,大洲里,10,93,403,506,1,507,0,507,163,670,75.6716
,豐華里,21,153,514,688,6,694,0,694,188,882,78.6848
,三舍里,35,270,819,"1,124",11,"1,135",0,"1,135",355,"1,490",76.1745
,大營里,92,696,"1,620","2,408",30,"2,438",0,"2,438",755,"3,193",76.3545
,大社里,120,658,"2,542","3,320",29,"3,349",0,"3,349","1,004","4,353",76.9354
,潭頂里,38,305,"1,009","1,352",9,"1,361",0,"1,361",401,"1,762",77.2418
,港墘里,75,606,"1,833","2,514",27,"2,541",0,"2,541",732,"3,273",77.6352
,永就里,81,607,"1,466","2,154",25,"2,179",0,"2,179",665,"2,844",76.6174
　安定區,,600,"4,706","13,995","19,301",222,"19,523",0,"19,523","5,911","25,434",76.7595
,蘇林里,47,380,"1,166","1,593",23,"1,616",0,"1,616",440,"2,056",78.5992
,蘇厝里,45,333,"1,089","1,467",13,"1,480",0,"1,480",487,"1,967",75.2415
,安定里,32,263,737,"1,032",7,"1,039",0,"1,039",339,"1,378",75.3991
,安加里,36,372,"1,112","1,520",22,"1,542",0,"1,542",544,"2,086",73.9214
,港尾里,40,267,802,"1,109",10,"1,119",0,"1,119",342,"1,461",76.5914
,中榮里,31,256,960,"1,247",12,"1,259",0,"1,259",367,"1,626",77.4293
,港口里,75,590,"1,461","2,126",27,"2,153",0,"2,153",665,"2,818",76.4017
,港南里,63,489,"1,436","1,988",25,"2,013",0,"2,013",566,"2,579",78.0535
,嘉同里,70,418,"1,261","1,749",23,"1,772",0,"1,772",526,"2,298",77.1105
,中沙里,11,147,409,567,3,570,0,570,136,706,80.7365
,新吉里,57,411,"1,354","1,822",19,"1,841",0,"1,841",560,"2,401",76.6764
,海寮里,49,520,"1,306","1,875",28,"1,903",0,"1,903",608,"2,511",75.7865
,文科里,44,260,902,"1,206",10,"1,216",0,"1,216",331,"1,547",78.6037
　山上區,,139,"1,285","3,148","4,572",51,"4,623",0,"4,623","1,665","6,288",73.5210
,明和里,40,304,849,"1,193",10,"1,203",0,"1,203",450,"1,653",72.7768
,南洲里,32,309,738,"1,079",20,"1,099",0,"1,099",390,"1,489",73.8079
,山上里,14,233,429,676,10,686,0,686,256,942,72.8238
,新莊里,24,153,518,695,2,697,0,697,218,915,76.1749
,玉?里,8,109,259,376,1,377,0,377,161,538,70.0743
,平陽里,9,107,165,281,5,286,0,286,83,369,77.5068
,豐德里,12,70,190,272,3,275,0,275,107,382,71.9895
　玉井區,,280,"3,452","4,645","8,377",99,"8,476",0,"8,476","3,437","11,913",71.1492
,玉井里,37,380,441,858,6,864,0,864,343,"1,207",71.5824
,玉田里,86,"1,072","1,356","2,514",21,"2,535",0,"2,535","1,008","3,543",71.5495
,中正里,32,321,462,815,9,824,0,824,343,"1,167",70.6084
,竹圍里,22,367,557,946,18,964,0,964,425,"1,389",69.4024
,沙田里,5,154,180,339,5,344,0,344,138,482,71.3693
,三埔里,11,123,201,335,3,338,0,338,144,482,70.1245
,三和里,16,224,309,549,3,552,0,552,181,733,75.3070
,望明里,34,385,552,971,13,984,0,984,405,"1,389",70.8423
,層林里,8,175,232,415,7,422,0,422,170,592,71.2838
,豐里里,29,251,355,635,14,649,0,649,280,929,69.8601
　楠西區,,167,"2,769","2,725","5,661",64,"5,725",0,"5,725","2,455","8,180",69.9878
,楠西里,37,621,551,"1,209",10,"1,219",0,"1,219",554,"1,773",68.7535
,灣丘里,22,351,356,729,9,738,0,738,363,"1,101",67.0300
,密枝里,12,232,203,447,8,455,0,455,220,675,67.4074
,照興里,21,302,318,641,10,651,0,651,296,947,68.7434
,鹿田里,23,304,293,620,3,623,0,623,248,871,71.5270
,龜丹里,15,215,237,467,9,476,0,476,171,647,73.5703
,東勢里,37,744,767,"1,548",15,"1,563",0,"1,563",603,"2,166",72.1607
　南化區,,162,"2,136","2,897","5,195",46,"5,241",0,"5,241","2,284","7,525",69.6478
,南化里,32,397,585,"1,014",7,"1,021",0,"1,021",323,"1,344",75.9673
,小崙里,20,222,264,506,6,512,0,512,267,779,65.7253
,東和里,13,154,267,434,4,438,0,438,182,620,70.6452
,西埔里,15,204,286,505,3,508,0,508,247,755,67.2848
,中坑里,8,124,160,292,1,293,0,293,109,402,72.8856
,北平里,12,124,244,380,6,386,0,386,154,540,71.4815
,北寮里,18,339,435,792,8,800,0,800,338,"1,138",70.2988
,玉山里,15,328,376,719,8,727,0,727,302,"1,029",70.6511
,關山里,29,244,280,553,3,556,0,556,362,918,60.5664
　左鎮區,,70,927,"1,861","2,858",31,"2,889",0,"2,889","1,361","4,250",67.9765
,光和里,5,93,150,248,0,248,0,248,138,386,64.2487
,榮和里,5,121,308,434,3,437,0,437,171,608,71.8750
,左鎮里,10,95,222,327,2,329,0,329,136,465,70.7527
,中正里,17,190,261,468,4,472,0,472,243,715,66.0140
,睦光里,6,76,147,229,6,235,0,235,91,326,72.0859
,內庄里,4,117,148,269,2,271,0,271,115,386,70.2073
,岡林里,9,74,178,261,4,265,0,265,135,400,66.2500
,草山里,4,62,109,175,3,178,0,178,116,294,60.5442
,二寮里,5,32,101,138,3,141,0,141,38,179,78.7709
,澄山里,5,67,237,309,4,313,0,313,178,491,63.7475
　仁德區,,"1,836","14,785","32,224","48,845",523,"49,368",4,"49,372","14,034","63,406",77.8601
,太子里,135,980,"2,990","4,105",34,"4,139",0,"4,139","1,106","5,245",78.9133
,土庫里,68,437,"1,596","2,101",24,"2,125",0,"2,125",586,"2,711",78.3844
,一甲里,92,550,"1,386","2,028",26,"2,054",0,"2,054",519,"2,573",79.8290
,仁德里,208,"1,650","3,468","5,326",48,"5,374",1,"5,375","1,797","7,172",74.9303
,仁義里,288,"2,087","4,525","6,900",72,"6,972",2,"6,974","1,817","8,791",79.3084
,新田里,101,719,"1,766","2,586",31,"2,617",0,"2,617",685,"3,302",79.2550
,後壁里,274,"1,889","4,715","6,878",84,"6,962",0,"6,962","2,019","8,981",77.5192
,上崙里,155,"1,219","3,018","4,392",48,"4,440",0,"4,440","1,331","5,771",76.9364
,文賢里,56,494,"1,189","1,739",16,"1,755",0,"1,755",449,"2,204",79.6279
,保安里,73,594,"1,406","2,073",15,"2,088",0,"2,088",594,"2,682",77.8523
,成功里,133,"1,528","1,866","3,527",38,"3,565",1,"3,566","1,071","4,637",76.8816
,仁和里,38,800,285,"1,123",9,"1,132",0,"1,132",300,"1,432",79.0503
,仁愛里,36,424,438,898,8,906,0,906,286,"1,192",76.0067
,二行里,72,454,"1,014","1,540",20,"1,560",0,"1,560",475,"2,035",76.6585
,大甲里,57,403,"1,155","1,615",25,"1,640",0,"1,640",427,"2,067",79.3420
,中洲里,50,557,"1,407","2,014",25,"2,039",0,"2,039",572,"2,611",78.0927
　歸仁區,,"1,455","11,285","30,450","43,190",441,"43,631",0,"43,631","12,156","55,787",78.2100
,南保里,142,"1,177","3,138","4,457",44,"4,501",0,"4,501","1,248","5,749",78.2919
,南興里,109,864,"2,265","3,238",24,"3,262",0,"3,262",825,"4,087",79.8140
,六甲里,75,676,"1,920","2,671",29,"2,700",0,"2,700","1,020","3,720",72.5806
,歸南里,62,458,"1,214","1,734",21,"1,755",0,"1,755",453,"2,208",79.4837
,後市里,88,694,"1,648","2,430",16,"2,446",0,"2,446",701,"3,147",77.7248
,文化里,67,651,"1,525","2,243",10,"2,253",0,"2,253",614,"2,867",78.5839
,辜厝里,106,690,"1,702","2,498",16,"2,514",0,"2,514",686,"3,200",78.5625
,新厝里,57,433,"1,382","1,872",22,"1,894",0,"1,894",486,"2,380",79.5798
,許厝里,82,641,"1,692","2,415",31,"2,446",0,"2,446",727,"3,173",77.0879
,看西里,48,380,"1,176","1,604",25,"1,629",0,"1,629",413,"2,042",79.7747
,看東里,52,386,931,"1,369",19,"1,388",0,"1,388",356,"1,744",79.5872
,崙頂里,86,576,"1,663","2,325",22,"2,347",0,"2,347",557,"2,904",80.8196
,沙崙里,8,136,357,501,6,507,0,507,164,671,75.5589
,大潭里,44,312,"1,064","1,420",14,"1,434",0,"1,434",383,"1,817",78.9213
,武東里,47,325,824,"1,196",8,"1,204",0,"1,204",546,"1,750",68.8000
,歸仁里,55,541,"1,125","1,721",20,"1,741",0,"1,741",473,"2,214",78.6360
,八甲里,71,517,"1,344","1,932",31,"1,963",0,"1,963",525,"2,488",78.8987
,七甲里,93,612,"1,764","2,469",27,"2,496",0,"2,496",634,"3,130",79.7444
,媽廟里,52,366,"1,084","1,502",10,"1,512",0,"1,512",398,"1,910",79.1623
,西埔里,37,304,977,"1,318",16,"1,334",0,"1,334",342,"1,676",79.5943
,大廟里,74,546,"1,655","2,275",30,"2,305",0,"2,305",605,"2,910",79.2096
　關廟區,,729,"6,082","15,780","22,591",199,"22,790",0,"22,790","6,439","29,229",77.9705
,關廟里,69,477,"1,088","1,634",18,"1,652",0,"1,652",450,"2,102",78.5918
,山西里,45,391,"1,135","1,571",16,"1,587",0,"1,587",415,"2,002",79.2707
,香洋里,91,749,"1,636","2,476",30,"2,506",0,"2,506",724,"3,230",77.5851
,北勢里,46,452,"1,357","1,855",14,"1,869",0,"1,869",528,"2,397",77.9725
,新埔里,23,209,532,764,6,770,0,770,229,999,77.0771
,新光里,11,112,398,521,8,529,0,529,185,714,74.0896
,五甲里,82,745,"1,595","2,422",20,"2,442",0,"2,442",637,"3,079",79.3115
,東勢里,74,626,"1,639","2,339",23,"2,362",0,"2,362",689,"3,051",77.4172
,松腳里,43,384,"1,083","1,510",13,"1,523",0,"1,523",372,"1,895",80.3694
,花園里,96,665,"1,822","2,583",26,"2,609",0,"2,609",742,"3,351",77.8574
,深坑里,43,312,752,"1,107",6,"1,113",0,"1,113",340,"1,453",76.6001
,布袋里,25,201,696,922,4,926,0,926,252,"1,178",78.6078
,南雄里,31,276,825,"1,132",5,"1,137",0,"1,137",329,"1,466",77.5580
,埤頭里,39,376,972,"1,387",10,"1,397",0,"1,397",443,"1,840",75.9239
,下湖里,11,107,250,368,0,368,0,368,104,472,77.9661
　龍崎區,,96,876,"1,693","2,665",29,"2,694",0,"2,694",919,"3,613",74.5641
,崎頂里,20,231,514,765,13,778,0,778,236,"1,014",76.7258
,土崎里,20,131,297,448,3,451,0,451,167,618,72.9773
,中坑里,1,26,70,97,2,99,0,99,48,147,67.3469
,楠坑里,9,91,179,279,0,279,0,279,86,365,76.4384
,牛埔里,9,65,177,251,2,253,0,253,69,322,78.5714
,大坪里,9,90,119,218,6,224,0,224,81,305,73.4426
,龍船里,15,137,152,304,3,307,0,307,110,417,73.6211
,石??里,13,105,185,303,0,303,0,303,122,425,71.2941
　永康區,,"5,562","44,565","93,745","143,872","1,441","145,313",6,"145,319","45,794","191,113",76.0351
,五王里,163,"1,353","2,563","4,079",42,"4,121",0,"4,121","1,433","5,554",74.1988
,三合里,87,896,"1,572","2,555",29,"2,584",0,"2,584",813,"3,397",76.0671
,六合里,173,"1,353","2,429","3,955",52,"4,007",2,"4,009","1,312","5,321",75.3054
,網寮里,200,"1,438","3,393","5,031",57,"5,088",0,"5,088","1,607","6,695",75.9970
,二王里,224,"2,004","3,483","5,711",58,"5,769",0,"5,769","1,815","7,584",76.0680
,永康里,211,"1,727","3,854","5,792",77,"5,869",0,"5,869","2,759","8,628",68.0227
,埔園里,229,"1,379","3,669","5,277",61,"5,338",0,"5,338","1,597","6,935",76.9719
,龍埔里,111,664,"1,846","2,621",33,"2,654",0,"2,654",752,"3,406",77.9213
,正強里,199,"1,633","3,823","5,655",57,"5,712",0,"5,712","1,675","7,387",77.3250
,大橋里,168,"1,372","2,729","4,269",32,"4,301",1,"4,302","1,227","5,529",77.7898
,東橋里,191,"1,353","3,516","5,060",42,"5,102",0,"5,102","1,436","6,538",78.0361
,西橋里,101,674,"1,472","2,247",14,"2,261",0,"2,261",755,"3,016",74.9668
,安康里,152,"1,094","2,242","3,488",43,"3,531",0,"3,531","1,203","4,734",74.5881
,蔦松里,55,366,966,"1,387",11,"1,398",0,"1,398",402,"1,800",77.6667
,三民里,27,305,765,"1,097",14,"1,111",0,"1,111",337,"1,448",76.7265
,?行里,141,968,"2,513","3,622",29,"3,651",0,"3,651","1,112","4,763",76.6534
,?興里,117,736,"1,825","2,678",20,"2,698",0,"2,698",915,"3,613",74.6748
,?洲里,170,"1,133","2,951","4,254",45,"4,299",0,"4,299","1,236","5,535",77.6694
,甲頂里,79,452,"1,173","1,704",15,"1,719",0,"1,719",477,"2,196",78.2787
,尚頂里,117,753,"1,926","2,796",20,"2,816",2,"2,818",864,"3,682",76.4802
,龍潭里,159,"1,068","3,182","4,409",66,"4,475",1,"4,476","1,466","5,942",75.3113
,永明里,144,"1,016","2,154","3,314",31,"3,345",0,"3,345",999,"4,344",77.0028
,王行里,71,418,"1,381","1,870",20,"1,890",0,"1,890",539,"2,429",77.8098
,烏竹里,90,535,"1,423","2,048",13,"2,061",0,"2,061",581,"2,642",78.0091
,西勢里,151,"1,212","3,137","4,500",41,"4,541",0,"4,541","1,328","5,869",77.3726
,新樹里,58,333,"1,148","1,539",20,"1,559",0,"1,559",479,"2,038",76.4966
,大灣里,99,566,"1,882","2,547",23,"2,570",0,"2,570",755,"3,325",77.2932
,東灣里,71,651,"1,899","2,621",21,"2,642",0,"2,642",792,"3,434",76.9365
,西灣里,201,"1,440","3,745","5,386",41,"5,427",0,"5,427","1,612","7,039",77.0990
,南灣里,99,682,"2,079","2,860",18,"2,878",0,"2,878",854,"3,732",77.1168
,崑山里,148,"1,252","2,962","4,362",35,"4,397",0,"4,397","1,257","5,654",77.7680
,北灣里,109,735,"2,175","3,019",39,"3,058",0,"3,058",863,"3,921",77.9903
,北興里,126,937,"2,558","3,621",20,"3,641",0,"3,641","1,059","4,700",77.4681
,復興里,38,768,552,"1,358",17,"1,375",0,"1,375",560,"1,935",71.0594
,光復里,11,215,128,354,5,359,0,359,154,513,69.9805
,建國里,57,703,605,"1,365",15,"1,380",0,"1,380",463,"1,843",74.8779
,復國里,236,"2,469","3,430","6,135",70,"6,205",0,"6,205","2,094","8,299",74.7680
,復華里,253,"2,536","3,945","6,734",66,"6,800",0,"6,800","2,196","8,996",75.5892
,神洲里,39,366,381,786,6,792,0,792,313,"1,105",71.6742
,成功里,66,894,607,"1,567",20,"1,587",0,"1,587",456,"2,043",77.6799
,中華里,83,904,"1,179","2,166",22,"2,188",0,"2,188",580,"2,768",79.0462
,中興里,105,"1,017","1,366","2,488",28,"2,516",0,"2,516",759,"3,275",76.8244
,勝利里,233,"2,195","3,117","5,545",53,"5,598",0,"5,598","1,908","7,506",74.5803
　東區,,"4,461","41,044","69,040","114,545","1,225","115,770",3,"115,773","33,704","149,477",77.4500
,崇信里,89,914,"1,758","2,761",45,"2,806",0,"2,806","1,459","4,265",65.7913
,崇學里,80,752,"1,345","2,177",30,"2,207",0,"2,207",614,"2,821",78.2347
,大學里,36,338,488,862,10,872,0,872,228,"1,100",79.2727
,成大里,54,576,765,"1,395",24,"1,419",0,"1,419",501,"1,920",73.9063
,東門里,58,428,873,"1,359",16,"1,375",0,"1,375",439,"1,814",75.7993
,圍下里,74,476,861,"1,411",19,"1,430",0,"1,430",417,"1,847",77.4228
,中西里,106,798,"1,385","2,289",28,"2,317",0,"2,317",688,"3,005",77.1048
,東安里,29,299,613,941,7,948,0,948,380,"1,328",71.3855
,忠孝里,146,"1,288","1,745","3,179",30,"3,209",1,"3,210",929,"4,139",77.5308
,大福里,42,443,717,"1,202",16,"1,218",0,"1,218",427,"1,645",74.0426
,大德里,42,390,697,"1,129",5,"1,134",0,"1,134",371,"1,505",75.3488
,路東里,51,474,644,"1,169",15,"1,184",0,"1,184",369,"1,553",76.2395
,大同里,61,714,"1,277","2,052",21,"2,073",0,"2,073",779,"2,852",72.6858
,泉南里,126,"1,139","2,180","3,445",40,"3,485",0,"3,485","1,119","4,604",75.6950
,龍山里,143,"1,184","2,088","3,415",33,"3,448",0,"3,448","1,049","4,497",76.6733
,德光里,137,"1,109","1,774","3,020",25,"3,045",0,"3,045",831,"3,876",78.5604
,崇德里,126,"1,245","2,031","3,402",45,"3,447",0,"3,447",884,"4,331",79.5890
,崇善里,155,"1,232","2,460","3,847",36,"3,883",0,"3,883",999,"4,882",79.5371
,崇成里,81,806,"1,309","2,196",26,"2,222",0,"2,222",616,"2,838",78.2946
,崇文里,165,"1,650","2,664","4,479",52,"4,531",0,"4,531","1,173","5,704",79.4355
,東智里,72,699,"1,150","1,921",17,"1,938",0,"1,938",604,"2,542",76.2392
,大智里,184,"1,919","2,797","4,900",41,"4,941",0,"4,941","1,456","6,397",77.2393
,德高里,79,755,"1,524","2,358",18,"2,376",0,"2,376",653,"3,029",78.4417
,仁和里,114,"1,073","2,057","3,244",32,"3,276",1,"3,277","1,073","4,350",75.3103
,和平里,154,"1,243","2,336","3,733",40,"3,773",0,"3,773","1,100","4,873",77.4266
,虎尾里,136,"1,282","2,386","3,804",48,"3,852",0,"3,852","1,011","4,863",79.2104
,裕聖里,172,"1,298","2,000","3,470",37,"3,507",0,"3,507",820,"4,327",81.0492
,復興里,79,781,"1,630","2,490",25,"2,515",0,"2,515",697,"3,212",78.3001
,自強里,183,"1,343","2,266","3,792",48,"3,840",0,"3,840","1,163","5,003",76.7539
,東聖里,65,580,"1,067","1,712",12,"1,724",0,"1,724",503,"2,227",77.4136
,關聖里,140,"1,274","1,884","3,298",34,"3,332",0,"3,332",896,"4,228",78.8079
,南聖里,82,714,"1,131","1,927",20,"1,947",0,"1,947",435,"2,382",81.7380
,文聖里,146,"1,166","1,925","3,237",34,"3,271",0,"3,271",779,"4,050",80.7654
,後甲里,67,801,"1,317","2,185",21,"2,206",0,"2,206",612,"2,818",78.2825
,東光里,146,"1,430","2,094","3,670",37,"3,707",0,"3,707","1,000","4,707",78.7550
,東明里,78,865,"1,261","2,204",22,"2,226",0,"2,226",633,"2,859",77.8594
,莊敬里,107,993,"1,649","2,749",17,"2,766",0,"2,766",718,"3,484",79.3915
,小東里,116,"1,207","1,801","3,124",36,"3,160",0,"3,160",967,"4,127",76.5689
,新東里,82,681,"1,081","1,844",22,"1,866",0,"1,866",500,"2,366",78.8673
,崇誨里,63,808,966,"1,837",11,"1,848",0,"1,848",528,"2,376",77.7778
,衛國里,37,414,646,"1,097",17,"1,114",0,"1,114",380,"1,494",74.5649
,裕農里,93,738,"1,338","2,169",26,"2,195",0,"2,195",644,"2,839",77.3160
,富強里,100,"1,032","2,241","3,373",43,"3,416",1,"3,417",945,"4,362",78.3127
,富裕里,64,492,"1,077","1,633",17,"1,650",0,"1,650",492,"2,142",77.0308
,崇明里,101,"1,201","1,742","3,044",27,"3,071",0,"3,071",823,"3,894",78.8649
　南區,,"2,790","23,551","55,076","81,417",835,"82,252",0,"82,252","24,449","106,701",77.0864
,大恩里,101,979,"1,459","2,539",19,"2,558",0,"2,558",733,"3,291",77.7271
,大林里,46,672,938,"1,656",16,"1,672",0,"1,672",518,"2,190",76.3470
,大忠里,107,"1,221","2,095","3,423",35,"3,458",0,"3,458",986,"4,444",77.8128
,新生里,107,"1,500",931,"2,538",26,"2,564",0,"2,564",767,"3,331",76.9739
,竹溪里,59,445,720,"1,224",10,"1,234",0,"1,234",357,"1,591",77.5613
,明德里,36,354,573,963,12,975,0,975,334,"1,309",74.4843
,大成里,25,361,719,"1,105",16,"1,121",0,"1,121",302,"1,423",78.7772
,田寮里,100,782,"1,534","2,416",27,"2,443",0,"2,443",658,"3,101",78.7810
,新興里,56,606,"1,311","1,973",23,"1,996",0,"1,996",681,"2,677",74.5611
,再興里,63,482,"1,151","1,696",28,"1,724",0,"1,724",506,"2,230",77.3094
,廣州里,44,472,"1,229","1,745",15,"1,760",0,"1,760",455,"2,215",79.4582
,新昌里,76,520,"1,083","1,679",15,"1,694",0,"1,694",504,"2,198",77.0701
,文華里,86,756,"1,676","2,518",24,"2,542",0,"2,542",654,"3,196",79.5369
,文南里,116,"1,180","2,549","3,845",38,"3,883",0,"3,883","1,090","4,973",78.0816
,金華里,130,"1,051","2,508","3,689",38,"3,727",0,"3,727","1,168","4,895",76.1389
,國宅里,72,605,"1,516","2,193",25,"2,218",0,"2,218",650,"2,868",77.3361
,鹽埕里,87,757,"1,969","2,813",20,"2,833",0,"2,833",817,"3,650",77.6164
,光明里,99,759,"2,277","3,135",34,"3,169",0,"3,169",934,"4,103",77.2362
,明亮里,100,713,"1,906","2,719",29,"2,748",0,"2,748",766,"3,514",78.2015
,府南里,128,"1,066","2,343","3,537",42,"3,579",0,"3,579","1,119","4,698",76.1814
,明興里,94,572,"1,806","2,472",34,"2,506",0,"2,506",743,"3,249",77.1314
,郡南里,80,759,"1,811","2,650",28,"2,678",0,"2,678",783,"3,461",77.3765
,建南里,142,"1,045","2,755","3,942",32,"3,974",0,"3,974",976,"4,950",80.2828
,南都里,85,498,"1,163","1,746",14,"1,760",0,"1,760",918,"2,678",65.7207
,南華里,57,536,"1,153","1,746",16,"1,762",0,"1,762",601,"2,363",74.5662
,開南里,166,"1,203","2,768","4,137",41,"4,178",0,"4,178","1,411","5,589",74.7540
,彰南里,54,336,816,"1,206",15,"1,221",0,"1,221",353,"1,574",77.5731
,鯤鯓里,41,361,886,"1,288",17,"1,305",0,"1,305",417,"1,722",75.7840
,喜北里,42,334,"1,233","1,609",21,"1,630",0,"1,630",475,"2,105",77.4347
,喜南里,15,153,742,910,5,915,0,915,287,"1,202",76.1231
,喜東里,29,314,"1,223","1,566",15,"1,581",0,"1,581",434,"2,015",78.4615
,省躬里,98,566,"1,968","2,632",28,"2,660",0,"2,660",823,"3,483",76.3709
,永寧里,30,281,"1,005","1,316",19,"1,335",0,"1,335",360,"1,695",78.7611
,松安里,37,264,"1,042","1,343",18,"1,361",0,"1,361",358,"1,719",79.1739
,佛壇里,59,336,"1,502","1,897",13,"1,910",0,"1,910",491,"2,401",79.5502
,同安里,43,349,"1,237","1,629",12,"1,641",0,"1,641",489,"2,130",77.0423
,興農里,80,363,"1,479","1,922",15,"1,937",0,"1,937",531,"2,468",78.4846
　北區,,"3,215","26,684","51,932","81,831",870,"82,701",2,"82,703","25,420","108,123",76.4879
,開元里,97,895,"1,530","2,522",31,"2,553",1,"2,554",811,"3,365",75.8692
,元寶里,104,901,"1,805","2,810",31,"2,841",0,"2,841","1,051","3,892",72.9959
,合興里,104,845,"1,654","2,603",30,"2,633",0,"2,633",754,"3,387",77.7384
,力行里,62,672,"1,080","1,814",21,"1,835",0,"1,835",550,"2,385",76.9392
,重興里,61,548,815,"1,424",15,"1,439",0,"1,439",374,"1,813",79.3712
,東興里,51,656,820,"1,527",11,"1,538",0,"1,538",419,"1,957",78.5897
,長勝里,125,"1,474","1,224","2,823",36,"2,859",0,"2,859","1,008","3,867",73.9333
,振興里,53,490,876,"1,419",24,"1,443",0,"1,443",468,"1,911",75.5102
,仁愛里,57,553,952,"1,562",16,"1,578",0,"1,578",439,"2,017",78.2350
,中樓里,42,359,651,"1,052",20,"1,072",0,"1,072",361,"1,433",74.8081
,永祥里,97,811,"1,361","2,269",18,"2,287",0,"2,287",700,"2,987",76.5651
,北門里,148,"1,356","2,378","3,882",46,"3,928",1,"3,929","1,235","5,164",76.0651
,大光里,144,"1,787","1,598","3,529",30,"3,559",0,"3,559","1,220","4,779",74.4716
,大興里,93,762,"1,295","2,150",23,"2,173",0,"2,173",775,"2,948",73.7110
,公園里,53,506,710,"1,269",17,"1,286",0,"1,286",501,"1,787",71.9642
,北華里,88,748,"1,764","2,600",38,"2,638",0,"2,638","1,395","4,033",65.4104
,長興里,76,604,"1,323","2,003",15,"2,018",0,"2,018",691,"2,709",74.4924
,小北里,119,858,"1,922","2,899",36,"2,935",0,"2,935",923,"3,858",76.0757
,正覺里,112,583,"1,681","2,376",22,"2,398",0,"2,398",713,"3,111",77.0813
,成功里,134,923,"2,289","3,346",26,"3,372",0,"3,372",939,"4,311",78.2185
,華德里,94,725,"1,694","2,513",27,"2,540",0,"2,540",677,"3,217",78.9555
,福德里,122,989,"2,179","3,290",39,"3,329",0,"3,329",841,"4,170",79.8321
,成德里,136,992,"2,093","3,221",23,"3,244",0,"3,244",908,"4,152",78.1310
,和順里,161,"1,140","2,329","3,630",33,"3,663",0,"3,663","1,045","4,708",77.8037
,立人里,61,540,"1,308","1,909",22,"1,931",0,"1,931",577,"2,508",76.9936
,雙安里,79,582,"1,062","1,723",15,"1,738",0,"1,738",473,"2,211",78.6070
,文成里,98,651,"1,471","2,220",27,"2,247",0,"2,247",621,"2,868",78.3473
,元美里,94,624,"1,545","2,263",27,"2,290",0,"2,290",570,"2,860",80.0699
,文元里,85,642,"1,756","2,483",25,"2,508",0,"2,508",737,"3,245",77.2881
,大和里,95,680,"1,992","2,767",29,"2,796",0,"2,796",773,"3,569",78.3413
,大港里,152,"1,187","2,697","4,036",32,"4,068",0,"4,068","1,153","5,221",77.9161
,大豐里,114,839,"2,207","3,160",32,"3,192",0,"3,192","1,002","4,194",76.1087
,賢北里,104,762,"1,871","2,737",33,"2,770",0,"2,770",716,"3,486",79.4607
　安南區,,"4,307","29,236","84,284","117,827","1,241","119,068",2,"119,070","37,621","156,691",75.9890
,東和里,99,503,"1,416","2,018",22,"2,040",0,"2,040",558,"2,598",78.5219
,塭南里,124,841,"2,458","3,423",33,"3,456",0,"3,456",946,"4,402",78.5098
,州南里,123,962,"2,620","3,705",32,"3,737",0,"3,737","1,091","4,828",77.4027
,州北里,134,823,"2,411","3,368",45,"3,413",0,"3,413",975,"4,388",77.7803
,安順里,123,914,"2,449","3,486",32,"3,518",0,"3,518","1,006","4,524",77.7630
,新順里,176,"1,205","3,077","4,458",39,"4,497",0,"4,497","1,318","5,815",77.3345
,頂安里,138,738,"2,546","3,422",29,"3,451",0,"3,451",967,"4,418",78.1123
,安慶里,161,"1,011","3,303","4,475",46,"4,521",0,"4,521","1,347","5,868",77.0450
,溪北里,86,550,"1,477","2,113",19,"2,132",0,"2,132",575,"2,707",78.7588
,安和里,44,393,"1,113","1,550",23,"1,573",0,"1,573",523,"2,096",75.0477
,安西里,93,676,"1,930","2,699",26,"2,725",0,"2,725",723,"3,448",79.0313
,溪頂里,115,901,"2,291","3,307",34,"3,341",0,"3,341",938,"4,279",78.0790
,安東里,78,461,"1,543","2,082",34,"2,116",0,"2,116",596,"2,712",78.0236
,鳳凰里,113,854,"2,176","3,143",25,"3,168",0,"3,168","1,140","4,308",73.5376
,梅花里,101,738,"2,051","2,890",38,"2,928",0,"2,928",985,"3,913",74.8275
,理想里,128,837,"2,456","3,421",26,"3,447",0,"3,447",981,"4,428",77.8455
,海東里,153,940,"2,853","3,946",19,"3,965",0,"3,965","1,406","5,371",73.8224
,大安里,96,700,"1,954","2,750",36,"2,786",0,"2,786",791,"3,577",77.8865
,原佃里,71,388,"1,120","1,579",17,"1,596",0,"1,596",510,"2,106",75.7835
,長安里,139,772,"2,449","3,360",23,"3,383",0,"3,383","1,136","4,519",74.8617
,公親里,31,186,648,865,12,877,0,877,262,"1,139",76.9974
,布袋里,37,316,766,"1,119",6,"1,125",0,"1,125",351,"1,476",76.2195
,總頭里,46,307,977,"1,330",19,"1,349",0,"1,349",443,"1,792",75.2790
,南興里,51,266,956,"1,273",14,"1,287",0,"1,287",460,"1,747",73.6691
,學東里,46,387,"1,166","1,599",13,"1,612",0,"1,612",666,"2,278",70.7638
,公塭里,17,164,577,758,7,765,0,765,181,946,80.8668
,佃東里,99,625,"1,691","2,415",31,"2,446",0,"2,446",856,"3,302",74.0763
,佃西里,55,310,"1,050","1,415",23,"1,438",0,"1,438",514,"1,952",73.6680
,淵西里,74,576,"1,794","2,444",34,"2,478",0,"2,478",822,"3,300",75.0909
,海西里,72,543,"1,392","2,007",27,"2,034",0,"2,034",672,"2,706",75.1663
,溪心里,191,"1,328","3,617","5,136",53,"5,189",0,"5,189","2,226","7,415",69.9798
,淵東里,101,781,"2,400","3,282",40,"3,322",1,"3,323","1,134","4,457",74.5344
,淵中里,84,602,"1,734","2,420",19,"2,439",0,"2,439",789,"3,228",75.5576
,溪墘里,76,564,"1,682","2,322",20,"2,342",0,"2,342",655,"2,997",78.1448
,海佃里,109,748,"2,338","3,195",36,"3,231",0,"3,231",916,"4,147",77.9117
,國安里,69,425,"1,230","1,724",21,"1,745",0,"1,745",451,"2,196",79.4627
,溪東里,123,788,"2,017","2,928",31,"2,959",0,"2,959",827,"3,786",78.1564
,安富里,140,932,"2,894","3,966",45,"4,011",0,"4,011","1,326","5,337",75.1546
,幸福里,93,590,"2,015","2,698",35,"2,733",0,"2,733",770,"3,503",78.0188
,海南里,54,360,"1,082","1,496",15,"1,511",1,"1,512",429,"1,941",77.8465
,城東里,51,286,719,"1,056",12,"1,068",0,"1,068",475,"1,543",69.2158
,城南里,70,507,"1,619","2,196",24,"2,220",0,"2,220",817,"3,037",73.0985
,青草里,37,211,727,975,11,986,0,986,451,"1,437",68.6152
,城西里,39,229,755,"1,023",7,"1,030",0,"1,030",333,"1,363",75.5686
,城北里,38,257,800,"1,095",18,"1,113",0,"1,113",372,"1,485",74.9495
,城中里,39,241,519,799,10,809,0,809,207,"1,016",79.6260
,砂崙里,36,191,726,953,7,960,0,960,299,"1,259",76.2510
,顯宮里,35,295,691,"1,021",8,"1,029",0,"1,029",383,"1,412",72.8754
,鹿耳里,31,206,415,652,13,665,0,665,238,903,73.6434
,四草里,31,411,893,"1,335",18,"1,353",0,"1,353",449,"1,802",75.0832
,?田里,37,397,701,"1,135",14,"1,149",0,"1,149",335,"1,484",77.4259
　安平區,,"1,523","12,944","26,062","40,529",437,"40,966",0,"40,966","13,419","54,385",75.3259
,文平里,146,"1,232","2,406","3,784",41,"3,825",0,"3,825","1,046","4,871",78.5260
,建平里,131,"1,142","2,443","3,716",52,"3,768",0,"3,768","1,146","4,914",76.6789
,怡平里,118,940,"1,935","2,993",42,"3,035",0,"3,035","1,048","4,083",74.3326
,華平里,120,"1,137","2,223","3,480",32,"3,512",0,"3,512","1,139","4,651",75.5106
,平通里,186,"1,565","3,159","4,910",57,"4,967",0,"4,967","1,934","6,901",71.9751
,億載里,101,676,"1,370","2,147",27,"2,174",0,"2,174",640,"2,814",77.2566
,育平里,219,"1,871","3,385","5,475",56,"5,531",0,"5,531","1,933","7,464",74.1024
,國平里,211,"1,741","3,428","5,380",48,"5,428",0,"5,428","1,634","7,062",76.8621
,漁光里,7,87,198,292,2,294,0,294,133,427,68.8525
,平安里,96,724,"1,631","2,451",25,"2,476",0,"2,476",784,"3,260",75.9509
,天妃里,84,670,"1,722","2,476",23,"2,499",0,"2,499",772,"3,271",76.3987
,王城里,52,609,"1,292","1,953",21,"1,974",0,"1,974",739,"2,713",72.7608
,金城里,52,550,870,"1,472",11,"1,483",0,"1,483",471,"1,954",75.8956
　中西區,,"1,891","14,708","31,332","47,931",576,"48,507",0,"48,507","15,268","63,775",76.0596
,赤嵌里,105,782,"1,826","2,713",27,"2,740",0,"2,740",920,"3,660",74.8634
,郡王里,81,742,"1,448","2,271",28,"2,299",0,"2,299",688,"2,987",76.9669
,法華里,102,688,"1,219","2,009",35,"2,044",0,"2,044",602,"2,646",77.2487
,開山里,80,509,"1,248","1,837",29,"1,866",0,"1,866",602,"2,468",75.6078
,永華里,69,563,"1,221","1,853",32,"1,885",0,"1,885",591,"2,476",76.1309
,藥王里,76,695,"1,747","2,518",29,"2,547",0,"2,547",834,"3,381",75.3327
,光賢里,99,692,"1,855","2,646",31,"2,677",0,"2,677",743,"3,420",78.2749
,大涼里,79,625,"1,190","1,894",26,"1,920",0,"1,920",559,"2,479",77.4506
,西湖里,213,"1,386","2,601","4,200",51,"4,251",0,"4,251","1,159","5,410",78.5767
,西賢里,152,"1,174","2,435","3,761",52,"3,813",0,"3,813",952,"4,765",80.0210
,城隍里,100,784,"1,757","2,641",28,"2,669",0,"2,669",898,"3,567",74.8248
,南美里,70,726,"1,592","2,388",22,"2,410",0,"2,410",782,"3,192",75.5013
,南門里,83,737,"1,092","1,912",20,"1,932",0,"1,932",545,"2,477",77.9976
,小西門里,97,757,"1,394","2,248",28,"2,276",0,"2,276",772,"3,048",74.6719
,五條港里,51,463,999,"1,513",8,"1,521",0,"1,521",511,"2,032",74.8524
,兌悅里,96,742,"1,810","2,648",26,"2,674",0,"2,674","1,164","3,838",69.6717
,淺草里,59,569,"1,101","1,729",16,"1,745",0,"1,745",695,"2,440",71.5164
,府前里,48,414,941,"1,403",24,"1,427",0,"1,427",513,"1,940",73.5567
,南廠里,107,799,"2,004","2,910",34,"2,944",0,"2,944",967,"3,911",75.2749
,西和里,124,861,"1,852","2,837",30,"2,867",0,"2,867",771,"3,638",78.8070
