第15任總統副總統選舉候選人在高雄市各村(里)得票數一覽表,,,,,,,,,,,,
行政區別,村里別,各組候選人得票情形,,,"有效票數A
A=1+2+...+N",無效票數B,"投票數C
C=A+B","已領未投票數
D
D=E-C","發出票數E
E=C+D",用餘票數F,"選舉人數G
G=E+F","投票率H
H=C÷G"
,,"(1)
宋楚瑜
余湘","(2)
韓國瑜
張善政","(3)
蔡英文
賴清德",,,,,,,,
,,,,,,,,,,,,
,,,,,,,,,,,,
總　計,,"55,309","610,896","1,097,621","1,763,826","17,006","1,780,832",12,"1,780,844","518,714","2,299,558",77.4424
　鹽埕區,,455,"5,270","10,425","16,150",162,"16,312",0,"16,312","4,777","21,089",77.3484
,藍橋里,30,294,662,986,7,993,0,993,256,"1,249",79.5036
,慈愛里,4,80,183,267,1,268,0,268,58,326,82.2086
,博愛里,12,130,355,497,5,502,0,502,120,622,80.7074
,壽星里,18,367,547,932,7,939,0,939,340,"1,279",73.4167
,中山里,28,296,539,863,9,872,0,872,232,"1,104",78.9855
,教仁里,44,532,981,"1,557",11,"1,568",0,"1,568",387,"1,955",80.2046
,新樂里,16,234,390,640,8,648,0,648,168,816,79.4118
,中原里,12,141,298,451,6,457,0,457,125,582,78.5223
,光明里,22,328,631,981,10,991,0,991,453,"1,444",68.6288
,育仁里,21,177,379,577,10,587,0,587,166,753,77.9548
,河濱里,55,407,780,"1,242",14,"1,256",0,"1,256",332,"1,588",79.0932
,沙地里,11,151,356,518,4,522,0,522,167,689,75.7620
,南端里,23,259,424,706,9,715,0,715,236,951,75.1840
,港都里,29,251,547,827,3,830,0,830,202,"1,032",80.4264
,江西里,20,252,560,832,8,840,0,840,224,"1,064",78.9474
,新豐里,20,213,357,590,5,595,0,595,176,771,77.1725
,府北里,39,518,933,"1,490",19,"1,509",0,"1,509",506,"2,015",74.8883
,陸橋里,23,286,558,867,7,874,0,874,262,"1,136",76.9366
,瀨南里,11,135,290,436,4,440,0,440,127,567,77.6014
,新化里,10,133,295,438,13,451,0,451,96,547,82.4497
,江南里,7,86,360,453,2,455,0,455,144,599,75.9599
　鼓山區,,"2,717","33,270","51,023","87,010",826,"87,836",0,"87,836","25,380","113,216",77.5827
,鼓峰里,47,675,703,"1,425",14,"1,439",0,"1,439",439,"1,878",76.6241
,雄峰里,37,841,579,"1,457",14,"1,471",0,"1,471",482,"1,953",75.3200
,前峰里,99,"1,426","1,647","3,172",45,"3,217",0,"3,217",817,"4,034",79.7471
,光榮里,62,698,"1,813","2,573",24,"2,597",0,"2,597",710,"3,307",78.5304
,民族里,24,340,661,"1,025",8,"1,033",0,"1,033",211,"1,244",83.0386
,內惟里,22,245,552,819,11,830,0,830,235,"1,065",77.9343
,建國里,60,644,"1,167","1,871",26,"1,897",0,"1,897",467,"2,364",80.2453
,忠正里,90,970,"1,755","2,815",23,"2,838",0,"2,838",799,"3,637",78.0313
,自強里,14,458,78,550,3,553,0,553,145,698,79.2264
,龍井里,21,333,552,906,8,914,0,914,291,"1,205",75.8506
,正德里,39,421,"1,040","1,500",10,"1,510",0,"1,510",398,"1,908",79.1405
,平和里,66,751,"1,804","2,621",27,"2,648",0,"2,648",669,"3,317",79.8312
,民強里,65,613,"1,389","2,067",15,"2,082",0,"2,082",506,"2,588",80.4482
,厚生里,41,697,"1,541","2,279",14,"2,293",0,"2,293",615,"2,908",78.8514
,龍子里,369,"4,352","6,689","11,410",108,"11,518",0,"11,518","3,255","14,773",77.9666
,龍水里,615,"6,516","9,202","16,333",170,"16,503",0,"16,503","4,606","21,109",78.1799
,明誠里,392,"5,062","6,487","11,941",114,"12,055",0,"12,055","3,612","15,667",76.9452
,華豐里,111,"1,317","1,578","3,006",27,"3,033",0,"3,033",751,"3,784",80.1533
,裕興里,85,"1,249","1,328","2,662",22,"2,684",0,"2,684",784,"3,468",77.3933
,裕豐里,48,"1,009",903,"1,960",11,"1,971",0,"1,971",512,"2,483",79.3798
,鼓岩里,12,262,573,847,12,859,0,859,299,"1,158",74.1796
,樹德里,20,254,633,907,6,913,0,913,195,"1,108",82.4007
,寶樹里,22,305,558,885,6,891,0,891,911,"1,802",49.4451
,興宗里,23,342,614,979,6,985,0,985,265,"1,250",78.8000
,光化里,44,326,528,898,8,906,0,906,291,"1,197",75.6892
,山下里,32,400,545,977,13,990,0,990,309,"1,299",76.2125
,河邊里,31,426,690,"1,147",8,"1,155",0,"1,155",354,"1,509",76.5408
,綠川里,32,305,705,"1,042",7,"1,049",0,"1,049",300,"1,349",77.7613
,登山里,7,163,282,452,1,453,0,453,145,598,75.7525
,峰南里,11,187,420,618,5,623,0,623,195,818,76.1614
,麗興里,26,203,482,711,9,720,0,720,226,946,76.1099
,新民里,23,184,512,719,10,729,0,729,210,939,77.6358
,延平里,14,146,422,582,3,585,0,585,143,728,80.3571
,維生里,22,245,643,910,5,915,0,915,285,"1,200",76.2500
,惠安里,39,216,554,809,7,816,0,816,270,"1,086",75.1381
,壽山里,20,241,701,962,11,973,0,973,335,"1,308",74.3884
,哨船頭里,22,290,434,746,14,760,0,760,221,981,77.4720
,桃源里,10,158,259,427,1,428,0,428,122,550,77.8182
　左營區,,"4,098","50,728","66,665","121,491","1,039","122,530",2,"122,532","35,373","157,905",77.5973
,進學里,35,565,664,"1,264",11,"1,275",0,"1,275","1,274","2,549",50.0196
,尾西里,29,227,523,779,8,787,0,787,203,990,79.4949
,頂北里,17,124,279,420,5,425,0,425,81,506,83.9921
,中北里,6,128,355,489,3,492,0,492,124,616,79.8701
,中南里,9,79,287,375,2,377,0,377,118,495,76.1616
,廟東里,12,113,504,629,5,634,0,634,150,784,80.8673
,廟北里,14,141,486,641,8,649,0,649,210,859,75.5530
,尾南里,12,131,404,547,6,553,0,553,153,706,78.3286
,尾北里,75,836,"1,550","2,461",30,"2,491",0,"2,491",684,"3,175",78.4567
,屏山里,29,673,388,"1,090",17,"1,107",0,"1,107",393,"1,500",73.8000
,祥和里,15,360,89,464,1,465,0,465,148,613,75.8564
,永清里,15,244,139,398,1,399,0,399,141,540,73.8889
,莒光里,44,677,558,"1,279",6,"1,285",0,"1,285",420,"1,705",75.3666
,光輝里,73,849,929,"1,851",12,"1,863",0,"1,863",513,"2,376",78.4091
,合群里,64,"1,590",298,"1,952",22,"1,974",0,"1,974",505,"2,479",79.6289
,明建里,15,270,194,479,3,482,0,482,123,605,79.6694
,頂西里,21,164,545,730,6,736,0,736,186,922,79.8265
,聖后里,19,150,421,590,5,595,0,595,127,722,82.4100
,聖西里,9,230,264,503,3,506,0,506,176,682,74.1935
,聖南里,8,94,291,393,2,395,0,395,111,506,78.0632
,城南里,11,98,265,374,3,377,0,377,119,496,76.0081
,路東里,16,151,383,550,10,560,0,560,134,694,80.6916
,?北里,3,57,244,304,6,310,0,310,82,392,79.0816
,?南里,13,131,314,458,3,461,0,461,125,586,78.6689
,埤西里,24,244,401,669,6,675,0,675,212,887,76.0992
,埤北里,19,548,360,927,10,937,0,937,358,"1,295",72.3552
,埤東里,16,271,419,706,6,712,0,712,214,926,76.8898
,海勝里,158,"3,110","1,014","4,282",50,"4,332",1,"4,333","1,172","5,505",78.6921
,崇實里,103,"1,102","1,135","2,340",23,"2,363",0,"2,363",660,"3,023",78.1674
,自助里,14,147,109,270,2,272,0,272,101,373,72.9223
,果貿里,54,"1,454",500,"2,008",12,"2,020",0,"2,020",607,"2,627",76.8938
,果惠里,44,739,330,"1,113",7,"1,120",0,"1,120",310,"1,430",78.3217
,果峰里,34,846,286,"1,166",10,"1,176",0,"1,176",378,"1,554",75.6757
,新下里,328,"4,105","5,649","10,082",105,"10,187",0,"10,187","2,749","12,936",78.7492
,新上里,608,"7,042","11,363","19,013",166,"19,179",0,"19,179","5,119","24,298",78.9324
,新中里,122,"1,069","2,649","3,840",36,"3,876",0,"3,876",995,"4,871",79.5730
,新光里,332,"3,892","5,718","9,942",76,"10,018",0,"10,018","2,714","12,732",78.6836
,菜公里,720,"7,960","12,159","20,839",157,"20,996",1,"20,997","5,867","26,864",78.1566
,福山里,958,"10,117","14,199","25,274",195,"25,469",0,"25,469","7,617","33,086",76.9782
　楠梓區,,"3,938","41,889","70,664","116,491",982,"117,473",2,"117,475","33,725","151,200",77.6938
,清豐里,555,"5,031","10,339","15,925",124,"16,049",0,"16,049","4,346","20,395",78.6909
,東寧里,102,"1,009","1,862","2,973",22,"2,995",0,"2,995",820,"3,815",78.5059
,五常里,126,"1,325","2,914","4,365",45,"4,410",0,"4,410","1,393","5,803",75.9952
,享平里,103,849,"1,733","2,685",24,"2,709",0,"2,709",840,"3,549",76.3314
,惠楠里,65,664,"1,247","1,976",15,"1,991",0,"1,991","1,044","3,035",65.6013
,中陽里,74,655,"1,713","2,442",17,"2,459",0,"2,459",689,"3,148",78.1131
,惠民里,99,949,"1,881","2,929",31,"2,960",0,"2,960",835,"3,795",77.9974
,惠豐里,151,"1,354","1,988","3,493",25,"3,518",0,"3,518",984,"4,502",78.1430
,錦屏里,51,676,"1,818","2,545",18,"2,563",0,"2,563",699,"3,262",78.5714
,玉屏里,30,307,"1,381","1,718",12,"1,730",0,"1,730",369,"2,099",82.4202
,金田里,83,606,"1,991","2,680",30,"2,710",0,"2,710",736,"3,446",78.6419
,稔田里,20,210,883,"1,113",10,"1,123",0,"1,123",250,"1,373",81.7917
,瑞屏里,84,872,"1,714","2,670",13,"2,683",0,"2,683",769,"3,452",77.7231
,翠屏里,432,"4,847","6,248","11,527",83,"11,610",0,"11,610","3,782","15,392",75.4288
,宏南里,14,299,261,574,8,582,0,582,151,733,79.3997
,宏毅里,60,643,"1,055","1,758",17,"1,775",0,"1,775",411,"2,186",81.1985
,宏榮里,69,820,996,"1,885",22,"1,907",0,"1,907",526,"2,433",78.3806
,廣昌里,68,902,"1,270","2,240",22,"2,262",0,"2,262",594,"2,856",79.2017
,久昌里,57,821,"1,150","2,028",15,"2,043",0,"2,043",638,"2,681",76.2029
,大昌里,51,645,812,"1,508",12,"1,520",0,"1,520",495,"2,015",75.4342
,福昌里,46,509,996,"1,551",18,"1,569",0,"1,569",376,"1,945",80.6684
,盛昌里,150,"1,687","2,222","4,059",35,"4,094",0,"4,094","1,081","5,175",79.1111
,泰昌里,24,404,647,"1,075",13,"1,088",0,"1,088",312,"1,400",77.7143
,興昌里,93,"1,156","1,990","3,239",24,"3,263",0,"3,263",843,"4,106",79.4691
,建昌里,63,758,"1,043","1,864",23,"1,887",1,"1,888",571,"2,459",76.7385
,宏昌里,87,945,"1,351","2,383",16,"2,399",0,"2,399",617,"3,016",79.5424
,和昌里,50,637,839,"1,526",13,"1,539",0,"1,539",433,"1,972",78.0426
,慶昌里,70,"1,112","1,284","2,466",25,"2,491",0,"2,491",574,"3,065",81.2724
,隆昌里,87,"1,406","1,591","3,084",23,"3,107",0,"3,107",889,"3,996",77.7528
,秀昌里,70,683,847,"1,600",12,"1,612",0,"1,612",455,"2,067",77.9874
,裕昌里,127,"1,185","2,120","3,432",32,"3,464",1,"3,465",980,"4,445",77.9303
,國昌里,75,933,"1,543","2,551",20,"2,571",0,"2,571",717,"3,288",78.1934
,加昌里,224,"2,585","3,221","6,030",60,"6,090",0,"6,090","1,828","7,918",76.9134
,仁昌里,155,"1,558","1,932","3,645",26,"3,671",0,"3,671","1,140","4,811",76.3043
,藍田里,214,"1,806","3,115","5,135",53,"5,188",0,"5,188","1,388","6,576",78.8929
,中興里,39,308,819,"1,166",9,"1,175",0,"1,175",273,"1,448",81.1464
,中和里,70,733,"1,848","2,651",15,"2,666",0,"2,666",877,"3,543",75.2470
　三民區,,"6,910","73,585","138,048","218,543","2,037","220,580",0,"220,580","61,096","281,676",78.3098
,鼎金里,69,920,"1,857","2,846",20,"2,866",0,"2,866",904,"3,770",76.0212
,鼎盛里,188,"1,921","3,363","5,472",54,"5,526",0,"5,526","1,628","7,154",77.2435
,鼎強里,93,984,"2,046","3,123",31,"3,154",0,"3,154",885,"4,039",78.0886
,鼎力里,81,880,"1,875","2,836",19,"2,855",0,"2,855",779,"3,634",78.5636
,鼎西里,159,"1,659","3,513","5,331",45,"5,376",0,"5,376","1,498","6,874",78.2077
,鼎中里,81,777,"1,763","2,621",24,"2,645",0,"2,645",657,"3,302",80.1030
,鼎泰里,577,"6,072","9,247","15,896",146,"16,042",0,"16,042","4,067","20,109",79.7752
,本館里,179,"2,160","4,067","6,406",54,"6,460",0,"6,460","1,738","8,198",78.7997
,本和里,153,"1,830","3,254","5,237",61,"5,298",0,"5,298","1,474","6,772",78.2339
,本文里,53,546,"1,025","1,624",14,"1,638",0,"1,638",426,"2,064",79.3605
,本武里,40,354,852,"1,246",15,"1,261",0,"1,261",306,"1,567",80.4722
,本元里,149,"1,300","2,428","3,877",33,"3,910",0,"3,910",975,"4,885",80.0409
,本安里,112,"1,223","2,037","3,372",35,"3,407",0,"3,407",814,"4,221",80.7155
,本上里,112,"1,279","2,140","3,531",27,"3,558",0,"3,558",854,"4,412",80.6437
,本揚里,167,"1,972","3,381","5,520",62,"5,582",0,"5,582","1,391","6,973",80.0516
,寶獅里,91,926,"1,713","2,730",38,"2,768",0,"2,768",748,"3,516",78.7258
,寶德里,117,"1,222","2,393","3,732",32,"3,764",0,"3,764","1,032","4,796",78.4821
,寶泰里,108,"1,049","1,874","3,031",21,"3,052",0,"3,052",958,"4,010",76.1097
,寶興里,161,"1,677","3,143","4,981",41,"5,022",0,"5,022","1,281","6,303",79.6763
,寶中里,84,681,"1,445","2,210",16,"2,226",0,"2,226",584,"2,810",79.2171
,寶華里,65,914,"1,358","2,337",20,"2,357",0,"2,357",649,"3,006",78.4098
,寶國里,203,"2,040","3,484","5,727",55,"5,782",0,"5,782","1,535","7,317",79.0215
,寶民里,70,803,"1,428","2,301",23,"2,324",0,"2,324",638,"2,962",78.4605
,寶慶里,65,651,"1,240","1,956",28,"1,984",0,"1,984",562,"2,546",77.9262
,寶業里,140,"1,428","2,544","4,112",29,"4,141",0,"4,141","1,103","5,244",78.9664
,寶盛里,128,"1,356","2,252","3,736",54,"3,790",0,"3,790",920,"4,710",80.4671
,寶安里,148,"1,956","3,048","5,152",47,"5,199",0,"5,199","1,486","6,685",77.7711
,寶龍里,89,"1,066","1,974","3,129",29,"3,158",0,"3,158",806,"3,964",79.6670
,寶珠里,128,"1,287","2,484","3,899",33,"3,932",0,"3,932","2,154","6,086",64.6073
,寶玉里,198,"2,089","3,820","6,107",69,"6,176",0,"6,176","1,616","7,792",79.2608
,灣子里,90,998,"1,736","2,824",33,"2,857",0,"2,857",837,"3,694",77.3416
,灣愛里,57,606,"1,386","2,049",24,"2,073",0,"2,073",799,"2,872",72.1797
,灣中里,110,"1,178","2,510","3,798",35,"3,833",0,"3,833","1,344","5,177",74.0390
,灣華里,51,653,"1,207","1,911",19,"1,930",0,"1,930",650,"2,580",74.8062
,灣勝里,40,391,"1,005","1,436",9,"1,445",0,"1,445",373,"1,818",79.4829
,灣利里,61,653,"1,705","2,419",23,"2,442",0,"2,442",602,"3,044",80.2234
,灣復里,82,855,"1,671","2,608",24,"2,632",0,"2,632",819,"3,451",76.2677
,正興里,314,"3,111","5,246","8,671",80,"8,751",0,"8,751","2,510","11,261",77.7107
,正順里,103,994,"1,881","2,978",22,"3,000",0,"3,000",776,"3,776",79.4492
,灣興里,40,444,937,"1,421",10,"1,431",0,"1,431",364,"1,795",79.7214
,灣成里,45,545,"1,096","1,686",10,"1,696",0,"1,696",526,"2,222",76.3276
,安康里,60,694,"1,332","2,086",20,"2,106",0,"2,106",803,"2,909",72.3960
,安寧里,42,397,905,"1,344",13,"1,357",0,"1,357",410,"1,767",76.7968
,安吉里,113,"1,167","2,004","3,284",22,"3,306",0,"3,306",977,"4,283",77.1889
,安發里,105,"1,105","2,092","3,302",33,"3,335",0,"3,335",887,"4,222",78.9910
,安東里,80,693,"1,452","2,225",20,"2,245",0,"2,245",505,"2,750",81.6364
,安和里,61,548,"1,277","1,886",16,"1,902",0,"1,902",457,"2,359",80.6274
,達德里,26,272,691,989,11,"1,000",0,"1,000",225,"1,225",81.6327
,達明里,22,329,748,"1,099",12,"1,111",0,"1,111",304,"1,415",78.5159
,達仁里,34,352,762,"1,148",9,"1,157",0,"1,157",262,"1,419",81.5363
,達勇里,25,231,445,701,6,707,0,707,209,916,77.1834
,同德里,65,659,"1,342","2,066",19,"2,085",0,"2,085",506,"2,591",80.4709
,德智里,50,539,"1,054","1,643",14,"1,657",0,"1,657",408,"2,065",80.2421
,德仁里,38,449,906,"1,393",12,"1,405",0,"1,405",411,"1,816",77.3678
,安生里,34,326,735,"1,095",11,"1,106",0,"1,106",239,"1,345",82.2305
,德東里,19,186,416,621,6,627,0,627,134,761,82.3916
,德行里,19,252,600,871,8,879,0,879,174,"1,053",83.4758
,精華里,40,381,739,"1,160",14,"1,174",0,"1,174",277,"1,451",80.9097
,民享里,40,476,"1,037","1,553",18,"1,571",0,"1,571",349,"1,920",81.8229
,安宜里,87,716,"1,619","2,422",26,"2,448",0,"2,448",513,"2,961",82.6748
,安泰里,99,981,"1,805","2,885",23,"2,908",0,"2,908",735,"3,643",79.8243
,安邦里,89,877,"1,922","2,888",31,"2,919",0,"2,919","1,096","4,015",72.7024
,十全里,32,366,902,"1,300",12,"1,312",0,"1,312",330,"1,642",79.9026
,十美里,48,476,961,"1,485",11,"1,496",0,"1,496",445,"1,941",77.0737
,德北里,46,459,915,"1,420",23,"1,443",0,"1,443",373,"1,816",79.4604
,立誠里,14,168,384,566,7,573,0,573,107,680,84.2647
,立業里,21,203,506,730,4,734,0,734,212,946,77.5899
,港東里,30,287,655,972,7,979,0,979,348,"1,327",73.7754
,港新里,32,406,652,"1,090",3,"1,093",0,"1,093",260,"1,353",80.7834
,港西里,15,178,346,539,7,546,0,546,216,762,71.6535
,博愛里,45,318,526,889,7,896,0,896,234,"1,130",79.2920
,博惠里,84,"1,067","1,892","3,043",23,"3,066",0,"3,066",789,"3,855",79.5331
,長明里,29,300,438,767,5,772,0,772,247,"1,019",75.7605
,建東里,18,324,474,816,10,826,0,826,331,"1,157",71.3915
,興德里,40,487,807,"1,334",19,"1,353",0,"1,353",353,"1,706",79.3083
,鳳南里,17,174,463,654,5,659,0,659,165,824,79.9757
,鳳北里,15,316,751,"1,082",6,"1,088",0,"1,088",262,"1,350",80.5926
,德西里,25,225,404,654,6,660,0,660,160,820,80.4878
,豐裕里,51,568,"1,184","1,803",12,"1,815",0,"1,815",574,"2,389",75.9732
,川東里,20,309,602,931,11,942,0,942,263,"1,205",78.1743
,裕民里,23,319,613,955,9,964,0,964,252,"1,216",79.2763
,力行里,26,231,604,861,6,867,0,867,198,"1,065",81.4085
,千歲里,39,287,558,884,5,889,0,889,202,"1,091",81.4849
,立德里,31,312,551,894,12,906,0,906,232,"1,138",79.6134
,千北里,29,262,538,829,10,839,0,839,162,"1,001",83.8162
,千秋里,31,463,"1,011","1,505",9,"1,514",0,"1,514",432,"1,946",77.8006
　新興區,,"1,072","12,034","19,999","33,105",330,"33,435",0,"33,435","10,031","43,466",76.9222
,浩然里,49,580,715,"1,344",8,"1,352",0,"1,352",389,"1,741",77.6565
,振成里,27,299,468,794,6,800,0,800,253,"1,053",75.9734
,德生里,71,846,"1,269","2,186",28,"2,214",0,"2,214",622,"2,836",78.0677
,振華里,23,324,426,773,4,777,0,777,244,"1,021",76.1019
,正氣里,28,381,603,"1,012",15,"1,027",0,"1,027",294,"1,321",77.7441
,德政里,19,207,276,502,7,509,0,509,133,642,79.2835
,仁聲里,20,250,433,703,3,706,0,706,239,945,74.7090
,德望里,46,565,828,"1,439",13,"1,452",0,"1,452",425,"1,877",77.3575
,華聲里,16,251,452,719,4,723,0,723,210,933,77.4920
,蕉園里,18,189,378,585,8,593,0,593,117,710,83.5211
,永寧里,34,320,610,964,10,974,0,974,325,"1,299",74.9808
,玉衡里,15,191,359,565,7,572,0,572,172,744,76.8817
,順昌里,47,526,940,"1,513",11,"1,524",0,"1,524",403,"1,927",79.0867
,文昌里,79,761,"1,188","2,028",23,"2,051",0,"2,051",576,"2,627",78.0738
,光耀里,40,652,"1,007","1,699",14,"1,713",0,"1,713",471,"2,184",78.4341
,興昌里,45,520,796,"1,361",13,"1,374",0,"1,374",351,"1,725",79.6522
,開平里,92,932,"1,535","2,559",25,"2,584",0,"2,584",693,"3,277",78.8526
,成功里,33,401,520,954,13,967,0,967,301,"1,268",76.2618
,新江里,31,232,518,781,9,790,0,790,285,"1,075",73.4884
,黎明里,21,207,393,621,8,629,0,629,192,821,76.6139
,愛平里,30,251,466,747,7,754,0,754,232,986,76.4706
,南港里,35,472,"1,004","1,511",13,"1,524",0,"1,524",342,"1,866",81.6720
,中東里,67,712,"1,042","1,821",14,"1,835",0,"1,835",873,"2,708",67.7622
,明莊里,15,175,355,545,4,549,0,549,162,711,77.2152
,大明里,29,261,485,775,6,781,0,781,248,"1,029",75.8989
,秋山里,26,202,432,660,7,667,0,667,249,916,72.8166
,長驛里,22,258,410,690,9,699,0,699,230,929,75.2422
,建興里,16,224,449,689,10,699,0,699,229,928,75.3233
,建華里,26,189,388,603,5,608,0,608,201,809,75.1545
,漢民里,17,164,352,533,6,539,0,539,151,690,78.1159
,榮治里,13,227,290,530,7,537,0,537,161,698,76.9341
,東坡里,22,265,612,899,13,912,0,912,258,"1,170",77.9487
　前金區,,640,"6,641","10,743","18,024",205,"18,229",0,"18,229","5,459","23,688",76.9546
,三川里,13,151,363,527,3,530,0,530,126,656,80.7927
,草江里,21,330,442,793,6,799,0,799,203,"1,002",79.7405
,長城里,32,289,659,980,12,992,0,992,312,"1,304",76.0736
,北金里,11,203,388,602,4,606,0,606,200,806,75.1861
,東金里,24,225,476,725,5,730,0,730,227,957,76.2800
,新生里,98,"1,067","1,557","2,722",31,"2,753",0,"2,753",792,"3,545",77.6587
,後金里,26,199,313,538,13,551,0,551,146,697,79.0531
,長興里,27,326,494,847,16,863,0,863,266,"1,129",76.4393
,青山里,62,454,801,"1,317",15,"1,332",0,"1,332",418,"1,750",76.1143
,民生里,29,235,355,619,6,625,0,625,198,823,75.9417
,復元里,32,274,398,704,5,709,0,709,217,926,76.5659
,林投里,18,211,419,648,3,651,0,651,338,989,65.8241
,國民里,21,271,418,710,8,718,0,718,197,915,78.4699
,社東里,40,465,633,"1,138",15,"1,153",0,"1,153",322,"1,475",78.1695
,社西里,27,307,448,782,9,791,0,791,244,"1,035",76.4251
,博孝里,32,264,457,753,7,760,0,760,213,973,78.1089
,長生里,52,484,688,"1,224",11,"1,235",0,"1,235",373,"1,608",76.8035
,榮復里,18,301,512,831,13,844,0,844,207,"1,051",80.3045
,文西里,19,250,436,705,10,715,0,715,193,908,78.7445
,文東里,38,335,486,859,13,872,0,872,267,"1,139",76.5584
　苓雅區,,"3,452","40,676","65,804","109,932","1,106","111,038",0,"111,038","32,087","143,125",77.5811
,安祥里,55,681,976,"1,712",18,"1,730",0,"1,730",457,"2,187",79.1038
,五權里,62,648,"1,004","1,714",9,"1,723",0,"1,723",372,"2,095",82.2434
,民主里,83,"1,089","1,685","2,857",31,"2,888",0,"2,888",793,"3,681",78.4569
,五福里,90,"1,105","1,609","2,804",33,"2,837",0,"2,837",777,"3,614",78.5003
,正心里,97,995,"1,587","2,679",39,"2,718",0,"2,718",722,"3,440",79.0116
,正道里,74,"1,141","1,805","3,020",26,"3,046",0,"3,046",901,"3,947",77.1725
,文昌里,77,921,"1,771","2,769",21,"2,790",0,"2,790",800,"3,590",77.7159
,建軍里,50,547,965,"1,562",17,"1,579",0,"1,579",416,"1,995",79.1479
,博仁里,22,226,295,543,7,550,0,550,154,704,78.1250
,苓洲里,45,443,652,"1,140",8,"1,148",0,"1,148",338,"1,486",77.2544
,苓昇里,18,323,546,887,8,895,0,895,287,"1,182",75.7191
,苓中里,41,378,809,"1,228",20,"1,248",0,"1,248",318,"1,566",79.6935
,苓雅里,40,412,623,"1,075",8,"1,083",0,"1,083",290,"1,373",78.8784
,苓東里,28,338,666,"1,032",10,"1,042",0,"1,042",369,"1,411",73.8483
,城北里,35,422,661,"1,118",7,"1,125",0,"1,125",344,"1,469",76.5827
,城西里,14,203,329,546,4,550,0,550,204,754,72.9443
,城東里,36,514,812,"1,362",14,"1,376",0,"1,376",483,"1,859",74.0183
,意誠里,97,"1,062","1,376","2,535",24,"2,559",0,"2,559",998,"3,557",71.9426
,鼓中里,21,238,449,708,7,715,0,715,188,903,79.1805
,田西里,30,348,569,947,11,958,0,958,275,"1,233",77.6967
,人和里,26,440,801,"1,267",9,"1,276",0,"1,276",413,"1,689",75.5477
,仁政里,29,374,535,938,11,949,0,949,278,"1,227",77.3431
,廣澤里,36,424,871,"1,331",8,"1,339",0,"1,339",361,"1,700",78.7647
,美田里,32,314,494,840,9,849,0,849,248,"1,097",77.3929
,華堂里,51,779,"1,358","2,188",24,"2,212",0,"2,212",694,"2,906",76.1184
,日中里,51,578,"1,006","1,635",23,"1,658",0,"1,658",430,"2,088",79.4061
,普照里,76,826,"1,356","2,258",24,"2,282",0,"2,282",659,"2,941",77.5927
,和煦里,48,567,902,"1,517",9,"1,526",0,"1,526",390,"1,916",79.6451
,晴朗里,54,432,724,"1,210",10,"1,220",0,"1,220","1,123","2,343",52.0700
,普天里,87,919,"1,502","2,508",23,"2,531",0,"2,531",714,"3,245",77.9969
,林富里,51,577,888,"1,516",12,"1,528",0,"1,528",429,"1,957",78.0787
,林圍里,60,735,970,"1,765",18,"1,783",0,"1,783",450,"2,233",79.8477
,林安里,48,454,622,"1,124",8,"1,132",0,"1,132",285,"1,417",79.8871
,光華里,16,150,347,513,6,519,0,519,143,662,78.3988
,林興里,27,283,642,952,9,961,0,961,272,"1,233",77.9400
,林華里,62,676,"1,346","2,084",18,"2,102",0,"2,102",530,"2,632",79.8632
,林西里,37,414,714,"1,165",10,"1,175",0,"1,175",335,"1,510",77.8146
,林中里,74,759,"1,271","2,104",25,"2,129",0,"2,129",607,"2,736",77.8143
,林泉里,49,623,773,"1,445",16,"1,461",0,"1,461",345,"1,806",80.8970
,林南里,59,934,"1,134","2,127",28,"2,155",0,"2,155",613,"2,768",77.8540
,中正里,68,797,"1,241","2,106",17,"2,123",0,"2,123",565,"2,688",78.9807
,尚義里,44,457,651,"1,152",13,"1,165",0,"1,165",308,"1,473",79.0903
,同慶里,55,701,935,"1,691",16,"1,707",0,"1,707",384,"2,091",81.6356
,凱旋里,75,719,834,"1,628",11,"1,639",0,"1,639",387,"2,026",80.8983
,奏捷里,35,485,642,"1,162",9,"1,171",0,"1,171",304,"1,475",79.3898
,福壽里,26,310,764,"1,100",11,"1,111",0,"1,111",292,"1,403",79.1875
,福南里,40,365,882,"1,287",19,"1,306",0,"1,306",350,"1,656",78.8647
,林德里,40,576,780,"1,396",11,"1,407",0,"1,407",374,"1,781",79.0006
,林貴里,50,489,815,"1,354",17,"1,371",0,"1,371",360,"1,731",79.2028
,林榮里,85,"1,135","1,676","2,896",29,"2,925",0,"2,925",862,"3,787",77.2379
,英明里,37,451,917,"1,405",12,"1,417",0,"1,417",385,"1,802",78.6349
,林靖里,40,575,541,"1,156",12,"1,168",0,"1,168",292,"1,460",80.0000
,朝陽里,24,365,685,"1,074",15,"1,089",0,"1,089",308,"1,397",77.9528
,福隆里,35,642,"1,222","1,899",13,"1,912",0,"1,912",518,"2,430",78.6831
,福祥里,34,340,537,911,10,921,0,921,255,"1,176",78.3163
,福海里,39,305,450,794,9,803,0,803,210,"1,013",79.2695
,福康里,59,411,947,"1,417",19,"1,436",0,"1,436",373,"1,809",79.3809
,福人里,46,555,910,"1,511",12,"1,523",0,"1,523",456,"1,979",76.9581
,福地里,50,705,"1,188","1,943",22,"1,965",0,"1,965",586,"2,551",77.0286
,福居里,43,627,"1,304","1,974",20,"1,994",0,"1,994",582,"2,576",77.4068
,福東里,65,685,"1,160","1,910",17,"1,927",0,"1,927",565,"2,492",77.3274
,福西里,34,410,864,"1,308",13,"1,321",0,"1,321",386,"1,707",77.3872
,永康里,45,624,943,"1,612",17,"1,629",0,"1,629",428,"2,057",79.1930
,正文里,53,531,970,"1,554",16,"1,570",0,"1,570",449,"2,019",77.7613
,正言里,73,791,"1,248","2,112",21,"2,133",0,"2,133",722,"2,855",74.7110
,正大里,114,"1,398","2,123","3,635",56,"3,691",0,"3,691","1,160","4,851",76.0874
,正義里,55,617,"1,218","1,890",18,"1,908",0,"1,908",434,"2,342",81.4688
,正仁里,46,716,"1,093","1,855",16,"1,871",0,"1,871",578,"2,449",76.3985
,衛武里,54,602,819,"1,475",13,"1,488",0,"1,488",409,"1,897",78.4396
　前鎮區,,"3,644","41,166","76,988","121,798","1,114","122,912",0,"122,912","34,715","157,627",77.9765
,草衙里,179,"1,960","4,686","6,825",58,"6,883",0,"6,883","2,138","9,021",76.2997
,明孝里,51,573,"1,284","1,908",18,"1,926",0,"1,926",574,"2,500",77.0400
,明正里,113,"1,056","2,612","3,781",38,"3,819",0,"3,819",997,"4,816",79.2982
,明義里,47,509,"1,153","1,709",19,"1,728",0,"1,728",404,"2,132",81.0507
,仁愛里,27,252,695,974,11,985,0,985,273,"1,258",78.2989
,德昌里,29,458,823,"1,310",12,"1,322",0,"1,322",413,"1,735",76.1960
,平等里,35,421,"1,071","1,527",10,"1,537",0,"1,537","1,222","2,759",55.7086
,平昌里,8,116,321,445,4,449,0,449,146,595,75.4622
,明禮里,25,243,774,"1,042",14,"1,056",0,"1,056",323,"1,379",76.5772
,信義里,20,276,772,"1,068",6,"1,074",0,"1,074",281,"1,355",79.2620
,信德里,42,487,"1,114","1,643",16,"1,659",0,"1,659",491,"2,150",77.1628
,明道里,20,194,580,794,3,797,0,797,222,"1,019",78.2139
,興化里,13,117,386,516,7,523,0,523,126,649,80.5855
,興仁里,11,109,415,535,1,536,0,536,152,688,77.9070
,前鎮里,25,247,747,"1,019",17,"1,036",0,"1,036",255,"1,291",80.2479
,鎮東里,38,329,911,"1,278",12,"1,290",0,"1,290",331,"1,621",79.5805
,鎮榮里,37,432,"1,153","1,622",5,"1,627",0,"1,627",446,"2,073",78.4853
,鎮昌里,49,385,"1,041","1,475",22,"1,497",0,"1,497",405,"1,902",78.7066
,鎮海里,87,923,"1,958","2,968",33,"3,001",0,"3,001",884,"3,885",77.2458
,鎮陽里,22,222,465,709,10,719,0,719,191,910,79.0110
,興邦里,89,958,"1,416","2,463",33,"2,496",0,"2,496",646,"3,142",79.4398
,鎮中里,15,157,421,593,9,602,0,602,207,809,74.4129
,鎮北里,20,264,572,856,13,869,0,869,205,"1,074",80.9125
,忠純里,115,"2,451","1,398","3,964",34,"3,998",0,"3,998","1,014","5,012",79.7686
,忠誠里,45,"1,113",430,"1,588",10,"1,598",0,"1,598",400,"1,998",79.9800
,西山里,90,"1,014","1,476","2,580",12,"2,592",0,"2,592",727,"3,319",78.0958
,民權里,105,"1,355","1,721","3,181",25,"3,206",0,"3,206",694,"3,900",82.2051
,建隆里,17,342,535,894,13,907,0,907,283,"1,190",76.2185
,振興里,78,645,983,"1,706",19,"1,725",0,"1,725",480,"2,205",78.2313
,良和里,69,991,"1,102","2,162",20,"2,182",0,"2,182",586,"2,768",78.8295
,西甲里,46,487,"1,017","1,550",7,"1,557",0,"1,557",440,"1,997",77.9670
,盛興里,58,784,"1,126","1,968",8,"1,976",0,"1,976",674,"2,650",74.5660
,盛豐里,67,778,"1,398","2,243",16,"2,259",0,"2,259",676,"2,935",76.9676
,興中里,66,834,"1,358","2,258",21,"2,279",0,"2,279",729,"3,008",75.7646
,興東里,120,"1,508","2,475","4,103",50,"4,153",0,"4,153","1,127","5,280",78.6553
,忠孝里,65,874,"1,168","2,107",19,"2,126",0,"2,126",614,"2,740",77.5912
,復國里,55,681,"1,257","1,993",29,"2,022",0,"2,022",572,"2,594",77.9491
,竹內里,75,756,"1,481","2,312",22,"2,334",0,"2,334",638,"2,972",78.5330
,竹東里,61,568,977,"1,606",18,"1,624",0,"1,624",468,"2,092",77.6291
,竹南里,196,"1,832","3,020","5,048",48,"5,096",0,"5,096","1,412","6,508",78.3036
,竹北里,56,565,"1,051","1,672",10,"1,682",0,"1,682",491,"2,173",77.4045
,竹西里,120,"1,157","1,868","3,145",33,"3,178",0,"3,178",804,"3,982",79.8091
,竹中里,82,903,"1,489","2,474",27,"2,501",0,"2,501",695,"3,196",78.2541
,瑞竹里,40,323,803,"1,166",11,"1,177",0,"1,177",318,"1,495",78.7291
,瑞南里,99,"1,121","2,226","3,446",23,"3,469",0,"3,469",973,"4,442",78.0955
,瑞豐里,62,611,"1,308","1,981",19,"2,000",0,"2,000",569,"2,569",77.8513
,瑞祥里,109,"1,091","2,224","3,424",35,"3,459",0,"3,459",940,"4,399",78.6315
,瑞東里,54,481,"1,187","1,722",12,"1,734",0,"1,734",471,"2,205",78.6395
,瑞和里,36,374,979,"1,389",17,"1,406",0,"1,406",415,"1,821",77.2103
,瑞平里,83,815,"1,831","2,729",26,"2,755",0,"2,755",651,"3,406",80.8867
,瑞隆里,70,776,"1,748","2,594",25,"2,619",0,"2,619",736,"3,355",78.0626
,瑞北里,63,694,"1,648","2,405",16,"2,421",0,"2,421",695,"3,116",77.6958
,瑞西里,60,521,"1,401","1,982",14,"1,996",0,"1,996",527,"2,523",79.1122
,瑞崗里,56,597,"1,312","1,965",17,"1,982",0,"1,982",510,"2,492",79.5345
,瑞興里,43,530,"1,366","1,939",16,"1,955",0,"1,955",471,"2,426",80.5853
,瑞誠里,55,631,"1,260","1,946",16,"1,962",0,"1,962",500,"2,462",79.6913
,瑞文里,51,472,"1,230","1,753",12,"1,765",0,"1,765",539,"2,304",76.6059
,瑞華里,98,"1,144","2,144","3,386",22,"3,408",0,"3,408",886,"4,294",79.3666
,瑞昌里,77,659,"1,621","2,357",21,"2,378",0,"2,378",658,"3,036",78.3267
　旗津區,,427,"4,817","12,645","17,889",178,"18,067",0,"18,067","5,922","23,989",75.3137
,旗下里,26,215,618,859,16,875,0,875,279,"1,154",75.8232
,永安里,26,222,552,800,4,804,0,804,260,"1,064",75.5639
,振興里,33,306,847,"1,186",13,"1,199",0,"1,199",362,"1,561",76.8097
,慈愛里,40,417,"1,122","1,579",19,"1,598",0,"1,598",611,"2,209",72.3404
,復興里,46,742,"1,343","2,131",21,"2,152",0,"2,152",764,"2,916",73.7997
,中華里,22,279,831,"1,132",8,"1,140",0,"1,140",315,"1,455",78.3505
,實踐里,29,510,410,949,13,962,0,962,352,"1,314",73.2116
,北汕里,42,545,"1,258","1,845",15,"1,860",0,"1,860",692,"2,552",72.8840
,南汕里,37,325,"1,102","1,464",17,"1,481",0,"1,481",520,"2,001",74.0130
,上竹里,41,414,"1,556","2,011",20,"2,031",0,"2,031",658,"2,689",75.5299
,中洲里,27,291,"1,070","1,388",10,"1,398",0,"1,398",393,"1,791",78.0570
,安順里,13,124,492,629,7,636,0,636,227,863,73.6964
,中興里,45,427,"1,444","1,916",15,"1,931",0,"1,931",489,"2,420",79.7934
　小港區,,"2,860","31,074","64,807","98,741",904,"99,645",1,"99,646","29,852","129,498",76.9471
,小港里,60,777,"1,299","2,136",11,"2,147",0,"2,147",651,"2,798",76.7334
,港口里,74,927,"1,325","2,326",26,"2,352",0,"2,352",647,"2,999",78.4261
,港正里,70,740,"1,047","1,857",24,"1,881",0,"1,881",501,"2,382",78.9673
,港墘里,47,383,811,"1,241",10,"1,251",0,"1,251",319,"1,570",79.6815
,港明里,67,694,"1,461","2,222",17,"2,239",0,"2,239",652,"2,891",77.4473
,港后里,51,547,"1,214","1,812",17,"1,829",0,"1,829",466,"2,295",79.6950
,港南里,57,501,"1,081","1,639",18,"1,657",0,"1,657",830,"2,487",66.6265
,港興里,43,555,"1,120","1,718",11,"1,729",0,"1,729",447,"2,176",79.4577
,鳳宮里,63,528,"1,248","1,839",14,"1,853",0,"1,853",614,"2,467",75.1115
,店鎮里,131,"1,264","2,825","4,220",29,"4,249",0,"4,249","1,292","5,541",76.6829
,大苓里,61,554,"1,221","1,836",18,"1,854",0,"1,854",537,"2,391",77.5408
,二苓里,87,745,"1,825","2,657",23,"2,680",0,"2,680",823,"3,503",76.5059
,三苓里,60,644,"1,411","2,115",18,"2,133",0,"2,133",596,"2,729",78.1605
,正苓里,76,"1,005","1,772","2,853",24,"2,877",0,"2,877",930,"3,807",75.5713
,順苓里,89,"1,054","1,983","3,126",26,"3,152",0,"3,152",963,"4,115",76.5978
,六苓里,67,788,"1,419","2,274",33,"2,307",0,"2,307",641,"2,948",78.2564
,宏亮里,69,733,"1,523","2,325",18,"2,343",0,"2,343",712,"3,055",76.6939
,山東里,63,891,"1,135","2,089",14,"2,103",0,"2,103",673,"2,776",75.7565
,青島里,65,951,825,"1,841",24,"1,865",0,"1,865",552,"2,417",77.1618
,濟南里,99,"1,215","1,681","2,995",31,"3,026",0,"3,026",858,"3,884",77.9094
,泰山里,61,769,"1,595","2,425",21,"2,446",0,"2,446",643,"3,089",79.1842
,山明里,221,"2,280","5,512","8,013",62,"8,075",1,"8,076","2,397","10,473",77.1030
,高松里,80,873,"1,954","2,907",22,"2,929",0,"2,929",864,"3,793",77.2212
,松金里,63,740,"1,345","2,148",16,"2,164",0,"2,164",687,"2,851",75.9032
,松山里,84,723,"1,505","2,312",25,"2,337",0,"2,337",597,"2,934",79.6524
,大坪里,72,513,"1,403","1,988",27,"2,015",0,"2,015",577,"2,592",77.7392
,坪頂里,102,"1,175","2,907","4,184",33,"4,217",0,"4,217","1,335","5,552",75.9546
,孔宅里,114,"1,236","2,394","3,744",40,"3,784",0,"3,784","1,171","4,955",76.3673
,廈莊里,84,843,"1,819","2,746",32,"2,778",0,"2,778",760,"3,538",78.5189
,合作里,57,564,"1,376","1,997",9,"2,006",0,"2,006",487,"2,493",80.4653
,桂林里,165,"1,687","3,782","5,634",63,"5,697",0,"5,697","1,691","7,388",77.1115
,中厝里,72,786,"1,794","2,652",24,"2,676",0,"2,676",826,"3,502",76.4135
,鳳鳴里,53,744,"1,494","2,291",23,"2,314",0,"2,314",731,"3,045",75.9934
,龍鳳里,46,644,"1,510","2,200",26,"2,226",0,"2,226",709,"2,935",75.8433
,鳳森里,42,431,"1,170","1,643",10,"1,653",0,"1,653",508,"2,161",76.4924
,鳳林里,48,552,"1,691","2,291",18,"2,309",0,"2,309",664,"2,973",77.6657
,鳳興里,40,417,"1,369","1,826",21,"1,847",0,"1,847",577,"2,424",76.1964
,鳳源里,57,601,"1,961","2,619",26,"2,645",0,"2,645",924,"3,569",74.1104
　鳳山區,,"7,295","82,432","138,172","227,899","2,159","230,058",2,"230,060","63,949","294,009",78.2486
,鳳崗里,20,367,441,828,8,836,0,836,208,"1,044",80.0766
,縣衙里,27,249,312,588,2,590,0,590,197,787,74.9682
,曹公里,44,550,809,"1,403",15,"1,418",0,"1,418",418,"1,836",77.2331
,鎮西里,123,"1,344","2,267","3,734",36,"3,770",0,"3,770","1,010","4,780",78.8703
,北門里,93,"1,039","1,891","3,023",29,"3,052",0,"3,052",884,"3,936",77.5407
,鎮北里,227,"2,273","4,410","6,910",75,"6,985",0,"6,985","2,135","9,120",76.5899
,武松里,74,691,"1,232","1,997",25,"2,022",0,"2,022",557,"2,579",78.4025
,忠誠里,70,832,"1,704","2,606",22,"2,628",0,"2,628",706,"3,334",78.8242
,文英里,94,936,"1,680","2,710",23,"2,733",0,"2,733",728,"3,461",78.9656
,文華里,198,"2,848","3,269","6,315",65,"6,380",0,"6,380","1,600","7,980",79.9499
,文山里,158,"1,512","3,109","4,779",47,"4,826",0,"4,826","1,276","6,102",79.0888
,文德里,224,"2,664","3,705","6,593",73,"6,666",0,"6,666","1,848","8,514",78.2946
,文衡里,102,"1,100","1,843","3,045",28,"3,073",0,"3,073",837,"3,910",78.5934
,文福里,233,"2,734","4,120","7,087",64,"7,151",0,"7,151","1,885","9,036",79.1390
,成功里,17,179,360,556,2,558,0,558,163,721,77.3925
,縣口里,21,285,258,564,6,570,0,570,196,766,74.4125
,光明里,31,358,586,975,5,980,0,980,287,"1,267",77.3481
,和德里,57,584,887,"1,528",15,"1,543",0,"1,543",354,"1,897",81.3390
,和興里,122,"1,356","2,202","3,680",33,"3,713",0,"3,713",854,"4,567",81.3006
,南興里,22,241,427,690,8,698,0,698,167,865,80.6936
,三民里,19,289,461,769,5,774,0,774,216,990,78.1818
,新興里,28,429,755,"1,212",11,"1,223",0,"1,223","1,262","2,485",49.2153
,興仁里,81,982,"1,516","2,579",33,"2,612",0,"2,612",695,"3,307",78.9840
,興中里,25,278,378,681,10,691,0,691,144,835,82.7545
,協和里,102,"1,070","1,354","2,526",27,"2,553",0,"2,553",621,"3,174",80.4348
,忠義里,112,"1,391","1,967","3,470",29,"3,499",0,"3,499",941,"4,440",78.8063
,忠孝里,147,"1,689","2,447","4,283",31,"4,314",0,"4,314","1,213","5,527",78.0532
,中和里,92,"1,136","1,404","2,632",27,"2,659",0,"2,659",641,"3,300",80.5758
,誠義里,113,"1,272","1,554","2,939",36,"2,975",0,"2,975",605,"3,580",83.1006
,生明里,48,735,726,"1,509",15,"1,524",0,"1,524",419,"1,943",78.4354
,鎮東里,48,697,"1,073","1,818",19,"1,837",0,"1,837",529,"2,366",77.6416
,瑞竹里,119,"1,552","2,151","3,822",29,"3,851",0,"3,851","1,028","4,879",78.9301
,瑞興里,125,"1,556","1,939","3,620",43,"3,663",0,"3,663",942,"4,605",79.5440
,東門里,115,"1,861","1,923","3,899",46,"3,945",0,"3,945","1,222","5,167",76.3499
,誠德里,70,917,946,"1,933",12,"1,945",0,"1,945",487,"2,432",79.9753
,誠信里,50,841,721,"1,612",12,"1,624",0,"1,624",515,"2,139",75.9233
,誠智里,73,929,942,"1,944",19,"1,963",0,"1,963",631,"2,594",75.6746
,鳳東里,161,"1,758","2,752","4,671",43,"4,714",0,"4,714","1,155","5,869",80.3203
,埤頂里,162,"1,875","2,519","4,556",29,"4,585",0,"4,585","1,226","5,811",78.9021
,中正里,90,"2,249",759,"3,098",30,"3,128",0,"3,128",831,"3,959",79.0099
,海光里,69,"1,020","1,060","2,149",17,"2,166",0,"2,166",627,"2,793",77.5510
,國泰里,84,"1,056","1,678","2,818",21,"2,839",0,"2,839",793,"3,632",78.1663
,國光里,72,959,"1,504","2,535",27,"2,562",0,"2,562",690,"3,252",78.7823
,國隆里,42,572,"1,210","1,824",13,"1,837",0,"1,837",565,"2,402",76.4779
,國富里,80,759,"1,185","2,024",20,"2,044",0,"2,044",443,"2,487",82.1874
,武慶里,49,574,"1,157","1,780",20,"1,800",0,"1,800",456,"2,256",79.7872
,武漢里,131,"1,148","2,270","3,549",21,"3,570",0,"3,570",996,"4,566",78.1866
,新甲里,60,653,"1,409","2,122",23,"2,145",1,"2,146",595,"2,741",78.2561
,新武里,72,513,"1,157","1,742",17,"1,759",0,"1,759",464,"2,223",79.1273
,新泰里,115,993,"1,944","3,052",26,"3,078",0,"3,078",829,"3,907",78.7817
,新樂里,115,"1,145","2,107","3,367",36,"3,403",0,"3,403",836,"4,239",80.2784
,新強里,156,"1,385","2,512","4,053",32,"4,085",0,"4,085","1,032","5,117",79.8319
,海洋里,99,974,"1,865","2,938",23,"2,961",0,"2,961",681,"3,642",81.3015
,新富里,100,951,"1,942","2,993",24,"3,017",0,"3,017",859,"3,876",77.8380
,老爺里,156,"1,493","3,438","5,087",50,"5,137",1,"5,138","1,446","6,584",78.0225
,中民里,99,"1,025","2,178","3,302",39,"3,341",0,"3,341","1,021","4,362",76.5933
,中崙里,52,729,"1,138","1,919",15,"1,934",0,"1,934",579,"2,513",76.9598
,中榮里,132,"1,161","2,045","3,338",25,"3,363",0,"3,363",958,"4,321",77.8292
,過埤里,301,"3,402","6,216","9,919",90,"10,009",0,"10,009","2,957","12,966",77.1942
,正義里,116,"1,353","3,241","4,710",45,"4,755",0,"4,755","1,244","5,999",79.2632
,保安里,161,"1,512","3,124","4,797",46,"4,843",0,"4,843","1,140","5,983",80.9460
,一甲里,48,707,"1,675","2,430",22,"2,452",0,"2,452",773,"3,225",76.0310
,二甲里,109,"1,040","2,245","3,394",36,"3,430",0,"3,430",908,"4,338",79.0687
,龍成里,75,568,"1,467","2,110",16,"2,126",0,"2,126",595,"2,721",78.1330
,鎮南里,120,"1,112","2,353","3,585",42,"3,627",0,"3,627","1,004","4,631",78.3200
,富甲里,53,444,961,"1,458",10,"1,468",0,"1,468","1,037","2,505",58.6028
,善美里,111,"1,258","2,657","4,026",30,"4,056",0,"4,056","1,178","5,234",77.4933
,富榮里,68,577,"1,171","1,816",26,"1,842",0,"1,842",531,"2,373",77.6233
,南和里,56,604,"1,355","2,015",17,"2,032",0,"2,032",569,"2,601",78.1238
,南成里,156,"1,742","4,108","6,006",51,"6,057",0,"6,057","1,504","7,561",80.1085
,天興里,67,774,"1,757","2,598",29,"2,627",0,"2,627",751,"3,378",77.7679
,大德里,95,951,"2,183","3,229",32,"3,261",0,"3,261",911,"4,172",78.1640
,五福里,74,712,"1,506","2,292",33,"2,325",0,"2,325",593,"2,918",79.6779
,福興里,119,"1,288","2,933","4,340",49,"4,389",0,"4,389","1,330","5,719",76.7442
,福祥里,53,553,"1,371","1,977",17,"1,994",0,"1,994",560,"2,554",78.0736
,福誠里,93,"1,077","2,251","3,421",32,"3,453",0,"3,453",861,"4,314",80.0417
　林園區,,"1,259","12,247","29,882","43,388",472,"43,860",0,"43,860","13,641","57,501",76.2769
,東林里,59,608,"1,386","2,053",23,"2,076",0,"2,076",632,"2,708",76.6617
,林園里,57,715,"1,517","2,289",30,"2,319",0,"2,319",628,"2,947",78.6902
,溪州里,81,810,"1,969","2,860",44,"2,904",0,"2,904",940,"3,844",75.5463
,潭頭里,73,646,"1,260","1,979",21,"2,000",0,"2,000",693,"2,693",74.2666
,中厝里,63,744,"1,345","2,152",35,"2,187",0,"2,187",668,"2,855",76.6025
,中門里,49,550,"1,241","1,840",22,"1,862",0,"1,862",580,"2,442",76.2490
,頂厝里,91,900,"2,317","3,308",25,"3,333",0,"3,333","1,044","4,377",76.1480
,港埔里,31,326,978,"1,335",14,"1,349",0,"1,349",419,"1,768",76.3009
,西溪里,82,617,"1,865","2,564",14,"2,578",0,"2,578",777,"3,355",76.8405
,港嘴里,34,279,946,"1,259",11,"1,270",0,"1,270",361,"1,631",77.8663
,北汕里,25,391,705,"1,121",16,"1,137",0,"1,137",433,"1,570",72.4204
,林內里,52,562,811,"1,425",11,"1,436",0,"1,436",473,"1,909",75.2226
,王公里,88,864,"2,011","2,963",38,"3,001",0,"3,001",917,"3,918",76.5952
,林家里,31,255,648,934,15,949,0,949,306,"1,255",75.6175
,龔厝里,45,408,"1,005","1,458",7,"1,465",0,"1,465",409,"1,874",78.1750
,鳳芸里,26,304,"1,039","1,369",7,"1,376",0,"1,376",363,"1,739",79.1259
,中芸里,45,295,"1,000","1,340",11,"1,351",0,"1,351",398,"1,749",77.2441
,東汕里,20,167,436,623,4,627,0,627,251,878,71.4123
,西汕里,13,116,391,520,3,523,0,523,208,731,71.5458
,仁愛里,71,606,"1,562","2,239",28,"2,267",0,"2,267",607,"2,874",78.8796
,文賢里,60,561,"1,155","1,776",20,"1,796",0,"1,796",521,"2,317",77.5140
,廣應里,85,689,"1,768","2,542",26,"2,568",0,"2,568",737,"3,305",77.7005
,五福里,43,499,"1,265","1,807",21,"1,828",0,"1,828",679,"2,507",72.9158
,中汕里,35,335,"1,262","1,632",26,"1,658",0,"1,658",597,"2,255",73.5255
　大寮區,,"2,164","23,000","46,652","71,816",735,"72,551",0,"72,551","22,279","94,830",76.5064
,拷潭里,23,243,793,"1,059",17,"1,076",0,"1,076",311,"1,387",77.5775
,內坑里,116,"1,319","2,484","3,919",38,"3,957",0,"3,957","1,667","5,624",70.3592
,大寮里,162,"1,313","3,300","4,775",55,"4,830",0,"4,830","1,684","6,514",74.1480
,上寮里,55,381,"1,381","1,817",18,"1,835",0,"1,835",494,"2,329",78.7892
,三隆里,115,973,"2,320","3,408",31,"3,439",0,"3,439","1,044","4,483",76.7120
,琉球里,92,849,"2,431","3,372",34,"3,406",0,"3,406",884,"4,290",79.3939
,翁園里,95,638,"2,236","2,969",28,"2,997",0,"2,997",746,"3,743",80.0695
,前庄里,47,631,"1,127","1,805",14,"1,819",0,"1,819",455,"2,274",79.9912
,中庄里,241,"2,508","5,170","7,919",82,"8,001",0,"8,001","2,421","10,422",76.7703
,後庄里,191,"1,928","3,624","5,743",47,"5,790",0,"5,790","1,665","7,455",77.6660
,義仁里,34,371,941,"1,346",10,"1,356",0,"1,356",412,"1,768",76.6968
,新厝里,31,299,883,"1,213",11,"1,224",0,"1,224",352,"1,576",77.6650
,過溪里,45,522,"1,247","1,814",28,"1,842",0,"1,842",558,"2,400",76.7500
,潮寮里,60,534,"1,639","2,233",29,"2,262",0,"2,262",606,"2,868",78.8703
,會結里,29,315,743,"1,087",9,"1,096",0,"1,096",425,"1,521",72.0579
,會社里,134,"1,502","2,548","4,184",46,"4,230",0,"4,230","1,767","5,997",70.5353
,山頂里,164,"2,308","3,068","5,540",57,"5,597",0,"5,597","1,657","7,254",77.1574
,忠義里,11,221,160,392,5,397,0,397,135,532,74.6241
,永芳里,169,"1,608","3,314","5,091",45,"5,136",0,"5,136","1,485","6,621",77.5714
,義和里,47,445,"1,197","1,689",20,"1,709",0,"1,709",438,"2,147",79.5994
,溪寮里,33,326,817,"1,176",18,"1,194",0,"1,194",291,"1,485",80.4040
,江山里,44,407,"1,000","1,451",13,"1,464",0,"1,464",316,"1,780",82.2472
,昭明里,68,686,"1,956","2,710",23,"2,733",0,"2,733",870,"3,603",75.8535
,光武里,3,93,45,141,2,143,0,143,41,184,77.7174
,中興里,155,"2,580","2,228","4,963",55,"5,018",0,"5,018","1,555","6,573",76.3426
　大樹區,,724,"8,218","18,565","27,507",281,"27,788",2,"27,790","7,908","35,698",77.8419
,竹寮里,66,722,"1,245","2,033",19,"2,052",0,"2,052",573,"2,625",78.1714
,九曲里,108,"1,284","2,329","3,721",47,"3,768",0,"3,768","1,138","4,906",76.8039
,久堂里,99,"1,128","1,934","3,161",42,"3,203",0,"3,203",791,"3,994",80.1953
,水安里,46,478,"1,215","1,739",20,"1,759",0,"1,759",511,"2,270",77.4890
,水寮里,40,467,"1,219","1,726",21,"1,747",0,"1,747",425,"2,172",80.4328
,檨腳里,63,720,"1,793","2,576",34,"2,610",0,"2,610",777,"3,387",77.0593
,興山里,17,144,595,756,11,767,0,767,267,"1,034",74.1779
,和山里,18,156,611,785,6,791,0,791,200,991,79.8184
,姑山里,26,170,549,745,5,750,0,750,175,925,81.0811
,大坑里,32,286,738,"1,056",12,"1,068",0,"1,068",348,"1,416",75.4237
,井腳里,22,260,889,"1,171",11,"1,182",0,"1,182",324,"1,506",78.4861
,小坪里,25,291,691,"1,007",1,"1,008",0,"1,008",275,"1,283",78.5659
,龍目里,32,222,"1,017","1,271",14,"1,285",0,"1,285",429,"1,714",74.9708
,大樹里,53,451,"1,322","1,826",9,"1,835",0,"1,835",575,"2,410",76.1411
,三和里,17,233,469,719,6,725,0,725,256,981,73.9042
,溪埔里,21,343,845,"1,209",9,"1,218",2,"1,220",320,"1,540",79.0909
,興田里,29,670,776,"1,475",9,"1,484",0,"1,484",375,"1,859",79.8279
,統嶺里,10,193,328,531,5,536,0,536,149,685,78.2482
　大社區,,649,"6,541","15,450","22,640",218,"22,858",0,"22,858","6,419","29,277",78.0749
,嘉誠里,19,230,421,670,2,672,0,672,240,912,73.6842
,保社里,77,751,"1,598","2,426",21,"2,447",0,"2,447",636,"3,083",79.3707
,大社里,115,"1,090","2,451","3,656",37,"3,693",0,"3,693","1,152","4,845",76.2229
,保安里,71,669,"1,687","2,427",20,"2,447",0,"2,447",619,"3,066",79.8108
,三奶里,54,591,"1,396","2,041",19,"2,060",0,"2,060",551,"2,611",78.8970
,觀音里,104,"1,142","2,874","4,120",30,"4,150",0,"4,150","1,092","5,242",79.1683
,神農里,116,"1,049","2,542","3,707",42,"3,749",0,"3,749","1,106","4,855",77.2194
,中里里,69,686,"1,564","2,319",35,"2,354",0,"2,354",683,"3,037",77.5107
,翠屏里,24,333,917,"1,274",12,"1,286",0,"1,286",340,"1,626",79.0898
　仁武區,,"1,810","17,726","37,214","56,750",495,"57,245",0,"57,245","16,311","73,556",77.8251
,大灣里,103,900,"2,116","3,119",28,"3,147",0,"3,147",894,"4,041",77.8768
,灣內里,196,"1,812","3,733","5,741",45,"5,786",0,"5,786","1,639","7,425",77.9259
,考潭里,53,699,"1,268","2,020",18,"2,038",0,"2,038",543,"2,581",78.9616
,烏林里,82,815,"1,813","2,710",32,"2,742",0,"2,742","1,000","3,742",73.2763
,仁福里,19,173,411,603,7,610,0,610,203,813,75.0308
,仁武里,109,"1,119","2,614","3,842",42,"3,884",0,"3,884","1,421","5,305",73.2139
,文武里,181,"2,051","4,504","6,736",59,"6,795",0,"6,795","1,791","8,586",79.1405
,竹後里,40,353,"1,313","1,706",10,"1,716",0,"1,716",460,"2,176",78.8603
,八卦里,408,"4,212","7,730","12,350",82,"12,432",0,"12,432","3,572","16,004",77.6806
,高楠里,55,511,"1,220","1,786",8,"1,794",0,"1,794",436,"2,230",80.4484
,後安里,62,476,"1,363","1,901",15,"1,916",0,"1,916",522,"2,438",78.5890
,中華里,48,395,769,"1,212",13,"1,225",0,"1,225",364,"1,589",77.0925
,五和里,143,"1,077","2,419","3,639",34,"3,673",0,"3,673","1,049","4,722",77.7848
,仁和里,84,977,"1,826","2,887",34,"2,921",0,"2,921",739,"3,660",79.8087
,赤山里,164,"1,562","3,092","4,818",45,"4,863",0,"4,863","1,284","6,147",79.1118
,仁慈里,63,594,"1,023","1,680",23,"1,703",0,"1,703",394,"2,097",81.2113
　鳥松區,,967,"10,100","19,147","30,214",301,"30,515",0,"30,515","8,379","38,894",78.4568
,鳥松里,254,"2,612","4,845","7,711",72,"7,783",0,"7,783","2,376","10,159",76.6119
,夢裡里,117,"1,253","2,229","3,599",40,"3,639",0,"3,639","1,029","4,668",77.9563
,大華里,245,"2,892","4,552","7,689",78,"7,767",0,"7,767","1,975","9,742",79.7270
,?埔里,72,791,"1,896","2,759",29,"2,788",0,"2,788",696,"3,484",80.0230
,仁美里,167,"1,427","3,332","4,926",51,"4,977",0,"4,977","1,380","6,357",78.2916
,大竹里,11,164,376,551,9,560,0,560,119,679,82.4742
,華美里,101,961,"1,917","2,979",22,"3,001",0,"3,001",804,"3,805",78.8699
　岡山區,,"2,130","22,257","37,574","61,961",615,"62,576",0,"62,576","16,495","79,071",79.1390
,岡山里,94,"1,036","1,940","3,070",41,"3,111",0,"3,111","1,141","4,252",73.1656
,壽天里,83,942,"1,448","2,473",24,"2,497",0,"2,497",622,"3,119",80.0577
,平安里,26,289,549,864,11,875,0,875,222,"1,097",79.7630
,維仁里,20,223,489,732,9,741,0,741,239,980,75.6122
,大遼里,20,194,794,"1,008",16,"1,024",0,"1,024",246,"1,270",80.6299
,程香里,93,"1,181","1,850","3,124",18,"3,142",0,"3,142",818,"3,960",79.3434
,後紅里,108,"1,178","1,734","3,020",32,"3,052",0,"3,052",914,"3,966",76.9541
,碧紅里,87,996,"1,835","2,918",21,"2,939",0,"2,939",844,"3,783",77.6897
,竹圍里,183,"1,703","3,244","5,130",42,"5,172",0,"5,172","1,355","6,527",79.2401
,台上里,152,"1,310","2,773","4,235",38,"4,273",0,"4,273","1,164","5,437",78.5911
,為隨里,30,108,362,500,5,505,0,505,96,601,84.0266
,灣裡里,62,406,929,"1,397",11,"1,408",0,"1,408",359,"1,767",79.6831
,本洲里,42,356,912,"1,310",19,"1,329",0,"1,329",305,"1,634",81.3341
,前峰里,78,706,"1,325","2,109",21,"2,130",0,"2,130",572,"2,702",78.8305
,壽峰里,60,627,"1,019","1,706",16,"1,722",0,"1,722",431,"2,153",79.9814
,仁壽里,79,921,"1,522","2,522",23,"2,545",0,"2,545",683,"3,228",78.8414
,後協里,165,"1,678","2,339","4,182",43,"4,225",0,"4,225","1,153","5,378",78.5608
,協和里,101,"1,006","1,678","2,785",38,"2,823",0,"2,823",671,"3,494",80.7956
,協榮里,52,732,832,"1,616",18,"1,634",0,"1,634",433,"2,067",79.0518
,劉厝里,36,306,769,"1,111",9,"1,120",0,"1,120",256,"1,376",81.3953
,白米里,62,471,861,"1,394",10,"1,404",0,"1,404",340,"1,744",80.5046
,石潭里,41,438,"1,011","1,490",9,"1,499",0,"1,499",316,"1,815",82.5895
,福興里,31,278,527,836,7,843,0,843,186,"1,029",81.9242
,嘉興里,90,609,"1,899","2,598",19,"2,617",0,"2,617",697,"3,314",78.9680
,嘉峰里,42,361,945,"1,348",19,"1,367",0,"1,367",343,"1,710",79.9415
,潭底里,20,143,453,616,2,618,0,618,130,748,82.6203
,華崗里,38,198,"1,005","1,241",10,"1,251",0,"1,251",284,"1,535",81.4984
,三和里,25,149,506,680,15,695,0,695,167,862,80.6265
,大莊里,35,263,449,747,14,761,0,761,189,950,80.1053
,忠孝里,70,"1,582",582,"2,234",20,"2,254",0,"2,254",602,"2,856",78.9216
,仁義里,52,"1,179",266,"1,497",20,"1,517",0,"1,517",325,"1,842",82.3561
,信義里,44,603,578,"1,225",10,"1,235",0,"1,235",330,"1,565",78.9137
,和平里,9,85,149,243,5,248,0,248,62,310,80.0000
　橋頭區,,800,"6,913","18,077","25,790",282,"26,072",0,"26,072","6,295","32,367",80.5512
,橋頭里,57,463,"1,085","1,605",14,"1,619",0,"1,619",404,"2,023",80.0297
,橋南里,24,246,573,843,7,850,0,850,214,"1,064",79.8872
,仕隆里,50,478,"1,230","1,758",21,"1,779",0,"1,779",459,"2,238",79.4906
,仕豐里,57,591,"1,353","2,001",21,"2,022",0,"2,022",487,"2,509",80.5899
,芋寮里,28,225,703,956,8,964,0,964,220,"1,184",81.4189
,東林里,46,407,"1,347","1,800",27,"1,827",0,"1,827",438,"2,265",80.6623
,西林里,35,223,857,"1,115",12,"1,127",0,"1,127",242,"1,369",82.3229
,白樹里,86,706,"1,683","2,475",18,"2,493",0,"2,493",676,"3,169",78.6683
,筆秀里,33,270,916,"1,219",12,"1,231",0,"1,231",278,"1,509",81.5772
,新莊里,91,787,"1,567","2,445",17,"2,462",0,"2,462",632,"3,094",79.5734
,甲北里,53,404,"1,084","1,541",21,"1,562",0,"1,562",397,"1,959",79.7346
,甲南里,61,553,"1,282","1,896",22,"1,918",0,"1,918",444,"2,362",81.2024
,頂鹽里,21,298,739,"1,058",14,"1,072",0,"1,072",245,"1,317",81.3971
,中崎里,15,116,392,523,4,527,0,527,115,642,82.0872
,仕和里,90,757,"2,026","2,873",35,"2,908",0,"2,908",660,"3,568",81.5022
,德松里,38,288,768,"1,094",19,"1,113",0,"1,113",234,"1,347",82.6281
,三德里,15,101,472,588,10,598,0,598,150,748,79.9465
　燕巢區,,557,"6,054","12,586","19,197",215,"19,412",0,"19,412","5,915","25,327",76.6455
,尖山里,24,236,564,824,9,833,0,833,264,"1,097",75.9344
,瓊林里,53,412,"1,139","1,604",15,"1,619",0,"1,619",402,"2,021",80.1089
,安招里,58,722,"1,710","2,490",31,"2,521",0,"2,521",723,"3,244",77.7127
,角宿里,60,687,"1,339","2,086",22,"2,108",0,"2,108",502,"2,610",80.7663
,鳳雄里,52,566,"1,203","1,821",21,"1,842",0,"1,842",562,"2,404",76.6223
,金山里,12,137,209,358,1,359,0,359,99,458,78.3843
,東燕里,59,530,"1,167","1,756",20,"1,776",0,"1,776",476,"2,252",78.8632
,南燕里,79,940,"1,642","2,661",31,"2,692",0,"2,692","1,037","3,729",72.1909
,西燕里,82,797,"1,648","2,527",29,"2,556",0,"2,556",707,"3,263",78.3328
,橫山里,37,432,849,"1,318",12,"1,330",0,"1,330",528,"1,858",71.5823
,深水里,41,595,"1,116","1,752",24,"1,776",0,"1,776",615,"2,391",74.2785
　田寮區,,124,"1,397","3,281","4,802",49,"4,851",0,"4,851","1,589","6,440",75.3261
,鹿埔里,4,95,173,272,4,276,0,276,74,350,78.8571
,南安里,16,206,504,726,8,734,0,734,292,"1,026",71.5400
,大同里,4,67,198,269,2,271,0,271,89,360,75.2778
,田寮里,12,86,179,277,2,279,0,279,96,375,74.4000
,七星里,15,109,336,460,9,469,0,469,146,615,76.2602
,崇德里,26,242,452,720,7,727,0,727,191,918,79.1939
,西德里,18,194,382,594,7,601,0,601,177,778,77.2494
,三和里,6,99,144,249,1,250,0,250,115,365,68.4932
,古亭里,6,96,224,326,3,329,0,329,155,484,67.9752
,新興里,17,203,689,909,6,915,0,915,254,"1,169",78.2720
　阿蓮區,,530,"5,051","12,558","18,139",182,"18,321",0,"18,321","5,478","23,799",76.9822
,石安里,30,196,706,932,10,942,0,942,334,"1,276",73.8245
,中路里,27,302,"1,148","1,477",9,"1,486",0,"1,486",457,"1,943",76.4797
,?山里,23,256,670,949,11,960,0,960,251,"1,211",79.2733
,港後里,42,508,"1,053","1,603",26,"1,629",0,"1,629",459,"2,088",78.0172
,崗山里,12,161,408,581,5,586,0,586,177,763,76.8021
,阿蓮里,98,"1,049","2,449","3,596",43,"3,639",0,"3,639","1,153","4,792",75.9391
,清蓮里,64,526,"1,328","1,918",15,"1,933",0,"1,933",619,"2,552",75.7445
,和蓮里,52,432,"1,295","1,779",10,"1,789",0,"1,789",435,"2,224",80.4406
,青旗里,40,332,698,"1,070",13,"1,083",0,"1,083",359,"1,442",75.1040
,復安里,44,392,826,"1,262",12,"1,274",0,"1,274",338,"1,612",79.0323
,玉庫里,19,174,596,789,8,797,0,797,212,"1,009",78.9891
,南蓮里,79,723,"1,381","2,183",20,"2,203",0,"2,203",684,"2,887",76.3076
　路竹區,,"1,266","10,062","21,274","32,602",408,"33,010",0,"33,010","9,467","42,477",77.7126
,竹滬里,99,707,"1,539","2,345",31,"2,376",0,"2,376",775,"3,151",75.4046
,頂寮里,28,267,584,879,7,886,0,886,258,"1,144",77.4476
,新達里,23,283,626,932,17,949,0,949,244,"1,193",79.5474
,後鄉里,24,219,601,844,14,858,0,858,218,"1,076",79.7398
,北嶺里,29,253,657,939,13,952,0,952,248,"1,200",79.3333
,社西里,68,547,"1,080","1,695",32,"1,727",0,"1,727",497,"2,224",77.6529
,甲北里,61,446,"1,019","1,526",19,"1,545",0,"1,545",481,"2,026",76.2586
,甲南里,90,791,"1,430","2,311",32,"2,343",0,"2,343",865,"3,208",73.0362
,下坑里,103,578,"1,314","1,995",36,"2,031",0,"2,031",558,"2,589",78.4473
,竹園里,48,321,948,"1,317",17,"1,334",0,"1,334",430,"1,764",75.6236
,竹東里,101,878,"1,646","2,625",25,"2,650",0,"2,650",691,"3,341",79.3176
,竹西里,61,570,"1,030","1,661",19,"1,680",0,"1,680",486,"2,166",77.5623
,文北里,85,635,"1,505","2,225",29,"2,254",0,"2,254",655,"2,909",77.4837
,文南里,81,595,"1,118","1,794",20,"1,814",0,"1,814",459,"2,273",79.8064
,三爺里,25,178,455,658,6,664,0,664,165,829,80.0965
,鴨寮里,57,431,954,"1,442",16,"1,458",0,"1,458",391,"1,849",78.8534
,社東里,45,375,905,"1,325",15,"1,340",0,"1,340",329,"1,669",80.2876
,社中里,17,191,408,616,6,622,0,622,229,851,73.0905
,竹南里,78,692,"1,262","2,032",21,"2,053",0,"2,053",583,"2,636",77.8832
,社南里,143,"1,105","2,193","3,441",33,"3,474",0,"3,474",905,"4,379",79.3332
　湖內區,,665,"5,553","12,787","19,005",233,"19,238",0,"19,238","5,808","25,046",76.8107
,海山里,21,243,550,814,13,827,0,827,242,"1,069",77.3620
,劉家里,23,173,545,741,10,751,0,751,214,965,77.8238
,太爺里,26,185,412,623,8,631,0,631,144,775,81.4194
,公?里,71,475,"1,120","1,666",22,"1,688",0,"1,688",440,"2,128",79.3233
,葉厝里,61,418,"1,516","1,995",24,"2,019",0,"2,019",555,"2,574",78.4382
,大湖里,111,922,"1,676","2,709",23,"2,732",0,"2,732",814,"3,546",77.0446
,田尾里,21,241,484,746,12,758,0,758,199,957,79.2059
,湖內里,114,857,"1,774","2,745",29,"2,774",0,"2,774",833,"3,607",76.9060
,海埔里,28,310,967,"1,305",16,"1,321",0,"1,321",438,"1,759",75.0995
,文賢里,17,235,628,880,6,886,0,886,254,"1,140",77.7193
,中賢里,49,393,"1,074","1,516",28,"1,544",0,"1,544",591,"2,135",72.3185
,逸賢里,24,210,583,817,14,831,0,831,259,"1,090",76.2385
,忠興里,10,165,359,534,11,545,0,545,128,673,80.9807
,湖東里,89,726,"1,099","1,914",17,"1,931",0,"1,931",697,"2,628",73.4779
　茄萣區,,568,"5,458","12,991","19,017",226,"19,243",1,"19,244","6,297","25,541",75.3416
,福德里,12,168,581,761,11,772,0,772,184,956,80.7531
,萬福里,15,165,453,633,10,643,0,643,219,862,74.5940
,白雲里,33,430,798,"1,261",13,"1,274",0,"1,274",396,"1,670",76.2874
,嘉賜里,105,737,"1,919","2,761",32,"2,793",0,"2,793",873,"3,666",76.1866
,嘉安里,44,367,881,"1,292",15,"1,307",0,"1,307",430,"1,737",75.2447
,嘉樂里,41,486,"1,038","1,565",16,"1,581",0,"1,581",450,"2,031",77.8434
,嘉泰里,34,209,555,798,16,814,0,814,261,"1,075",75.7209
,嘉福里,21,189,466,676,13,689,0,689,262,951,72.4501
,和協里,17,218,560,795,7,802,0,802,297,"1,099",72.9754
,嘉定里,20,196,571,787,5,792,0,792,305,"1,097",72.1969
,保定里,71,567,"1,512","2,150",30,"2,180",1,"2,181",695,"2,876",75.7997
,大定里,27,276,500,803,7,810,0,810,279,"1,089",74.3802
,光定里,21,194,434,649,7,656,0,656,257,913,71.8510
,吉定里,20,194,622,836,9,845,0,845,250,"1,095",77.1689
,崎漏里,87,"1,062","2,101","3,250",35,"3,285",0,"3,285","1,139","4,424",74.2541
　永安區,,293,"2,688","5,944","8,925",88,"9,013",0,"9,013","2,682","11,695",77.0671
,永安里,34,403,716,"1,153",8,"1,161",0,"1,161",368,"1,529",75.9320
,永華里,37,456,887,"1,380",13,"1,393",0,"1,393",360,"1,753",79.4638
,新港里,43,473,"1,204","1,720",12,"1,732",0,"1,732",542,"2,274",76.1653
,鹽田里,5,56,202,263,2,265,0,265,108,373,71.0456
,保寧里,67,632,"1,216","1,915",25,"1,940",0,"1,940",527,"2,467",78.6380
,維新里,107,668,"1,719","2,494",28,"2,522",0,"2,522",777,"3,299",76.4474
　彌陀區,,453,"4,151","7,862","12,466",185,"12,651",0,"12,651","3,314","15,965",79.2421
,光和里,33,304,619,956,18,974,0,974,244,"1,218",79.9672
,彌靖里,54,428,904,"1,386",18,"1,404",0,"1,404",389,"1,793",78.3045
,彌仁里,14,148,233,395,2,397,0,397,132,529,75.0473
,彌壽里,19,239,330,588,6,594,0,594,120,714,83.1933
,彌陀里,45,490,806,"1,341",20,"1,361",0,"1,361",334,"1,695",80.2950
,舊港里,38,379,775,"1,192",20,"1,212",0,"1,212",317,"1,529",79.2675
,文安里,51,387,843,"1,281",20,"1,301",0,"1,301",366,"1,667",78.0444
,過港里,25,225,444,694,11,705,0,705,206,911,77.3875
,鹽埕里,68,453,"1,037","1,558",32,"1,590",0,"1,590",390,"1,980",80.3030
,海尾里,23,248,357,628,9,637,0,637,168,805,79.1304
,漯底里,40,320,533,893,8,901,0,901,212,"1,113",80.9524
,南寮里,43,530,981,"1,554",21,"1,575",0,"1,575",436,"2,011",78.3192
　梓官區,,716,"6,471","16,291","23,478",247,"23,725",0,"23,725","6,475","30,200",78.5596
,梓信里,53,408,"1,161","1,622",21,"1,643",0,"1,643",394,"2,037",80.6578
,梓義里,46,380,"1,068","1,494",16,"1,510",0,"1,510",471,"1,981",76.2241
,梓和里,50,446,"1,258","1,754",17,"1,771",0,"1,771",428,"2,199",80.5366
,梓平里,33,267,834,"1,134",16,"1,150",0,"1,150",261,"1,411",81.5025
,中崙里,34,231,619,884,7,891,0,891,247,"1,138",78.2953
,同安里,15,199,532,746,4,750,0,750,204,954,78.6164
,大舍里,91,743,"1,913","2,747",30,"2,777",0,"2,777",750,"3,527",78.7355
,赤崁里,37,333,984,"1,354",12,"1,366",0,"1,366",407,"1,773",77.0446
,赤東里,39,424,"1,220","1,683",19,"1,702",0,"1,702",485,"2,187",77.8235
,赤西里,27,217,365,609,8,617,0,617,163,780,79.1026
,禮蚵里,43,388,"1,143","1,574",26,"1,600",0,"1,600",420,"2,020",79.2079
,智蚵里,60,679,"1,445","2,184",19,"2,203",0,"2,203",608,"2,811",78.3707
,信蚵里,56,528,"1,181","1,765",13,"1,778",0,"1,778",489,"2,267",78.4296
,茄苳里,61,532,"1,149","1,742",11,"1,753",0,"1,753",510,"2,263",77.4635
,典寶里,71,696,"1,419","2,186",28,"2,214",0,"2,214",638,"2,852",77.6297
　旗山區,,722,"7,962","14,285","22,969",207,"23,176",0,"23,176","7,739","30,915",74.9668
,太平里,69,552,952,"1,573",17,"1,590",0,"1,590",543,"2,133",74.5429
,大德里,77,670,975,"1,722",29,"1,751",0,"1,751",501,"2,252",77.7531
,湄洲里,34,455,674,"1,163",6,"1,169",0,"1,169",434,"1,603",72.9258
,圓富里,35,449,749,"1,233",6,"1,239",0,"1,239",509,"1,748",70.8810
,中正里,28,416,551,995,6,"1,001",0,"1,001",413,"1,414",70.7921
,大林里,25,381,537,943,12,955,0,955,391,"1,346",70.9510
,上洲里,24,185,561,770,7,777,0,777,232,"1,009",77.0069
,新光里,16,202,353,571,7,578,0,578,176,754,76.6578
,南勝里,32,476,"1,090","1,598",15,"1,613",0,"1,613",474,"2,087",77.2880
,中寮里,4,29,98,131,7,138,0,138,41,179,77.0950
,東昌里,15,303,421,739,5,744,0,744,242,986,75.4564
,東平里,44,542,882,"1,468",9,"1,477",0,"1,477",431,"1,908",77.4109
,竹峰里,42,415,687,"1,144",8,"1,152",0,"1,152",373,"1,525",75.5410
,瑞吉里,40,468,948,"1,456",12,"1,468",0,"1,468",493,"1,961",74.8598
,永和里,73,743,"1,489","2,305",15,"2,320",0,"2,320",867,"3,187",72.7957
,三協里,69,574,929,"1,572",20,"1,592",0,"1,592",563,"2,155",73.8747
,鯤洲里,16,111,416,543,5,548,0,548,171,719,76.2170
,大山里,22,295,643,960,3,963,0,963,302,"1,265",76.1265
,中洲里,13,163,438,614,5,619,0,619,188,807,76.7038
,南洲里,30,317,662,"1,009",9,"1,018",0,"1,018",259,"1,277",79.7181
,廣福里,14,216,230,460,4,464,0,464,136,600,77.3333
　美濃區,,607,"11,146","13,007","24,760",224,"24,984",0,"24,984","9,228","34,212",73.0270
,福安里,44,804,977,"1,825",16,"1,841",0,"1,841",703,"2,544",72.3664
,合和里,41,809,775,"1,625",18,"1,643",0,"1,643",672,"2,315",70.9719
,祿興里,37,823,972,"1,832",13,"1,845",0,"1,845",655,"2,500",73.8000
,中壇里,37,736,688,"1,461",11,"1,472",0,"1,472",523,"1,995",73.7845
,德興里,31,570,473,"1,074",16,"1,090",0,"1,090",353,"1,443",75.5371
,龍山里,44,702,775,"1,521",13,"1,534",0,"1,534",566,"2,100",73.0476
,獅山里,44,705,"1,040","1,789",16,"1,805",0,"1,805",622,"2,427",74.3717
,龍肚里,21,488,527,"1,036",7,"1,043",0,"1,043",355,"1,398",74.6066
,廣德里,23,364,529,916,10,926,0,926,368,"1,294",71.5611
,興隆里,21,315,495,831,10,841,0,841,309,"1,150",73.1304
,中圳里,39,672,773,"1,484",9,"1,493",0,"1,493",549,"2,042",73.1146
,東門里,18,360,462,840,11,851,0,851,355,"1,206",70.5638
,泰安里,22,555,540,"1,117",8,"1,125",0,"1,125",398,"1,523",73.8674
,瀰濃里,45,694,778,"1,517",12,"1,529",0,"1,529",651,"2,180",70.1376
,清水里,31,536,689,"1,256",11,"1,267",0,"1,267",461,"1,728",73.3218
,吉洋里,24,580,714,"1,318",17,"1,335",0,"1,335",485,"1,820",73.3516
,吉和里,27,469,498,994,7,"1,001",0,"1,001",312,"1,313",76.2376
,吉東里,33,536,742,"1,311",7,"1,318",0,"1,318",459,"1,777",74.1699
,廣林里,25,428,560,"1,013",12,"1,025",0,"1,025",432,"1,457",70.3500
　六龜區,,191,"2,705","4,117","7,013",67,"7,080",0,"7,080","3,903","10,983",64.4633
,新威里,11,189,299,499,5,504,0,504,212,716,70.3911
,新興里,10,160,265,435,5,440,0,440,203,643,68.4292
,新寮里,15,160,284,459,1,460,0,460,166,626,73.4824
,新發里,19,189,363,571,5,576,0,576,395,971,59.3203
,荖濃里,28,268,464,760,6,766,0,766,576,"1,342",57.0790
,六龜里,18,214,325,557,7,564,0,564,365,929,60.7104
,義寶里,23,257,427,707,7,714,0,714,303,"1,017",70.2065
,興龍里,6,155,317,478,5,483,0,483,299,782,61.7647
,中興里,22,468,405,895,7,902,0,902,470,"1,372",65.7434
,寶來里,11,255,329,595,4,599,0,599,288,887,67.5310
,文武里,22,316,499,837,9,846,0,846,542,"1,388",60.9510
,大津里,6,74,140,220,6,226,0,226,84,310,72.9032
　甲仙區,,96,"1,698","1,755","3,549",37,"3,586",0,"3,586","1,646","5,232",68.5398
,東安里,9,130,140,279,5,284,0,284,171,455,62.4176
,西安里,17,368,241,626,5,631,0,631,222,853,73.9742
,和安里,14,251,186,451,3,454,0,454,191,645,70.3876
,大田里,21,485,526,"1,032",4,"1,036",0,"1,036",491,"1,527",67.8454
,寶隆里,8,168,274,450,13,463,0,463,186,649,71.3405
,關山里,13,182,211,406,3,409,0,409,179,588,69.5578
,小林里,14,114,177,305,4,309,0,309,206,515,60.0000
　杉林區,,154,"2,820","3,719","6,693",62,"6,755",0,"6,755","3,546","10,301",65.5762
,杉林里,5,123,256,384,1,385,0,385,241,626,61.5016
,木梓里,7,148,250,405,5,410,0,410,256,666,61.5616
,集來里,15,259,481,755,11,766,0,766,474,"1,240",61.7742
,新庄里,21,456,493,970,11,981,0,981,495,"1,476",66.4634
,上平里,29,479,540,"1,048",8,"1,056",0,"1,056",517,"1,573",67.1329
,月眉里,27,508,574,"1,109",8,"1,117",0,"1,117",482,"1,599",69.8562
,大愛里,32,513,637,"1,182",10,"1,192",0,"1,192",717,"1,909",62.4411
,月美里,18,334,488,840,8,848,0,848,364,"1,212",69.9670
　內門區,,245,"3,400","5,378","9,023",90,"9,113",1,"9,114","3,425","12,539",72.6772
,溝坪里,18,249,349,616,6,622,1,623,320,943,65.9597
,金竹里,3,145,310,458,3,461,0,461,168,629,73.2909
,永富里,15,259,382,656,13,669,0,669,272,941,71.0946
,永吉里,5,116,177,298,4,302,0,302,110,412,73.3010
,永興里,6,113,144,263,6,269,0,269,125,394,68.2741
,石坑里,9,116,219,344,3,347,0,347,137,484,71.6942
,內門里,19,286,399,704,4,708,0,708,230,938,75.4797
,內豊里,24,360,491,875,5,880,0,880,306,"1,186",74.1990
,觀亭里,34,468,709,"1,211",12,"1,223",0,"1,223",428,"1,651",74.0763
,中埔里,16,185,193,394,5,399,0,399,136,535,74.5794
,內東里,17,208,367,592,4,596,0,596,166,762,78.2152
,內南里,14,126,139,279,2,281,0,281,125,406,69.2118
,東埔里,18,108,222,348,3,351,0,351,130,481,72.9730
,三平里,12,148,274,434,10,444,0,444,195,639,69.4836
,木柵里,7,132,272,411,4,415,0,415,164,579,71.6753
,內興里,8,82,322,412,0,412,0,412,173,585,70.4274
,瑞山里,10,111,116,237,0,237,0,237,89,326,72.6994
,光興里,10,188,293,491,6,497,0,497,151,648,76.6975
　茂林區,,20,877,267,"1,164",9,"1,173",0,"1,173",349,"1,522",77.0696
,多納里,8,279,63,350,4,354,0,354,122,476,74.3697
,萬山里,5,199,79,283,2,285,0,285,79,364,78.2967
,茂林里,7,399,125,531,3,534,0,534,148,682,78.2991
　桃源區,,64,"1,674",545,"2,283",24,"2,307",0,"2,307","1,037","3,344",68.9892
,梅山里,3,127,52,182,2,184,0,184,64,248,74.1935
,拉芙蘭里,8,104,67,179,2,181,0,181,56,237,76.3713
,復興里,3,146,49,198,1,199,0,199,70,269,73.9777
,勤和里,3,115,33,151,4,155,0,155,54,209,74.1627
,桃源里,16,357,101,474,4,478,0,478,257,735,65.0340
,高中里,11,288,114,413,5,418,0,418,194,612,68.3007
,建山里,14,304,70,388,3,391,0,391,188,579,67.5302
,寶山里,6,233,59,298,3,301,0,301,154,455,66.1538
　那瑪夏區,,27,"1,145",430,"1,602",12,"1,614",1,"1,615",723,"2,338",69.0334
,達卡努瓦里,12,606,190,808,7,815,0,815,459,"1,274",63.9717
,瑪雅里,6,354,73,433,3,436,1,437,146,583,74.7856
,南沙魯里,9,185,167,361,2,363,0,363,118,481,75.4678
