第15任總統副總統選舉候選人在新北市各村(里)得票數一覽表,,,,,,,,,,,,
行政區別,村里別,各組候選人得票情形,,,"有效票數A
A=1+2+...+N",無效票數B,"投票數C
C=A+B","已領未投票數
D
D=E-C","發出票數E
E=C+D",用餘票數F,"選舉人數G
G=E+F","投票率H
H=C÷G"
,,"(1)
宋楚瑜
余湘","(2)
韓國瑜
張善政","(3)
蔡英文
賴清德",,,,,,,,
,,,,,,,,,,,,
,,,,,,,,,,,,
總　計,,"112,620","959,631","1,393,936","2,466,187","28,041","2,494,228",71,"2,494,299","827,160","3,321,459",75.0943
　板橋區,,"15,719","123,922","204,134","343,775","4,051","347,826",10,"347,836","107,164","455,000",76.4453
,留侯里,58,430,557,"1,045",24,"1,069",0,"1,069",304,"1,373",77.8587
,流芳里,50,345,534,929,6,935,0,935,311,"1,246",75.0401
,赤松里,24,218,336,578,15,593,0,593,153,746,79.4906
,黃石里,35,248,423,706,13,719,0,719,230,949,75.7640
,挹秀里,68,566,594,"1,228",17,"1,245",0,"1,245",360,"1,605",77.5701
,湳興里,153,"1,275","1,935","3,363",54,"3,417",0,"3,417","1,138","4,555",75.0165
,新興里,91,769,"1,196","2,056",17,"2,073",0,"2,073",767,"2,840",72.9930
,社後里,201,"1,481","2,363","4,045",58,"4,103",0,"4,103","4,301","8,404",48.8220
,香社里,110,945,"1,759","2,814",34,"2,848",0,"2,848",838,"3,686",77.2653
,香雅里,74,599,"1,025","1,698",16,"1,714",0,"1,714",515,"2,229",76.8955
,中正里,116,944,"1,726","2,786",26,"2,812",0,"2,812",908,"3,720",75.5914
,自強里,166,"1,642","1,758","3,566",40,"3,606",0,"3,606",853,"4,459",80.8702
,自立里,81,668,"1,141","1,890",21,"1,911",0,"1,911",526,"2,437",78.4161
,光華里,62,734,"1,021","1,817",23,"1,840",0,"1,840",532,"2,372",77.5717
,光榮里,65,708,918,"1,691",20,"1,711",0,"1,711",552,"2,263",75.6076
,國光里,140,"1,520",940,"2,600",32,"2,632",0,"2,632",657,"3,289",80.0243
,港尾里,89,724,"1,105","1,918",30,"1,948",0,"1,948",467,"2,415",80.6625
,新生里,107,"1,015","1,764","2,886",31,"2,917",0,"2,917",834,"3,751",77.7659
,金華里,123,867,"1,619","2,609",30,"2,639",0,"2,639",820,"3,459",76.2937
,港德里,160,"1,023","1,905","3,088",30,"3,118",0,"3,118","1,018","4,136",75.3868
,民權里,69,763,990,"1,822",25,"1,847",0,"1,847",454,"2,301",80.2694
,民安里,50,564,765,"1,379",12,"1,391",0,"1,391",363,"1,754",79.3044
,建國里,110,835,"1,442","2,387",32,"2,419",0,"2,419",653,"3,072",78.7435
,漢生里,130,"1,102","1,542","2,774",41,"2,815",0,"2,815",737,"3,552",79.2511
,公?里,86,839,"1,556","2,481",30,"2,511",0,"2,511",687,"3,198",78.5178
,新民里,115,"1,053","1,608","2,776",26,"2,802",0,"2,802",790,"3,592",78.0067
,幸福里,128,856,"1,526","2,510",31,"2,541",1,"2,542",829,"3,371",75.3782
,文德里,100,722,"1,217","2,039",17,"2,056",0,"2,056",611,"2,667",77.0904
,忠誠里,112,"1,673","1,033","2,818",26,"2,844",0,"2,844",675,"3,519",80.8184
,陽明里,77,607,"1,176","1,860",16,"1,876",0,"1,876",520,"2,396",78.2972
,百壽里,80,669,"1,034","1,783",19,"1,802",0,"1,802",479,"2,281",79.0004
,介壽里,74,723,"1,170","1,967",25,"1,992",0,"1,992",598,"2,590",76.9112
,新埔里,64,512,880,"1,456",14,"1,470",0,"1,470",394,"1,864",78.8627
,華江里,225,"1,796","2,660","4,681",65,"4,746",0,"4,746","1,334","6,080",78.0592
,江翠里,136,"1,046","2,089","3,271",31,"3,302",0,"3,302","1,011","4,313",76.5592
,純翠里,133,"1,092","2,307","3,532",45,"3,577",0,"3,577","1,092","4,669",76.6117
,溪頭里,171,"1,227","2,430","3,828",48,"3,876",0,"3,876","1,173","5,049",76.7677
,聯翠里,113,871,"1,382","2,366",24,"2,390",0,"2,390",812,"3,202",74.6408
,文化里,113,742,"1,380","2,235",20,"2,255",0,"2,255",661,"2,916",77.3320
,宏翠里,181,"1,180","1,957","3,318",37,"3,355",0,"3,355","1,033","4,388",76.4585
,仁翠里,83,549,"1,277","1,909",26,"1,935",0,"1,935",555,"2,490",77.7108
,新翠里,257,"1,774","3,212","5,243",61,"5,304",5,"5,309","1,476","6,785",78.1724
,朝陽里,96,633,"1,486","2,215",27,"2,242",0,"2,242",715,"2,957",75.8201
,吉翠里,113,747,"1,642","2,502",26,"2,528",0,"2,528",700,"3,228",78.3147
,德翠里,223,"1,700","2,798","4,721",48,"4,769",0,"4,769","1,298","6,067",78.6056
,新海里,84,730,"1,525","2,339",27,"2,366",0,"2,366",706,"3,072",77.0182
,滿翠里,82,565,"1,317","1,964",26,"1,990",0,"1,990",605,"2,595",76.6859
,明翠里,119,"1,023","1,982","3,124",26,"3,150",0,"3,150",981,"4,131",76.2527
,松翠里,99,746,"1,356","2,201",25,"2,226",0,"2,226",693,"2,919",76.2590
,柏翠里,143,962,"1,751","2,856",32,"2,888",0,"2,888",911,"3,799",76.0200
,龍翠里,153,"1,061","2,129","3,343",44,"3,387",0,"3,387",976,"4,363",77.6301
,松柏里,75,458,967,"1,500",28,"1,528",0,"1,528",428,"1,956",78.1186
,華翠里,108,730,"1,505","2,343",30,"2,373",0,"2,373",638,"3,011",78.8110
,莒光里,85,585,"1,211","1,881",21,"1,902",0,"1,902",559,"2,461",77.2857
,忠翠里,320,"2,516","3,983","6,819",78,"6,897",0,"6,897","1,840","8,737",78.9401
,嵐翠里,70,498,"1,050","1,618",16,"1,634",0,"1,634",513,"2,147",76.1062
,文聖里,109,819,"1,634","2,562",33,"2,595",0,"2,595",771,"3,366",77.0945
,文翠里,137,916,"1,665","2,718",31,"2,749",0,"2,749",781,"3,530",77.8754
,青翠里,80,605,"1,246","1,931",21,"1,952",0,"1,952",672,"2,624",74.3902
,懷翠里,166,"1,201","2,515","3,882",51,"3,933",0,"3,933","1,314","5,247",74.9571
,福翠里,40,325,486,851,16,867,0,867,292,"1,159",74.8059
,港嘴里,166,"1,368","2,486","4,020",41,"4,061",1,"4,062","1,204","5,266",77.1174
,埤墘里,142,967,"1,748","2,857",38,"2,895",0,"2,895",819,"3,714",77.9483
,莊敬里,133,940,"1,578","2,651",32,"2,683",0,"2,683",690,"3,373",79.5434
,永安里,99,712,"1,421","2,232",26,"2,258",0,"2,258",663,"2,921",77.3023
,振興里,122,995,"1,898","3,015",30,"3,045",0,"3,045",831,"3,876",78.5604
,振義里,112,866,"1,797","2,775",33,"2,808",0,"2,808",855,"3,663",76.6585
,光復里,89,720,"1,383","2,192",23,"2,215",1,"2,216",677,"2,893",76.5641
,埔墘里,176,"1,488","2,562","4,226",48,"4,274",0,"4,274","1,208","5,482",77.9642
,富貴里,74,572,916,"1,562",21,"1,583",0,"1,583",400,"1,983",79.8285
,長壽里,92,668,"1,216","1,976",11,"1,987",0,"1,987",541,"2,528",78.5997
,福壽里,122,870,"1,236","2,228",22,"2,250",0,"2,250",653,"2,903",77.5060
,居仁里,109,781,"1,543","2,433",16,"2,449",0,"2,449",679,"3,128",78.2928
,海山里,242,"1,762","2,880","4,884",69,"4,953",1,"4,954","1,357","6,311",78.4820
,九如里,87,577,"1,198","1,862",29,"1,891",0,"1,891",541,"2,432",77.7549
,正泰里,86,714,"1,224","2,024",35,"2,059",0,"2,059",543,"2,602",79.1314
,玉光里,141,"1,117","2,032","3,290",37,"3,327",0,"3,327","1,151","4,478",74.2966
,光仁里,100,626,"1,190","1,916",25,"1,941",0,"1,941",499,"2,440",79.5492
,雙玉里,108,909,"1,567","2,584",30,"2,614",0,"2,614",792,"3,406",76.7469
,廣新里,83,760,"1,363","2,206",27,"2,233",0,"2,233",780,"3,013",74.1122
,深丘里,227,"2,150","2,891","5,268",72,"5,340",0,"5,340","1,653","6,993",76.3621
,香丘里,104,834,"1,440","2,378",26,"2,404",0,"2,404",717,"3,121",77.0266
,西安里,79,639,"1,062","1,780",23,"1,803",0,"1,803",531,"2,334",77.2494
,東丘里,119,982,"1,884","2,985",29,"3,014",0,"3,014",843,"3,857",78.1436
,民生里,57,509,921,"1,487",13,"1,500",0,"1,500",412,"1,912",78.4519
,長安里,149,990,"1,767","2,906",38,"2,944",0,"2,944",762,"3,706",79.4387
,東安里,58,496,960,"1,514",16,"1,530",0,"1,530",457,"1,987",77.0005
,福丘里,155,"1,342","1,612","3,109",41,"3,150",0,"3,150",930,"4,080",77.2059
,福祿里,105,"1,053","1,287","2,445",26,"2,471",0,"2,471",807,"3,278",75.3813
,民族里,152,"1,059","1,668","2,879",26,"2,905",0,"2,905",769,"3,674",79.0691
,國泰里,85,932,"1,264","2,281",31,"2,312",0,"2,312",723,"3,035",76.1779
,後埔里,111,"1,008","1,338","2,457",47,"2,504",0,"2,504",702,"3,206",78.1036
,福德里,145,"1,239","1,929","3,313",41,"3,354",0,"3,354",990,"4,344",77.2099
,景星里,94,857,"1,260","2,211",38,"2,249",0,"2,249",762,"3,011",74.6928
,福星里,100,872,"1,395","2,367",27,"2,394",0,"2,394",629,"3,023",79.1929
,鄉雲里,137,949,"1,432","2,518",39,"2,557",0,"2,557",750,"3,307",77.3208
,廣德里,208,"1,717","2,468","4,393",67,"4,460",0,"4,460","1,319","5,779",77.1760
,大豐里,144,"1,213","1,702","3,059",34,"3,093",0,"3,093",925,"4,018",76.9786
,重慶里,266,"2,049","3,122","5,437",60,"5,497",0,"5,497","1,797","7,294",75.3633
,仁愛里,122,"1,022",970,"2,114",36,"2,150",0,"2,150",570,"2,720",79.0441
,和平里,142,987,"1,290","2,419",19,"2,438",1,"2,439",684,"3,123",78.0660
,廣福里,120,921,"1,520","2,561",21,"2,582",0,"2,582",855,"3,437",75.1237
,五權里,121,964,"1,576","2,661",20,"2,681",0,"2,681",813,"3,494",76.7315
,華興里,147,"1,055","1,584","2,786",39,"2,825",0,"2,825",849,"3,674",76.8917
,華貴里,87,617,987,"1,691",24,"1,715",0,"1,715",521,"2,236",76.6995
,華福里,66,546,783,"1,395",26,"1,421",0,"1,421",383,"1,804",78.7694
,華德里,186,"1,725","2,596","4,507",56,"4,563",0,"4,563","1,560","6,123",74.5223
,華東里,254,"2,215","2,707","5,176",56,"5,232",0,"5,232","1,437","6,669",78.4525
,信義里,127,"1,019","1,581","2,727",30,"2,757",0,"2,757",938,"3,695",74.6143
,浮洲里,113,804,"1,608","2,525",17,"2,542",0,"2,542",812,"3,354",75.7901
,華中里,139,"1,013","2,258","3,410",36,"3,446",0,"3,446","1,130","4,576",75.3059
,僑中里,128,864,"1,805","2,797",33,"2,830",0,"2,830",837,"3,667",77.1748
,大觀里,101,708,"1,586","2,395",20,"2,415",0,"2,415",755,"3,170",76.1830
,歡園里,43,235,550,828,5,833,0,833,251,"1,084",76.8450
,中山里,226,"1,697","2,343","4,266",46,"4,312",0,"4,312","1,443","5,755",74.9262
,復興里,31,313,326,670,12,682,0,682,230,912,74.7807
,大安里,122,931,"1,573","2,626",25,"2,651",0,"2,651",788,"3,439",77.0864
,福安里,240,"1,856","2,390","4,486",61,"4,547",0,"4,547","1,365","5,912",76.9114
,聚安里,146,"1,115","2,158","3,419",34,"3,453",0,"3,453","1,137","4,590",75.2288
,龍安里,92,622,"1,129","1,843",20,"1,863",0,"1,863",567,"2,430",76.6667
,崑崙里,272,"2,170","3,700","6,142",72,"6,214",0,"6,214","2,039","8,253",75.2938
,成和里,228,"1,422","2,488","4,138",43,"4,181",0,"4,181","1,522","5,703",73.3123
,溪洲里,164,"1,247","2,278","3,689",60,"3,749",0,"3,749","1,293","5,042",74.3554
,溪福里,405,"3,074","5,148","8,627",99,"8,726",0,"8,726","3,005","11,731",74.3841
,溪北里,108,825,"1,374","2,307",16,"2,323",0,"2,323",704,"3,027",76.7426
,堂春里,129,917,"1,686","2,732",24,"2,756",0,"2,756",901,"3,657",75.3623
　三重區,,"11,087","78,055","154,104","243,246","2,762","246,008",2,"246,010","77,100","323,110",76.1375
,富貴里,192,"1,526","2,511","4,229",35,"4,264",0,"4,264","1,311","5,575",76.4843
,碧華里,248,"1,859","3,074","5,181",58,"5,239",0,"5,239","1,584","6,823",76.7844
,仁華里,140,888,"1,772","2,800",41,"2,841",0,"2,841",835,"3,676",77.2851
,永清里,159,945,"2,418","3,522",37,"3,559",0,"3,559","1,021","4,580",77.7074
,永順里,160,874,"2,190","3,224",31,"3,255",0,"3,255","1,112","4,367",74.5363
,富福里,62,386,829,"1,277",14,"1,291",0,"1,291",484,"1,775",72.7324
,慈化里,74,501,"1,067","1,642",26,"1,668",0,"1,668",487,"2,155",77.4014
,慈惠里,71,377,"1,063","1,511",14,"1,525",0,"1,525",454,"1,979",77.0591
,慈愛里,89,665,"1,537","2,291",31,"2,322",0,"2,322",739,"3,061",75.8576
,永福里,139,963,"2,337","3,439",41,"3,480",0,"3,480","1,046","4,526",76.8891
,慈生里,81,504,"1,013","1,598",15,"1,613",0,"1,613",425,"2,038",79.1462
,慈福里,79,424,972,"1,475",16,"1,491",0,"1,491",495,"1,986",75.0755
,慈祐里,135,936,"2,104","3,175",38,"3,213",0,"3,213",997,"4,210",76.3183
,富華里,115,720,"1,308","2,143",33,"2,176",0,"2,176",677,"2,853",76.2706
,五華里,125,"1,057","2,182","3,364",41,"3,405",0,"3,405","1,073","4,478",76.0384
,五福里,119,822,"1,567","2,508",30,"2,538",0,"2,538",820,"3,358",75.5807
,大有里,156,"1,084","2,347","3,587",34,"3,621",0,"3,621","1,063","4,684",77.3057
,博愛里,111,"1,053","1,917","3,081",43,"3,124",0,"3,124",889,"4,013",77.8470
,二重里,46,299,695,"1,040",14,"1,054",0,"1,054",345,"1,399",75.3395
,頂崁里,62,439,"1,039","1,540",10,"1,550",0,"1,550",463,"2,013",76.9995
,谷王里,26,212,430,668,6,674,0,674,163,837,80.5257
,五谷里,55,402,782,"1,239",12,"1,251",0,"1,251",401,"1,652",75.7264
,中興里,118,801,"1,739","2,658",34,"2,692",0,"2,692",782,"3,474",77.4899
,德厚里,8,79,190,277,4,281,0,281,59,340,82.6471
,成功里,209,"1,512","2,440","4,161",46,"4,207",0,"4,207","1,134","5,341",78.7680
,福祉里,165,"1,199","2,233","3,597",28,"3,625",0,"3,625","1,051","4,676",77.5235
,福德里,114,934,"1,650","2,698",30,"2,728",0,"2,728",810,"3,538",77.1057
,福民里,84,701,"1,468","2,253",23,"2,276",1,"2,277",738,"3,015",75.4892
,過田里,176,"1,611","2,624","4,411",45,"4,456",0,"4,456","4,051","8,507",52.3804
,錦田里,51,432,905,"1,388",17,"1,405",0,"1,405",414,"1,819",77.2402
,重明里,112,811,"1,494","2,417",39,"2,456",0,"2,456",675,"3,131",78.4414
,光田里,163,"1,032","1,816","3,011",36,"3,047",0,"3,047",828,"3,875",78.6323
,光陽里,186,"1,458","2,689","4,333",47,"4,380",0,"4,380","1,178","5,558",78.8053
,田心里,130,825,"1,776","2,731",35,"2,766",0,"2,766",835,"3,601",76.8120
,福田里,112,753,"1,606","2,471",22,"2,493",0,"2,493",568,"3,061",81.4440
,田中里,166,"1,187","2,796","4,149",47,"4,196",0,"4,196","1,131","5,327",78.7685
,田安里,215,"1,319","2,618","4,152",43,"4,195",0,"4,195","1,227","5,422",77.3700
,三民里,110,691,"1,369","2,170",18,"2,188",0,"2,188",665,"2,853",76.6912
,光明里,273,"1,642","2,910","4,825",44,"4,869",0,"4,869","1,537","6,406",76.0069
,光正里,84,697,893,"1,674",18,"1,692",0,"1,692",542,"2,234",75.7386
,同安里,51,321,529,901,14,915,0,915,366,"1,281",71.4286
,同慶里,57,467,685,"1,209",10,"1,219",0,"1,219",360,"1,579",77.2008
,菜寮里,80,521,899,"1,500",13,"1,513",0,"1,513",429,"1,942",77.9094
,永春里,61,462,768,"1,291",12,"1,303",0,"1,303",380,"1,683",77.4213
,中正里,43,354,580,977,15,992,0,992,273,"1,265",78.4190
,吉利里,33,363,559,955,14,969,0,969,306,"1,275",76.0000
,大同里,71,469,777,"1,317",25,"1,342",0,"1,342",447,"1,789",75.0140
,中民里,34,337,491,862,16,878,0,878,264,"1,142",76.8827
,平和里,61,332,591,984,20,"1,004",0,"1,004",348,"1,352",74.2604
,大安里,49,434,609,"1,092",9,"1,101",0,"1,101",378,"1,479",74.4422
,仁德里,60,444,828,"1,332",13,"1,345",0,"1,345",469,"1,814",74.1455
,忠孝里,54,405,725,"1,184",19,"1,203",0,"1,203",434,"1,637",73.4881
,仁義里,34,287,484,805,17,822,0,822,262,"1,084",75.8303
,光榮里,53,303,606,962,17,979,0,979,333,"1,312",74.6189
,光輝里,49,329,652,"1,030",8,"1,038",0,"1,038",299,"1,337",77.6365
,福星里,40,261,492,793,15,808,0,808,245,"1,053",76.7331
,福利里,83,580,925,"1,588",9,"1,597",0,"1,597",445,"2,042",78.2076
,清和里,142,906,"1,654","2,702",15,"2,717",0,"2,717",772,"3,489",77.8733
,永興里,47,327,502,876,9,885,0,885,298,"1,183",74.8098
,中山里,75,615,"1,159","1,849",26,"1,875",0,"1,875",548,"2,423",77.3834
,大園里,97,563,"1,155","1,815",23,"1,838",0,"1,838",615,"2,453",74.9287
,國隆里,114,640,"1,075","1,829",20,"1,849",0,"1,849",525,"2,374",77.8854
,重陽里,97,775,"1,431","2,303",33,"2,336",0,"2,336",782,"3,118",74.9198
,民生里,133,816,"1,830","2,779",32,"2,811",0,"2,811",873,"3,684",76.3029
,重新里,40,276,643,959,10,969,0,969,300,"1,269",76.3593
,正德里,29,271,476,776,8,784,0,784,240,"1,024",76.5625
,正義里,54,426,747,"1,227",15,"1,242",0,"1,242",343,"1,585",78.3596
,正安里,75,452,811,"1,338",10,"1,348",0,"1,348",400,"1,748",77.1167
,自強里,42,355,805,"1,202",23,"1,225",0,"1,225",377,"1,602",76.4669
,文化里,83,494,991,"1,568",9,"1,577",0,"1,577",467,"2,044",77.1526
,中央里,55,384,742,"1,181",16,"1,197",0,"1,197",403,"1,600",74.8125
,雙園里,26,245,382,653,11,664,0,664,191,855,77.6608
,錦通里,55,354,627,"1,036",11,"1,047",0,"1,047",311,"1,358",77.0987
,錦安里,55,436,762,"1,253",18,"1,271",0,"1,271",401,"1,672",76.0167
,長安里,54,484,910,"1,448",20,"1,468",0,"1,468",496,"1,964",74.7454
,光華里,51,451,878,"1,380",12,"1,392",0,"1,392",499,"1,891",73.6118
,長生里,29,156,397,582,10,592,0,592,212,804,73.6318
,開元里,57,347,635,"1,039",15,"1,054",0,"1,054",308,"1,362",77.3862
,大德里,32,202,379,613,5,618,0,618,146,764,80.8901
,長元里,78,540,"1,016","1,634",24,"1,658",0,"1,658",551,"2,209",75.0566
,長江里,55,444,885,"1,384",22,"1,406",0,"1,406",440,"1,846",76.1647
,長泰里,64,478,951,"1,493",20,"1,513",0,"1,513",485,"1,998",75.7257
,長福里,57,333,664,"1,054",9,"1,063",0,"1,063",326,"1,389",76.5299
,介壽里,38,290,462,790,12,802,0,802,248,"1,050",76.3810
,萬壽里,60,494,823,"1,377",20,"1,397",0,"1,397",374,"1,771",78.8820
,錦江里,75,493,952,"1,520",18,"1,538",0,"1,538",556,"2,094",73.4479
,龍濱里,105,728,"1,377","2,210",19,"2,229",0,"2,229",663,"2,892",77.0747
,龍門里,58,400,753,"1,211",16,"1,227",0,"1,227",432,"1,659",73.9602
,秀江里,46,287,529,862,17,879,0,879,289,"1,168",75.2568
,奕壽里,48,364,749,"1,161",17,"1,178",0,"1,178",371,"1,549",76.0491
,三安里,83,587,"1,103","1,773",19,"1,792",0,"1,792",590,"2,382",75.2309
,福安里,96,605,"1,320","2,021",14,"2,035",0,"2,035",606,"2,641",77.0541
,信安里,54,448,806,"1,308",18,"1,326",0,"1,326",460,"1,786",74.2441
,安慶里,52,412,954,"1,418",11,"1,429",1,"1,430",419,"1,849",77.2850
,幸福里,129,965,"1,967","3,061",30,"3,091",0,"3,091",993,"4,084",75.6856
,六合里,119,817,"1,590","2,526",22,"2,548",0,"2,548",753,"3,301",77.1887
,六福里,155,"1,038","2,529","3,722",50,"3,772",0,"3,772","1,026","4,798",78.6161
,順德里,64,490,911,"1,465",25,"1,490",0,"1,490",493,"1,983",75.1387
,承德里,41,408,750,"1,199",21,"1,220",0,"1,220",377,"1,597",76.3932
,瑞德里,65,501,"1,107","1,673",13,"1,686",0,"1,686",431,"2,117",79.6410
,崇德里,90,813,"1,717","2,620",38,"2,658",0,"2,658",838,"3,496",76.0297
,厚德里,124,758,"1,505","2,387",26,"2,413",0,"2,413",661,"3,074",78.4971
,維德里,82,569,"1,292","1,943",15,"1,958",0,"1,958",519,"2,477",79.0472
,尚德里,98,663,"1,284","2,045",25,"2,070",0,"2,070",621,"2,691",76.9231
,培德里,103,765,"1,625","2,493",21,"2,514",0,"2,514",703,"3,217",78.1473
,立德里,101,741,"1,518","2,360",25,"2,385",0,"2,385",603,"2,988",79.8193
,永德里,141,964,"2,132","3,237",42,"3,279",0,"3,279",999,"4,278",76.6480
,永煇里,83,439,"1,189","1,711",19,"1,730",0,"1,730",524,"2,254",76.7524
,永發里,160,"1,105","2,637","3,902",46,"3,948",0,"3,948","1,043","4,991",79.1024
,永盛里,98,639,"1,382","2,119",22,"2,141",0,"2,141",675,"2,816",76.0298
,永吉里,69,626,"1,198","1,893",25,"1,918",0,"1,918",596,"2,514",76.2928
,永安里,121,807,"1,703","2,631",27,"2,658",0,"2,658",770,"3,428",77.5379
,永豐里,171,"1,059","2,503","3,733",32,"3,765",0,"3,765","1,175","4,940",76.2146
,溪美里,248,"1,766","3,614","5,628",64,"5,692",0,"5,692","1,599","7,291",78.0689
,福隆里,152,905,"1,816","2,873",29,"2,902",0,"2,902",977,"3,879",74.8131
,五常里,128,812,"1,774","2,714",31,"2,745",0,"2,745",862,"3,607",76.1020
,仁忠里,94,685,"1,237","2,016",25,"2,041",0,"2,041",743,"2,784",73.3118
,福樂里,113,728,"1,551","2,392",25,"2,417",0,"2,417",789,"3,206",75.3899
,五順里,94,825,"1,668","2,587",15,"2,602",0,"2,602",866,"3,468",75.0288
　中和區,,"12,066","120,502","131,784","264,352","3,243","267,595",14,"267,609","81,616","349,225",76.6254
,中原里,183,"1,638","2,289","4,110",50,"4,160",0,"4,160","1,356","5,516",75.4170
,連和里,66,922,655,"1,643",22,"1,665",0,"1,665",488,"2,153",77.3340
,連城里,183,"2,141","2,041","4,365",46,"4,411",0,"4,411","1,201","5,612",78.5994
,力行里,207,"1,711","2,081","3,999",46,"4,045",0,"4,045","1,104","5,149",78.5589
,正行里,119,861,985,"1,965",15,"1,980",0,"1,980",561,"2,541",77.9221
,德行里,237,"1,906","2,220","4,363",54,"4,417",0,"4,417","1,221","5,638",78.3434
,枋寮里,124,"1,050","1,310","2,484",26,"2,510",0,"2,510",776,"3,286",76.3847
,漳和里,130,"1,037","1,338","2,505",25,"2,530",0,"2,530",712,"3,242",78.0382
,廟美里,117,"1,229","1,608","2,954",37,"2,991",0,"2,991",890,"3,881",77.0678
,福真里,129,"1,123","1,495","2,747",35,"2,782",0,"2,782",847,"3,629",76.6602
,福善里,117,"1,256","1,555","2,928",34,"2,962",0,"2,962",911,"3,873",76.4782
,福美里,127,"1,313","1,621","3,061",40,"3,101",0,"3,101",807,"3,908",79.3501
,福祥里,155,"1,402","1,880","3,437",54,"3,491",0,"3,491",951,"4,442",78.5907
,瓦?里,147,"1,539","1,930","3,616",46,"3,662",0,"3,662","1,222","4,884",74.9795
,福和里,113,"1,034","1,322","2,469",26,"2,495",0,"2,495",742,"3,237",77.0775
,佳和里,149,"1,427","1,703","3,279",53,"3,332",0,"3,332","1,002","4,334",76.8805
,新南里,251,"2,582","2,489","5,322",69,"5,391",0,"5,391","1,560","6,951",77.5572
,南山里,147,"1,607","1,665","3,419",65,"3,484",0,"3,484",959,"4,443",78.4155
,平河里,307,"2,462","3,129","5,898",76,"5,974",0,"5,974","1,761","7,735",77.2334
,信和里,116,"1,097","1,602","2,815",32,"2,847",0,"2,847",888,"3,735",76.2249
,仁和里,123,"1,157","1,476","2,756",33,"2,789",0,"2,789",824,"3,613",77.1935
,中正里,127,"1,051","1,408","2,586",36,"2,622",0,"2,622",852,"3,474",75.4750
,建和里,91,"1,254","1,058","2,403",23,"2,426",0,"2,426",652,"3,078",78.8174
,中山里,68,748,988,"1,804",28,"1,832",0,"1,832",517,"2,349",77.9906
,碧河里,121,"1,269","1,586","2,976",38,"3,014",0,"3,014",814,"3,828",78.7356
,正南里,87,"1,235",904,"2,226",43,"2,269",0,"2,269",829,"3,098",73.2408
,頂南里,93,"1,112",837,"2,042",27,"2,069",0,"2,069",586,"2,655",77.9284
,華新里,221,"2,480","1,929","4,630",53,"4,683",0,"4,683","1,553","6,236",75.0962
,東南里,118,"1,874",920,"2,912",37,"2,949",0,"2,949",894,"3,843",76.7369
,華南里,147,"1,761","1,380","3,288",45,"3,333",0,"3,333","1,069","4,402",75.7156
,忠孝里,128,"1,700","1,285","3,113",40,"3,153",0,"3,153","1,051","4,204",75.0000
,崇南里,135,"1,594","1,220","2,949",43,"2,992",0,"2,992",810,"3,802",78.6954
,興南里,77,"1,056",924,"2,057",22,"2,079",1,"2,080",698,"2,778",74.8380
,景南里,79,"1,041",976,"2,096",21,"2,117",0,"2,117",678,"2,795",75.7424
,景本里,63,675,746,"1,484",21,"1,505",1,"1,506",412,"1,918",78.4672
,橫路里,14,84,145,243,4,247,0,247,67,314,78.6624
,內南里,140,"1,595","1,532","3,267",42,"3,309",0,"3,309","1,096","4,405",75.1192
,壽南里,61,734,776,"1,571",16,"1,587",0,"1,587",485,"2,072",76.5927
,福南里,114,"1,472","1,180","2,766",32,"2,798",0,"2,798",910,"3,708",75.4585
,外南里,147,"1,422","1,469","3,038",33,"3,071",0,"3,071","3,712","6,783",45.2750
,中興里,217,"2,063","2,178","4,458",50,"4,508",0,"4,508","1,298","5,806",77.6438
,吉興里,92,950,900,"1,942",25,"1,967",0,"1,967",619,"2,586",76.0634
,復興里,149,"1,633","1,599","3,381",47,"3,428",0,"3,428",978,"4,406",77.8030
,和興里,116,"1,416","1,396","2,928",42,"2,970",0,"2,970",866,"3,836",77.4244
,景平里,179,"1,837","1,619","3,635",55,"3,690",0,"3,690","1,144","4,834",76.3343
,景新里,134,"1,164","1,129","2,427",31,"2,458",0,"2,458",704,"3,162",77.7356
,景福里,169,"1,903","1,730","3,802",51,"3,853",0,"3,853","1,207","5,060",76.1462
,景安里,154,"1,624","1,504","3,282",54,"3,336",0,"3,336",871,"4,207",79.2964
,景文里,150,"1,162","1,192","2,504",27,"2,531",0,"2,531",711,"3,242",78.0691
,錦和里,150,"1,512","1,930","3,592",33,"3,625",0,"3,625","1,030","4,655",77.8733
,錦昌里,55,711,681,"1,447",17,"1,464",0,"1,464",449,"1,913",76.5290
,灰?里,29,152,292,473,7,480,0,480,199,679,70.6922
,積穗里,290,"2,256","2,961","5,507",53,"5,560",0,"5,560","1,508","7,068",78.6644
,民享里,56,595,"1,125","1,776",27,"1,803",0,"1,803",386,"2,189",82.3664
,員山里,215,"1,675","2,433","4,323",41,"4,364",0,"4,364","1,176","5,540",78.7726
,嘉穗里,92,769,"1,081","1,942",14,"1,956",0,"1,956",515,"2,471",79.1582
,文元里,164,"1,292","2,038","3,494",42,"3,536",0,"3,536","1,046","4,582",77.1715
,嘉新里,112,992,"1,496","2,600",30,"2,630",0,"2,630",830,"3,460",76.0116
,民安里,158,"1,226","1,914","3,298",54,"3,352",0,"3,352",953,"4,305",77.8630
,安穗里,151,"1,066","1,746","2,963",36,"2,999",0,"2,999",935,"3,934",76.2328
,瑞穗里,65,689,836,"1,590",22,"1,612",0,"1,612",451,"2,063",78.1386
,明穗里,145,"1,132","1,835","3,112",25,"3,137",0,"3,137",811,"3,948",79.4580
,清穗里,88,810,"1,204","2,102",21,"2,123",0,"2,123",616,"2,739",77.5100
,自強里,156,"1,164","1,963","3,283",35,"3,318",0,"3,318","1,012","4,330",76.6282
,德穗里,133,"1,331","1,589","3,053",44,"3,097",0,"3,097",913,"4,010",77.2319
,民生里,129,"1,147","1,564","2,840",38,"2,878",0,"2,878",826,"3,704",77.6998
,國光里,123,"1,024","1,463","2,610",36,"2,646",0,"2,646",772,"3,418",77.4137
,壽德里,143,"1,691","1,192","3,026",36,"3,062",1,"3,063",784,"3,847",79.5945
,明德里,127,972,"1,487","2,586",36,"2,622",0,"2,622",796,"3,418",76.7115
,錦中里,118,"1,115","1,504","2,737",22,"2,759",0,"2,759",893,"3,652",75.5476
,錦盛里,90,975,"1,455","2,520",43,"2,563",0,"2,563",796,"3,359",76.3025
,民有里,75,755,"1,074","1,904",24,"1,928",0,"1,928",537,"2,465",78.2150
,員富里,95,811,"1,330","2,236",28,"2,264",0,"2,264",765,"3,029",74.7441
,嘉慶里,143,"1,072","1,589","2,804",35,"2,839",0,"2,839",948,"3,787",74.9670
,冠穗里,111,883,"1,361","2,355",31,"2,386",0,"2,386",605,"2,991",79.7727
,國華里,104,810,"1,250","2,164",21,"2,185",3,"2,188",701,"2,889",75.6317
,宜安里,63,673,548,"1,284",23,"1,307",0,"1,307",362,"1,669",78.3104
,安樂里,127,"1,286","1,115","2,528",30,"2,558",1,"2,559",678,"3,237",79.0238
,安和里,117,"1,020","1,001","2,138",19,"2,157",6,"2,163",608,"2,771",77.8419
,安順里,125,"1,545","1,343","3,013",43,"3,056",0,"3,056",834,"3,890",78.5604
,安平里,199,"2,175","1,758","4,132",41,"4,173",0,"4,173","1,105","5,278",79.0640
,中安里,144,"1,648","1,253","3,045",28,"3,073",0,"3,073",791,"3,864",79.5290
,泰安里,111,"1,123","1,165","2,399",27,"2,426",0,"2,426",708,"3,134",77.4091
,秀山里,134,"1,460","1,450","3,044",27,"3,071",0,"3,071",879,"3,950",77.7468
,秀成里,107,"1,143","1,116","2,366",32,"2,398",0,"2,398",729,"3,127",76.6869
,秀義里,101,783,927,"1,811",20,"1,831",0,"1,831",549,"2,380",76.9328
,秀福里,129,"1,535","1,583","3,247",30,"3,277",1,"3,278",961,"4,239",77.3060
,秀景里,194,"2,194","1,819","4,207",52,"4,259",0,"4,259","1,304","5,563",76.5594
,秀明里,169,"1,889","1,241","3,299",42,"3,341",0,"3,341","1,093","4,434",75.3496
,秀峰里,137,"1,643","1,440","3,220",38,"3,258",0,"3,258",893,"4,151",78.4871
,秀士里,57,907,685,"1,649",19,"1,668",0,"1,668",532,"2,200",75.8182
,秀水里,107,"1,350","1,006","2,463",28,"2,491",0,"2,491",802,"3,293",75.6453
,秀仁里,90,"1,098","1,037","2,225",23,"2,248",0,"2,248",669,"2,917",77.0655
　永和區,,"6,286","69,190","63,595","139,071","1,680","140,751",3,"140,754","42,976","183,730",76.6075
,光復里,51,591,492,"1,134",19,"1,153",0,"1,153",345,"1,498",76.9693
,網溪里,40,386,333,759,11,770,0,770,241,"1,011",76.1622
,復興里,77,829,688,"1,594",24,"1,618",0,"1,618",467,"2,085",77.6019
,竹林里,103,"1,265","1,094","2,462",37,"2,499",0,"2,499",759,"3,258",76.7035
,桂林里,126,"1,302","1,019","2,447",33,"2,480",0,"2,480",778,"3,258",76.1203
,上林里,103,"1,232",917,"2,252",23,"2,275",0,"2,275",727,"3,002",75.7828
,福林里,125,"1,090",997,"2,212",22,"2,234",0,"2,234",686,"2,920",76.5068
,勵行里,36,325,467,828,11,839,0,839,262,"1,101",76.2035
,中興里,84,"1,025",926,"2,035",23,"2,058",0,"2,058",644,"2,702",76.1658
,永興里,74,"1,050",917,"2,041",26,"2,067",0,"2,067",708,"2,775",74.4865
,正興里,57,762,634,"1,453",20,"1,473",0,"1,473",516,"1,989",74.0573
,豫溪里,112,"1,395","1,121","2,628",35,"2,663",0,"2,663","1,975","4,638",57.4170
,光明里,89,"1,024",926,"2,039",25,"2,064",0,"2,064",582,"2,646",78.0045
,福和里,174,"1,756","1,511","3,441",31,"3,472",1,"3,473",990,"4,463",77.7952
,得和里,133,"1,519","1,221","2,873",29,"2,902",0,"2,902",807,"3,709",78.2421
,永貞里,95,"1,127","1,064","2,286",26,"2,312",0,"2,312",669,"2,981",77.5579
,永福里,91,956,865,"1,912",15,"1,927",0,"1,927",475,"2,402",80.2248
,河濱里,90,"1,037",953,"2,080",27,"2,107",0,"2,107",646,"2,753",76.5347
,秀和里,136,"1,562","1,600","3,298",45,"3,343",0,"3,343",915,"4,258",78.5110
,永元里,129,"1,476","1,489","3,094",38,"3,132",0,"3,132",905,"4,037",77.5824
,民權里,111,"1,473","1,269","2,853",36,"2,889",0,"2,889",862,"3,751",77.0195
,民族里,141,"1,550","1,317","3,008",27,"3,035",0,"3,035",937,"3,972",76.4099
,秀朗里,110,"1,163","1,268","2,541",28,"2,569",0,"2,569",804,"3,373",76.1637
,秀成里,83,922,932,"1,937",24,"1,961",0,"1,961",593,"2,554",76.7815
,秀林里,93,"1,123","1,343","2,559",37,"2,596",1,"2,597",684,"3,281",79.1222
,秀得里,76,884,778,"1,738",22,"1,760",0,"1,760",495,"2,255",78.0488
,秀元里,99,963,938,"2,000",33,"2,033",0,"2,033",553,"2,586",78.6156
,民生里,114,"1,242","1,218","2,574",29,"2,603",0,"2,603",768,"3,371",77.2174
,民本里,112,"1,171","1,235","2,518",27,"2,545",0,"2,545",844,"3,389",75.0959
,民富里,94,860,934,"1,888",17,"1,905",0,"1,905",593,"2,498",76.2610
,民樂里,145,"1,649","1,357","3,151",41,"3,192",0,"3,192",885,"4,077",78.2929
,民治里,81,970,789,"1,840",23,"1,863",0,"1,863",620,"2,483",75.0302
,智光里,112,"1,077",959,"2,148",17,"2,165",0,"2,165",714,"2,879",75.1997
,潭安里,151,"1,655","1,349","3,155",42,"3,197",0,"3,197",885,"4,082",78.3195
,潭墘里,131,"1,599","1,270","3,000",32,"3,032",0,"3,032",860,"3,892",77.9034
,店街里,107,"1,398","1,223","2,728",26,"2,754",0,"2,754",853,"3,607",76.3515
,大新里,95,901,807,"1,803",15,"1,818",0,"1,818",470,"2,288",79.4580
,永安里,130,"1,434","1,190","2,754",26,"2,780",0,"2,780",798,"3,578",77.6970
,永樂里,52,707,805,"1,564",14,"1,578",0,"1,578",470,"2,048",77.0508
,水源里,128,"1,334","1,211","2,673",33,"2,706",0,"2,706",782,"3,488",77.5803
,協和里,83,951,963,"1,997",22,"2,019",0,"2,019",597,"2,616",77.1789
,雙和里,110,"1,313","1,228","2,651",30,"2,681",0,"2,681",703,"3,384",79.2258
,安和里,122,"1,359","1,129","2,610",29,"2,639",0,"2,639",753,"3,392",77.8007
,前溪里,51,736,594,"1,381",24,"1,405",0,"1,405",468,"1,873",75.0133
,和平里,145,"1,539","1,529","3,213",33,"3,246",0,"3,246",964,"4,210",77.1021
,保平里,145,"1,377","1,607","3,129",35,"3,164",0,"3,164",912,"4,076",77.6251
,中溪里,156,"1,487","1,673","3,316",38,"3,354",0,"3,354",976,"4,330",77.4596
,保安里,199,"2,170","2,298","4,667",65,"4,732",0,"4,732","1,378","6,110",77.4468
,保順里,332,"3,154","2,959","6,445",77,"6,522",1,"6,523","1,991","8,514",76.6032
,下溪里,136,"1,240","1,300","2,676",40,"2,716",0,"2,716",792,"3,508",77.4230
,大同里,26,317,160,503,5,508,0,508,160,668,76.0479
,新生里,32,283,151,466,9,475,0,475,179,654,72.6300
,永成里,20,466,157,643,8,651,0,651,222,873,74.5704
,忠義里,34,378,141,553,6,559,0,559,164,723,77.3167
,仁愛里,85,860,878,"1,823",29,"1,852",0,"1,852",520,"2,372",78.0776
,文化里,92,974,829,"1,895",25,"1,920",0,"1,920",553,"2,473",77.6385
,信義里,83,877,814,"1,774",22,"1,796",0,"1,796",559,"2,355",76.2633
,後溪里,59,566,699,"1,324",13,"1,337",0,"1,337",375,"1,712",78.0958
,上溪里,44,615,609,"1,268",26,"1,294",0,"1,294",465,"1,759",73.5645
,頂溪里,82,828,796,"1,706",27,"1,733",0,"1,733",490,"2,223",77.9577
,河堤里,90,"1,119","1,003","2,212",21,"2,233",0,"2,233",727,"2,960",75.4392
,新?里,70,797,652,"1,519",27,"1,546",0,"1,546",461,"2,007",77.0304
　新莊區,,"11,772","83,491","157,610","252,873","2,576","255,449",9,"255,458","83,350","338,808",75.3964
,海山里,152,"1,179","2,187","3,518",23,"3,541",0,"3,541","1,103","4,644",76.2489
,全安里,157,972,"1,865","2,994",35,"3,029",0,"3,029",839,"3,868",78.3092
,全泰里,146,"1,261","1,878","3,285",37,"3,322",0,"3,322",950,"4,272",77.7622
,忠孝里,140,"1,106","1,908","3,154",42,"3,196",0,"3,196",930,"4,126",77.4600
,文衡里,61,483,889,"1,433",7,"1,440",0,"1,440",393,"1,833",78.5597
,文聖里,120,914,"1,321","2,355",18,"2,373",0,"2,373",601,"2,974",79.7915
,興漢里,100,912,"1,248","2,260",27,"2,287",0,"2,287",641,"2,928",78.1079
,榮和里,95,774,"1,210","2,079",26,"2,105",0,"2,105","2,680","4,785",43.9916
,文德里,51,422,712,"1,185",17,"1,202",0,"1,202",326,"1,528",78.6649
,文明里,60,374,739,"1,173",10,"1,183",0,"1,183",362,"1,545",76.5696
,化成里,117,748,"1,564","2,429",32,"2,461",0,"2,461",748,"3,209",76.6906
,頭前里,273,"1,730","3,448","5,451",51,"5,502",0,"5,502","1,782","7,284",75.5354
,福基里,159,"1,033","1,842","3,034",34,"3,068",0,"3,068",942,"4,010",76.5087
,福興里,161,"1,215","2,404","3,780",34,"3,814",0,"3,814","1,133","4,947",77.0972
,昌平里,260,"1,684","2,679","4,623",60,"4,683",0,"4,683","1,432","6,115",76.5822
,和平里,136,920,"2,065","3,121",34,"3,155",0,"3,155","1,018","4,173",75.6051
,幸福里,124,783,"1,849","2,756",21,"2,777",0,"2,777",949,"3,726",74.5303
,昌隆里,133,953,"1,758","2,844",40,"2,884",0,"2,884",827,"3,711",77.7149
,信義里,137,"1,189","2,123","3,449",32,"3,481",0,"3,481","1,134","4,615",75.4280
,昌信里,105,777,"1,555","2,437",19,"2,456",0,"2,456",676,"3,132",78.4163
,昌明里,111,789,"1,562","2,462",34,"2,496",0,"2,496",669,"3,165",78.8626
,仁義里,93,669,"1,561","2,323",28,"2,351",0,"2,351",846,"3,197",73.5377
,仁愛里,74,527,"1,128","1,729",13,"1,742",0,"1,742",611,"2,353",74.0331
,自信里,75,503,"1,045","1,623",19,"1,642",0,"1,642",525,"2,167",75.7730
,自立里,142,"1,028","2,241","3,411",39,"3,450",0,"3,450","1,179","4,629",74.5301
,自強里,71,534,"1,073","1,678",20,"1,698",0,"1,698",647,"2,345",72.4094
,思源里,136,"1,075","2,238","3,449",28,"3,477",0,"3,477","1,106","4,583",75.8673
,思賢里,118,923,"1,788","2,829",25,"2,854",0,"2,854",780,"3,634",78.5360
,中華里,83,658,"1,158","1,899",18,"1,917",1,"1,918",566,"2,484",77.1739
,中美里,171,"1,243","2,360","3,774",44,"3,818",1,"3,819","1,118","4,937",77.3344
,恆安里,150,"1,007","1,770","2,927",22,"2,949",0,"2,949",906,"3,855",76.4981
,立人里,71,648,636,"1,355",16,"1,371",0,"1,371",396,"1,767",77.5891
,立德里,69,630,"1,061","1,760",12,"1,772",0,"1,772",520,"2,292",77.3124
,中和里,120,959,"1,922","3,001",24,"3,025",0,"3,025",938,"3,963",76.3311
,中泰里,116,880,"1,919","2,915",34,"2,949",0,"2,949",930,"3,879",76.0247
,中宏里,113,739,"1,509","2,361",23,"2,384",0,"2,384",762,"3,146",75.7788
,中全里,86,585,"1,577","2,248",22,"2,270",0,"2,270",824,"3,094",73.3678
,立志里,119,812,"1,657","2,588",33,"2,621",1,"2,622",777,"3,399",77.1109
,立廷里,368,"2,522","4,188","7,078",64,"7,142",0,"7,142","2,124","9,266",77.0775
,立基里,182,"1,424","2,433","4,039",45,"4,084",1,"4,085","1,146","5,231",78.0730
,中誠里,56,413,927,"1,396",12,"1,408",0,"1,408",480,"1,888",74.5763
,中港里,176,"1,350","2,561","4,087",36,"4,123",0,"4,123","1,255","5,378",76.6642
,中信里,243,"1,723","3,521","5,487",48,"5,535",0,"5,535","1,582","7,117",77.7715
,中平里,262,"1,936","3,234","5,432",48,"5,480",0,"5,480","1,613","7,093",77.2593
,中原里,355,"2,404","4,594","7,353",68,"7,421",0,"7,421","2,336","9,757",76.0582
,中隆里,137,"1,000","1,875","3,012",34,"3,046",0,"3,046","1,035","4,081",74.6386
,立功里,90,795,"1,490","2,375",20,"2,395",0,"2,395",787,"3,182",75.2671
,立泰里,138,"1,074","1,934","3,146",41,"3,187",0,"3,187",999,"4,186",76.1347
,立言里,173,"1,183","1,974","3,330",32,"3,362",0,"3,362",984,"4,346",77.3585
,豐年里,93,755,"1,534","2,382",29,"2,411",1,"2,412",793,"3,205",75.2262
,國泰里,51,333,574,958,12,970,0,970,315,"1,285",75.4864
,泰豐里,76,584,966,"1,626",13,"1,639",0,"1,639",508,"2,147",76.3391
,瓊林里,163,"1,092","2,445","3,700",26,"3,726",0,"3,726","1,283","5,009",74.3861
,福營里,68,529,"1,086","1,683",16,"1,699",0,"1,699",599,"2,298",73.9339
,營盤里,70,502,932,"1,504",20,"1,524",0,"1,524",439,"1,963",77.6363
,丹鳳里,291,"1,952","3,200","5,443",54,"5,497",0,"5,497","1,905","7,402",74.2637
,合鳳里,155,907,"1,771","2,833",26,"2,859",0,"2,859","1,059","3,918",72.9709
,祥鳳里,71,542,942,"1,555",18,"1,573",0,"1,573",496,"2,069",76.0271
,雙鳳里,341,"2,441","3,921","6,703",65,"6,768",0,"6,768","2,400","9,168",73.8220
,龍福里,90,523,810,"1,423",13,"1,436",0,"1,436",485,"1,921",74.7527
,龍鳳里,246,"1,957","3,723","5,926",57,"5,983",0,"5,983","1,874","7,857",76.1487
,裕民里,199,"1,338","2,774","4,311",41,"4,352",0,"4,352","1,547","5,899",73.7752
,龍安里,68,488,937,"1,493",11,"1,504",0,"1,504",536,"2,040",73.7255
,富國里,73,473,969,"1,515",13,"1,528",0,"1,528",536,"2,064",74.0310
,富民里,141,796,"1,573","2,510",22,"2,532",0,"2,532",807,"3,339",75.8311
,後德里,129,696,"1,288","2,113",20,"2,133",0,"2,133",527,"2,660",80.1880
,萬安里,97,779,"1,473","2,349",18,"2,367",0,"2,367",847,"3,214",73.6465
,建福里,78,578,"1,000","1,656",20,"1,676",0,"1,676",505,"2,181",76.8455
,後港里,226,"1,469","3,047","4,742",40,"4,782",0,"4,782","1,333","6,115",78.2011
,四維里,115,845,"1,891","2,851",25,"2,876",0,"2,876","1,186","4,062",70.8026
,南港里,187,"1,068","2,133","3,388",44,"3,432",0,"3,432","1,132","4,564",75.1972
,建安里,208,"1,341","2,731","4,280",46,"4,326",0,"4,326","1,396","5,722",75.6029
,民全里,113,757,"1,542","2,412",23,"2,435",0,"2,435",751,"3,186",76.4281
,八德里,79,592,"1,276","1,947",24,"1,971",0,"1,971",722,"2,693",73.1898
,成德里,153,985,"1,932","3,070",39,"3,109",0,"3,109","1,150","4,259",72.9984
,民安里,177,"1,222","2,388","3,787",38,"3,825",0,"3,825","1,243","5,068",75.4736
,民有里,135,866,"1,594","2,595",37,"2,632",4,"2,636",764,"3,400",77.4118
,民本里,65,520,"1,225","1,810",26,"1,836",0,"1,836",750,"2,586",70.9977
,光明里,133,917,"1,905","2,955",26,"2,981",0,"2,981","1,030","4,011",74.3206
,光正里,148,944,"1,690","2,782",30,"2,812",0,"2,812",864,"3,676",76.4962
,光榮里,110,946,"1,626","2,682",30,"2,712",0,"2,712",965,"3,677",73.7558
,光和里,81,471,"1,175","1,727",22,"1,749",0,"1,749",650,"2,399",72.9054
,光華里,188,"1,381","2,775","4,344",37,"4,381",0,"4,381","1,634","6,015",72.8346
,西盛里,369,"2,440","4,582","7,391",94,"7,485",0,"7,485","2,412","9,897",75.6290
　新店區,,"8,175","99,844","85,143","193,162","2,195","195,357",13,"195,370","64,973","260,343",75.0383
,新店里,59,469,660,"1,188",13,"1,201",0,"1,201",388,"1,589",75.5821
,張南里,61,735,635,"1,431",12,"1,443",0,"1,443",452,"1,895",76.1478
,國校里,61,799,804,"1,664",24,"1,688",0,"1,688",543,"2,231",75.6611
,文中里,56,652,459,"1,167",14,"1,181",0,"1,181",363,"1,544",76.4896
,廣明里,15,207,361,583,4,587,0,587,189,776,75.6443
,文明里,89,762,885,"1,736",22,"1,758",0,"1,758",489,"2,247",78.2377
,中興里,164,"1,877","1,419","3,460",28,"3,488",0,"3,488","1,072","4,560",76.4912
,新生里,171,"2,112","1,703","3,986",38,"4,024",0,"4,024","1,188","5,212",77.2064
,新德里,85,860,881,"1,826",17,"1,843",1,"1,844",592,"2,436",75.6568
,張北里,236,"3,168","2,450","5,854",69,"5,923",0,"5,923","1,907","7,830",75.6450
,五?里,181,"2,690","2,260","5,131",68,"5,199",0,"5,199","1,578","6,777",76.7154
,長春里,82,907,716,"1,705",23,"1,728",0,"1,728",549,"2,277",75.8893
,新安里,128,"1,682","1,219","3,029",25,"3,054",0,"3,054","2,749","5,803",52.6280
,忠誠里,58,908,727,"1,693",19,"1,712",0,"1,712",461,"2,173",78.7851
,中正里,156,"2,272","1,634","4,062",45,"4,107",0,"4,107","1,349","5,456",75.2749
,中華里,121,"1,702","1,073","2,896",39,"2,935",0,"2,935",914,"3,849",76.2536
,仁愛里,67,784,548,"1,399",14,"1,413",0,"1,413",400,"1,813",77.9371
,建國里,92,"1,229",816,"2,137",25,"2,162",0,"2,162",644,"2,806",77.0492
,百忍里,100,"1,446","1,051","2,597",33,"2,630",0,"2,630",794,"3,424",76.8107
,百和里,76,"1,112",973,"2,161",17,"2,178",0,"2,178",674,"2,852",76.3675
,福德里,108,"1,309","1,182","2,599",31,"2,630",0,"2,630",858,"3,488",75.4014
,百福里,115,"1,362","1,052","2,529",25,"2,554",0,"2,554",704,"3,258",78.3917
,福民里,118,"1,725",949,"2,792",32,"2,824",1,"2,825",878,"3,703",76.2625
,中山里,149,"1,877","1,099","3,125",37,"3,162",0,"3,162",886,"4,048",78.1126
,和平里,26,329,240,595,9,604,0,604,196,800,75.5000
,中央里,184,"2,301","1,569","4,054",49,"4,103",0,"4,103","1,101","5,204",78.8432
,國豐里,85,"1,271",839,"2,195",27,"2,222",0,"2,222",682,"2,904",76.5152
,明德里,114,"1,467","1,105","2,686",29,"2,715",0,"2,715",819,"3,534",76.8251
,大豐里,99,"1,281","1,071","2,451",28,"2,479",0,"2,479",855,"3,334",74.3551
,大同里,124,"1,389","1,260","2,773",24,"2,797",0,"2,797",712,"3,509",79.7093
,江陵里,140,"1,974","1,590","3,704",48,"3,752",0,"3,752","1,116","4,868",77.0748
,復興里,94,"1,036",949,"2,079",27,"2,106",3,"2,109",836,"2,945",71.5110
,寶興里,138,"1,938","1,558","3,634",52,"3,686",5,"3,691","1,071","4,762",77.4045
,寶福里,236,"2,548","1,990","4,774",66,"4,840",0,"4,840","1,432","6,272",77.1684
,寶安里,153,"2,078","1,496","3,727",46,"3,773",0,"3,773","1,176","4,949",76.2376
,信義里,204,"2,179","2,184","4,567",63,"4,630",0,"4,630","1,374","6,004",77.1153
,忠孝里,63,"1,084",681,"1,828",15,"1,843",0,"1,843",630,"2,473",74.5249
,大鵬里,58,"1,412",469,"1,939",10,"1,949",0,"1,949",485,"2,434",80.0740
,太平里,107,"1,074",865,"2,046",13,"2,059",0,"2,059",712,"2,771",74.3053
,美城里,87,937,804,"1,828",34,"1,862",0,"1,862",583,"2,445",76.1554
,頂城里,50,506,461,"1,017",20,"1,037",0,"1,037",518,"1,555",66.6881
,下城里,69,945,"1,086","2,100",18,"2,118",0,"2,118",783,"2,901",73.0093
,柴埕里,235,"2,697","2,803","5,735",67,"5,802",0,"5,802","2,014","7,816",74.2323
,安和里,232,"2,386","2,388","5,006",57,"5,063",0,"5,063","1,617","6,680",75.7934
,永安里,164,"1,470","1,661","3,295",33,"3,328",0,"3,328","1,162","4,490",74.1203
,新和里,120,"1,361","1,249","2,730",31,"2,761",0,"2,761",935,"3,696",74.7024
,永平里,163,"1,735","1,714","3,612",38,"3,650",0,"3,650","1,188","4,838",75.4444
,公崙里,324,"3,971","3,801","8,096",73,"8,169",0,"8,169","2,655","10,824",75.4712
,安昌里,185,"1,774","1,655","3,614",28,"3,642",0,"3,642","1,059","4,701",77.4729
,德安里,186,"1,764","1,971","3,921",50,"3,971",0,"3,971","1,431","5,402",73.5098
,達觀里,113,"1,505",951,"2,569",24,"2,593",0,"2,593",950,"3,543",73.1866
,明城里,107,"1,357",894,"2,358",26,"2,384",0,"2,384",690,"3,074",77.5537
,小城里,98,"1,427",977,"2,502",33,"2,535",0,"2,535",766,"3,301",76.7949
,雙城里,156,"1,665","1,863","3,684",47,"3,731",0,"3,731","1,346","5,077",73.4883
,香坡里,280,"3,974","2,733","6,987",55,"7,042",0,"7,042","2,521","9,563",73.6380
,日興里,153,"1,637","1,856","3,646",55,"3,701",0,"3,701","1,480","5,181",71.4341
,玫瑰里,171,"2,049","1,691","3,911",30,"3,941",0,"3,941","1,327","5,268",74.8102
,吉祥里,148,"1,883","1,156","3,187",35,"3,222",0,"3,222","1,030","4,252",75.7761
,塗潭里,16,174,467,657,6,663,3,666,256,922,71.9089
,華城里,68,931,771,"1,770",35,"1,805",0,"1,805",624,"2,429",74.3104
,青潭里,151,"1,614","1,688","3,453",50,"3,503",0,"3,503","1,203","4,706",74.4369
,美潭里,137,"1,705","1,578","3,420",40,"3,460",0,"3,460","1,183","4,643",74.5208
,員潭里,146,"1,622","1,500","3,268",37,"3,305",0,"3,305","1,204","4,509",73.2978
,雙坑里,22,178,299,499,4,503,0,503,227,730,68.9041
,粗坑里,78,908,"1,065","2,051",29,"2,080",0,"2,080",671,"2,751",75.6089
,屈尺里,47,654,880,"1,581",22,"1,603",0,"1,603",603,"2,206",72.6655
,龜山里,36,438,626,"1,100",15,"1,115",0,"1,115",474,"1,589",70.1699
,廣興里,28,277,596,901,8,909,0,909,358,"1,267",71.7443
,直潭里,32,293,537,862,15,877,0,877,297,"1,174",74.7019
　樹林區,,"5,318","38,429","66,415","110,162","1,289","111,451",1,"111,452","37,115","148,567",75.0173
,三興里,153,997,"1,744","2,894",39,"2,933",0,"2,933","1,211","4,144",70.7770
,三福里,86,973,"1,477","2,536",36,"2,572",0,"2,572",824,"3,396",75.7362
,三多里,128,772,"1,624","2,524",42,"2,566",0,"2,566",963,"3,529",72.7118
,三龍里,66,437,872,"1,375",13,"1,388",0,"1,388",399,"1,787",77.6721
,?寮里,124,978,"1,998","3,100",32,"3,132",0,"3,132","1,139","4,271",73.3318
,光興里,116,847,"1,663","2,626",31,"2,657",0,"2,657",835,"3,492",76.0882
,金寮里,127,874,"1,739","2,740",37,"2,777",0,"2,777",948,"3,725",74.5503
,潭底里,105,858,"1,621","2,584",35,"2,619",0,"2,619","1,618","4,237",61.8126
,文林里,163,"1,149","1,984","3,296",39,"3,335",0,"3,335",987,"4,322",77.1634
,保安里,201,"1,407","2,514","4,122",52,"4,174",0,"4,174","1,244","5,418",77.0395
,圳安里,115,706,"1,562","2,383",29,"2,412",0,"2,412",782,"3,194",75.5166
,圳福里,137,965,"1,699","2,801",36,"2,837",0,"2,837",949,"3,786",74.9340
,圳民里,88,619,"1,136","1,843",22,"1,865",1,"1,866",623,"2,489",74.9297
,圳生里,38,265,788,"1,091",16,"1,107",0,"1,107",321,"1,428",77.5210
,樹德里,120,893,"1,426","2,439",34,"2,473",0,"2,473",688,"3,161",78.2347
,樹福里,101,880,"1,477","2,458",23,"2,481",0,"2,481",636,"3,117",79.5958
,樹西里,167,"1,281","1,999","3,447",40,"3,487",0,"3,487",952,"4,439",78.5537
,樹興里,109,855,"1,344","2,308",30,"2,338",0,"2,338",768,"3,106",75.2737
,樹人里,118,856,"1,208","2,182",21,"2,203",0,"2,203",682,"2,885",76.3605
,育英里,104,716,"1,290","2,110",24,"2,134",0,"2,134",556,"2,690",79.3309
,樹南里,158,946,"1,662","2,766",36,"2,802",0,"2,802",845,"3,647",76.8303
,坡內里,44,378,679,"1,101",12,"1,113",0,"1,113",363,"1,476",75.4065
,樹東里,38,327,444,809,12,821,0,821,265,"1,086",75.5985
,樹北里,37,237,390,664,6,670,0,670,188,858,78.0886
,彭福里,190,"1,079","1,942","3,211",29,"3,240",0,"3,240","1,218","4,458",72.6783
,和平里,121,737,"1,542","2,400",33,"2,433",0,"2,433",870,"3,303",73.6603
,彭興里,163,"1,099","2,323","3,585",33,"3,618",0,"3,618","1,409","5,027",71.9714
,彭厝里,147,995,"1,980","3,122",36,"3,158",0,"3,158","1,104","4,262",74.0967
,大同里,125,842,"1,343","2,310",21,"2,331",0,"2,331",697,"3,028",76.9815
,中華里,111,718,"1,317","2,146",17,"2,163",0,"2,163",769,"2,932",73.7722
,太順里,86,568,"1,082","1,736",18,"1,754",0,"1,754",585,"2,339",74.9893
,東昇里,190,"1,101","1,988","3,279",39,"3,318",0,"3,318",972,"4,290",77.3427
,東陽里,177,"1,319","2,248","3,744",44,"3,788",0,"3,788","1,280","5,068",74.7435
,東山里,94,710,"1,261","2,065",19,"2,084",0,"2,084",682,"2,766",75.3435
,山佳里,196,"1,224","2,164","3,584",30,"3,614",0,"3,614","1,231","4,845",74.5924
,中山里,137,"1,115","2,028","3,280",51,"3,331",0,"3,331","1,195","4,526",73.5970
,樂山里,63,413,762,"1,238",18,"1,256",0,"1,256",454,"1,710",73.4503
,柑園里,302,"2,459","3,004","5,765",70,"5,835",0,"5,835","1,776","7,611",76.6654
,西園里,44,321,794,"1,159",17,"1,176",0,"1,176",398,"1,574",74.7141
,南園里,431,"3,879","4,546","8,856",92,"8,948",0,"8,948","2,806","11,754",76.1273
,東園里,40,272,769,"1,081",10,"1,091",0,"1,091",390,"1,481",73.6664
,北園里,58,362,982,"1,402",15,"1,417",0,"1,417",493,"1,910",74.1885
　鶯歌區,,"2,510","18,102","31,079","51,691",568,"52,259",5,"52,264","18,153","70,417",74.2136
,建德里,21,138,232,391,7,398,0,398,104,502,79.2829
,東鶯里,31,226,435,692,5,697,0,697,234,931,74.8657
,北鶯里,135,"1,001","1,359","2,495",31,"2,526",0,"2,526","1,133","3,659",69.0353
,西鶯里,67,503,846,"1,416",16,"1,432",0,"1,432",491,"1,923",74.4670
,中鶯里,27,259,451,737,5,742,0,742,185,927,80.0431
,南鶯里,165,"1,268","2,205","3,638",41,"3,679",1,"3,680","1,169","4,849",75.8713
,建國里,217,"1,391","2,698","4,306",54,"4,360",0,"4,360","1,540","5,900",73.8983
,二甲里,39,188,390,617,6,623,0,623,203,826,75.4237
,二橋里,240,"1,673","3,078","4,991",67,"5,058",0,"5,058","1,876","6,934",72.9449
,尖山里,243,"1,753","3,104","5,100",48,"5,148",1,"5,149","1,799","6,948",74.0933
,南靖里,137,765,"1,428","2,330",17,"2,347",0,"2,347",750,"3,097",75.7830
,同慶里,48,335,682,"1,065",11,"1,076",0,"1,076",301,"1,377",78.1409
,永昌里,250,"1,892","3,118","5,260",48,"5,308",1,"5,309","1,766","7,075",75.0247
,永吉里,163,"1,066","1,942","3,171",29,"3,200",0,"3,200",987,"4,187",76.4270
,鳳祥里,131,968,"1,661","2,760",26,"2,786",0,"2,786","1,081","3,867",72.0455
,鳳鳴里,166,"1,069","1,917","3,152",47,"3,199",0,"3,199","1,084","4,283",74.6906
,鳳福里,126,912,"1,492","2,530",31,"2,561",0,"2,561",859,"3,420",74.8830
,大湖里,135,"1,347","1,852","3,334",42,"3,376",0,"3,376","1,124","4,500",75.0222
,中湖里,163,"1,283","2,074","3,520",35,"3,555",2,"3,557","1,421","4,978",71.4142
,東湖里,6,65,115,186,2,188,0,188,46,234,80.3419
　三峽區,,"3,027","25,338","38,077","66,442",766,"67,208",0,"67,208","25,217","92,425",72.7163
,三峽里,11,83,124,218,2,220,0,220,55,275,80.0000
,秀川里,20,154,230,404,4,408,0,408,145,553,73.7794
,八張里,124,918,"1,486","2,528",21,"2,549",0,"2,549",892,"3,441",74.0773
,中埔里,94,704,"1,125","1,923",16,"1,939",0,"1,939",729,"2,668",72.6762
,弘道里,37,200,495,732,8,740,0,740,266,"1,006",73.5586
,永?里,215,"1,645","2,793","4,653",48,"4,701",0,"4,701","1,588","6,289",74.7496
,鳶山里,271,"2,186","3,638","6,095",79,"6,174",0,"6,174","2,304","8,478",72.8238
,龍埔里,288,"2,104","3,293","5,685",60,"5,745",0,"5,745","2,224","7,969",72.0919
,龍恩里,209,"1,810","2,078","4,097",62,"4,159",0,"4,159","1,478","5,637",73.7804
,龍學里,472,"4,137","4,358","8,967",114,"9,081",0,"9,081","2,958","12,039",75.4299
,礁溪里,158,"1,313","2,171","3,642",38,"3,680",0,"3,680","1,332","5,012",73.4238
,安溪里,187,"1,714","2,644","4,545",45,"4,590",0,"4,590","1,816","6,406",71.6516
,介壽里,188,"1,273","2,438","3,899",36,"3,935",0,"3,935","1,917","5,852",67.2420
,中正里,126,"1,097","1,972","3,195",44,"3,239",0,"3,239","1,214","4,453",72.7375
,大埔里,101,"1,037","1,385","2,523",32,"2,555",0,"2,555","1,015","3,570",71.5686
,嘉添里,69,702,715,"1,486",22,"1,508",0,"1,508",583,"2,091",72.1186
,添福里,32,235,488,755,5,760,0,760,231,991,76.6902
,金圳里,16,107,209,332,5,337,0,337,152,489,68.9162
,五寮里,20,222,299,541,5,546,0,546,244,790,69.1139
,插角里,16,166,289,471,1,472,0,472,169,641,73.6349
,有木里,18,151,276,445,7,452,0,452,239,691,65.4124
,二鬮里,98,983,"1,119","2,200",22,"2,222",0,"2,222",896,"3,118",71.2636
,溪南里,38,317,626,981,15,996,0,996,332,"1,328",75.0000
,溪北里,64,491,938,"1,493",17,"1,510",0,"1,510",534,"2,044",73.8748
,溪東里,73,721,"1,053","1,847",24,"1,871",0,"1,871",776,"2,647",70.6838
,成福里,12,216,434,662,10,672,0,672,169,841,79.9049
,竹崙里,42,398,800,"1,240",8,"1,248",0,"1,248",593,"1,841",67.7892
,安坑里,28,254,601,883,16,899,0,899,366,"1,265",71.0672
　淡水區,,"5,054","44,807","57,672","107,533","1,212","108,745",1,"108,746","40,461","149,207",72.8820
,中和里,22,137,246,405,6,411,0,411,126,537,76.5363
,屯山里,25,223,475,723,11,734,0,734,268,"1,002",73.2535
,賢孝里,43,398,557,998,9,"1,007",0,"1,007",413,"1,420",70.9155
,興仁里,34,375,644,"1,053",4,"1,057",0,"1,057",440,"1,497",70.6079
,蕃薯里,26,306,316,648,6,654,0,654,301,955,68.4817
,忠山里,23,215,344,582,5,587,0,587,192,779,75.3530
,義山里,67,673,943,"1,683",29,"1,712",0,"1,712",685,"2,397",71.4226
,水源里,60,405,894,"1,359",15,"1,374",0,"1,374",586,"1,960",70.1020
,忠寮里,29,215,503,747,9,756,0,756,279,"1,035",73.0435
,樹興里,41,370,534,945,10,955,0,955,368,"1,323",72.1844
,坪頂里,46,332,515,893,9,902,0,902,364,"1,266",71.2480
,福德里,190,"2,171","2,301","4,662",61,"4,723",0,"4,723","1,393","6,116",77.2237
,竹圍里,217,"1,760","2,156","4,133",39,"4,172",0,"4,172","1,301","5,473",76.2288
,民權里,141,"1,165","1,630","2,936",24,"2,960",0,"2,960",954,"3,914",75.6260
,民生里,217,"1,853","2,459","4,529",61,"4,590",0,"4,590","1,719","6,309",72.7532
,八勢里,186,"1,778","1,977","3,941",42,"3,983",0,"3,983","1,522","5,505",72.3524
,竿蓁里,325,"3,123","3,390","6,838",93,"6,931",1,"6,932","2,780","9,712",71.3653
,崁頂里,459,"4,310","4,922","9,691",98,"9,789",0,"9,789","4,554","14,343",68.2493
,埤島里,44,392,650,"1,086",16,"1,102",0,"1,102",383,"1,485",74.2088
,水碓里,178,"1,362","2,115","3,655",25,"3,680",0,"3,680","1,250","4,930",74.6450
,北新里,85,704,897,"1,686",25,"1,711",0,"1,711",665,"2,376",72.0118
,正德里,140,"1,232","1,521","2,893",28,"2,921",0,"2,921","1,065","3,986",73.2815
,新興里,210,"1,896","2,403","4,509",42,"4,551",0,"4,551","1,782","6,333",71.8617
,新義里,100,921,"1,618","2,639",28,"2,667",0,"2,667",943,"3,610",73.8781
,新春里,275,"2,218","2,890","5,383",46,"5,429",0,"5,429","1,987","7,416",73.2066
,新民里,148,"1,288","1,640","3,076",41,"3,117",0,"3,117","1,032","4,149",75.1265
,北投里,344,"2,628","3,224","6,196",67,"6,263",0,"6,263","2,175","8,438",74.2237
,鄧公里,200,"1,682","2,067","3,949",49,"3,998",0,"3,998","1,359","5,357",74.6313
,幸福里,112,954,"1,452","2,518",30,"2,548",0,"2,548",917,"3,465",73.5354
,學府里,173,"1,120","1,530","2,823",29,"2,852",0,"2,852","1,203","4,055",70.3329
,中興里,117,"1,025","1,477","2,619",40,"2,659",0,"2,659",962,"3,621",73.4328
,長庚里,39,389,578,"1,006",10,"1,016",0,"1,016",301,"1,317",77.1450
,清文里,31,306,463,800,13,813,0,813,264,"1,077",75.4875
,草東里,20,196,317,533,5,538,0,538,152,690,77.9710
,協元里,58,349,579,986,7,993,0,993,347,"1,340",74.1045
,永吉里,34,223,326,583,16,599,0,599,198,797,75.1568
,民安里,14,160,304,478,4,482,0,482,162,644,74.8447
,新生里,11,113,192,316,3,319,0,319,96,415,76.8675
,文化里,49,504,566,"1,119",21,"1,140",0,"1,140",426,"1,566",72.7969
,油車里,145,"1,573","1,832","3,550",44,"3,594",0,"3,594","1,252","4,846",74.1643
,沙崙里,114,"1,131","1,461","2,706",34,"2,740",0,"2,740","1,166","3,906",70.1485
,大庄里,262,"2,632","2,764","5,658",58,"5,716",0,"5,716","2,129","7,845",72.8617
　汐止區,,"5,850","53,644","67,350","126,844","1,311","128,155",5,"128,160","44,519","172,679",74.2157
,仁德里,67,494,653,"1,214",11,"1,225",0,"1,225",360,"1,585",77.2871
,義民里,34,394,452,880,5,885,0,885,326,"1,211",73.0801
,禮門里,23,257,407,687,8,695,0,695,236,931,74.6509
,智慧里,117,"1,441","1,525","3,083",23,"3,106",1,"3,107","1,037","4,144",74.9517
,大同里,78,764,975,"1,817",18,"1,835",0,"1,835",603,"2,438",75.2666
,信望里,11,93,126,230,4,234,0,234,85,319,73.3542
,新昌里,154,"1,312","2,002","3,468",27,"3,495",0,"3,495","1,185","4,680",74.6795
,福安里,187,"1,531","2,139","3,857",42,"3,899",0,"3,899","1,218","5,117",76.1970
,秀峰里,110,997,"1,573","2,680",26,"2,706",0,"2,706","2,064","4,770",56.7296
,秀山里,133,"1,289","1,466","2,888",24,"2,912",0,"2,912",894,"3,806",76.5108
,復興里,214,"2,074","2,450","4,738",52,"4,790",2,"4,792","1,256","6,048",79.1997
,自強里,191,"1,362","2,046","3,599",47,"3,646",0,"3,646","1,206","4,852",75.1443
,文化里,150,"1,190","1,623","2,963",32,"2,995",0,"2,995",922,"3,917",76.4616
,白雲里,135,"1,110","1,533","2,778",30,"2,808",0,"2,808",957,"3,765",74.5817
,茄苳里,104,"1,033","1,536","2,673",27,"2,700",0,"2,700","1,095","3,795",71.1462
,崇德里,171,"1,221","1,814","3,206",39,"3,245",0,"3,245","1,036","4,281",75.8000
,城中里,136,"1,342","1,513","2,991",22,"3,013",0,"3,013",875,"3,888",77.4949
,橋東里,102,760,"1,074","1,936",19,"1,955",0,"1,955",648,"2,603",75.1056
,建成里,197,"1,547","1,624","3,368",33,"3,401",0,"3,401","1,067","4,468",76.1191
,長安里,44,396,604,"1,044",11,"1,055",0,"1,055",376,"1,431",73.7247
,保安里,38,357,664,"1,059",12,"1,071",0,"1,071",394,"1,465",73.1058
,東山里,15,163,236,414,1,415,0,415,133,548,75.7299
,保長里,127,"1,147","1,691","2,965",32,"2,997",0,"2,997","1,005","4,002",74.8876
,保新里,94,848,864,"1,806",32,"1,838",1,"1,839",751,"2,590",70.9653
,鄉長里,81,600,909,"1,590",17,"1,607",0,"1,607",444,"2,051",78.3520
,江北里,176,"1,434","2,165","3,775",40,"3,815",0,"3,815","1,501","5,316",71.7645
,拱北里,139,"1,260","1,623","3,022",32,"3,054",0,"3,054","1,468","4,522",67.5365
,烘內里,46,447,568,"1,061",9,"1,070",0,"1,070",377,"1,447",73.9461
,八連里,38,247,386,671,5,676,0,676,237,913,74.0416
,長青里,41,326,300,667,11,678,0,678,223,901,75.2497
,北峰里,128,"1,051","1,807","2,986",29,"3,015",0,"3,015","1,131","4,146",72.7207
,金龍里,167,"1,338","1,851","3,356",32,"3,388",0,"3,388","1,185","4,573",74.0870
,樟樹里,62,501,784,"1,347",16,"1,363",0,"1,363",558,"1,921",70.9526
,忠孝里,247,"2,339","2,756","5,342",57,"5,399",0,"5,399","1,898","7,297",73.9893
,厚德里,208,"2,126","2,337","4,671",41,"4,712",0,"4,712","1,792","6,504",72.4477
,山光里,79,831,807,"1,717",14,"1,731",0,"1,731",702,"2,433",71.1467
,中興里,217,"1,935","2,817","4,969",57,"5,026",0,"5,026","1,860","6,886",72.9887
,福德里,86,812,"1,188","2,086",18,"2,104",0,"2,104",785,"2,889",72.8280
,興福里,91,898,"1,104","2,093",30,"2,123",0,"2,123",674,"2,797",75.9028
,康福里,169,"1,371","1,752","3,292",27,"3,319",0,"3,319","1,261","4,580",72.4672
,湖光里,186,"1,806","2,009","4,001",44,"4,045",0,"4,045","1,280","5,325",75.9624
,湖蓮里,100,990,736,"1,826",23,"1,849",0,"1,849",568,"2,417",76.4998
,湖興里,188,"2,195","2,021","4,404",38,"4,442",0,"4,442","1,369","5,811",76.4412
,北山里,201,"1,533","2,115","3,849",33,"3,882",0,"3,882","1,148","5,030",77.1769
,忠山里,109,"1,249","1,023","2,381",33,"2,414",0,"2,414",699,"3,113",77.5458
,環河里,35,284,530,849,7,856,0,856,270,"1,126",76.0213
,橫科里,130,"1,330","1,636","3,096",38,"3,134",0,"3,134","1,028","4,162",75.3003
,福山里,101,"1,120","1,245","2,466",26,"2,492",0,"2,492",856,"3,348",74.4325
,宜興里,83,"1,053",898,"2,034",29,"2,063",1,"2,064",626,"2,690",76.6914
,東勢里,110,"1,446","1,393","2,949",28,"2,977",0,"2,977",850,"3,827",77.7894
　瑞芳區,,"1,023","10,072","12,238","23,333",263,"23,596",0,"23,596","10,293","33,889",69.6273
,龍潭里,25,239,249,513,8,521,0,521,182,703,74.1110
,龍興里,52,611,702,"1,365",13,"1,378",0,"1,378",442,"1,820",75.7143
,龍鎮里,33,374,474,881,6,887,0,887,297,"1,184",74.9155
,龍安里,17,192,210,419,10,429,0,429,162,591,72.5888
,龍川里,50,475,597,"1,122",16,"1,138",0,"1,138",438,"1,576",72.2081
,龍山里,43,427,453,923,10,933,0,933,358,"1,291",72.2696
,爪?里,107,"1,005","1,327","2,439",31,"2,470",0,"2,470",984,"3,454",71.5113
,新峰里,86,859,"1,082","2,027",8,"2,035",0,"2,035",886,"2,921",69.6679
,東和里,51,455,561,"1,067",10,"1,077",0,"1,077",469,"1,546",69.6636
,柑坪里,29,254,445,728,13,741,0,741,309,"1,050",70.5714
,弓橋里,3,63,120,186,2,188,0,188,93,281,66.9039
,猴硐里,19,114,167,300,1,301,0,301,157,458,65.7205
,光復里,8,65,106,179,2,181,0,181,80,261,69.3487
,碩仁里,5,42,54,101,0,101,0,101,46,147,68.7075
,吉慶里,58,499,606,"1,163",18,"1,181",0,"1,181",482,"1,663",71.0162
,吉安里,92,857,"1,068","2,017",18,"2,035",0,"2,035",857,"2,892",70.3665
,上天里,36,376,457,869,14,883,0,883,393,"1,276",69.2006
,傑魚里,44,481,761,"1,286",10,"1,296",0,"1,296",547,"1,843",70.3201
,基山里,6,118,147,271,3,274,0,274,146,420,65.2381
,永慶里,7,112,141,260,4,264,0,264,171,435,60.6897
,崇文里,8,82,102,192,1,193,0,193,114,307,62.8664
,福住里,6,67,50,123,0,123,0,123,45,168,73.2143
,頌德里,13,93,109,215,3,218,0,218,117,335,65.0746
,瓜山里,5,70,54,129,0,129,0,129,43,172,75.0000
,銅山里,8,50,75,133,3,136,0,136,50,186,73.1183
,新山里,8,107,120,235,2,237,0,237,127,364,65.1099
,石山里,6,120,80,206,4,210,0,210,117,327,64.2202
,?洞里,16,141,116,273,6,279,0,279,167,446,62.5561
,?新里,15,73,101,189,1,190,0,190,105,295,64.4068
,南雅里,9,88,101,198,3,201,0,201,60,261,77.0115
,鼻頭里,17,215,273,505,8,513,0,513,338,851,60.2820
,海濱里,44,395,352,791,12,803,0,803,412,"1,215",66.0905
,瑞濱里,55,549,625,"1,229",16,"1,245",0,"1,245",628,"1,873",66.4709
,深澳里,42,404,353,799,7,806,0,806,471,"1,277",63.1167
　土城區,,"6,899","52,751","85,443","145,093","1,712","146,805",1,"146,806","49,744","196,550",74.6909
,祖田里,59,327,702,"1,088",15,"1,103",0,"1,103",363,"1,466",75.2387
,頂新里,93,893,862,"1,848",16,"1,864",0,"1,864",571,"2,435",76.5503
,頂福里,167,"1,333","1,835","3,335",46,"3,381",0,"3,381","1,151","4,532",74.6028
,頂埔里,147,"1,230","1,789","3,166",26,"3,192",0,"3,192","1,126","4,318",73.9231
,沛陂里,175,"1,010","1,796","2,981",35,"3,016",0,"3,016",960,"3,976",75.8551
,永寧里,243,"1,853","2,897","4,993",58,"5,051",0,"5,051","1,969","7,020",71.9516
,大安里,130,"1,190","1,858","3,178",43,"3,221",1,"3,222","1,011","4,233",76.0926
,員仁里,163,"1,282","2,049","3,494",41,"3,535",0,"3,535","1,269","4,804",73.5845
,埤塘里,127,960,"1,474","2,561",25,"2,586",0,"2,586","2,366","4,952",52.2213
,土城里,55,520,781,"1,356",18,"1,374",0,"1,374",444,"1,818",75.5776
,長風里,67,863,515,"1,445",17,"1,462",0,"1,462",315,"1,777",82.2735
,員信里,133,"1,101","1,622","2,856",32,"2,888",0,"2,888",946,"3,834",75.3260
,員林里,222,"1,585","2,390","4,197",51,"4,248",0,"4,248","1,349","5,597",75.8978
,員福里,175,"1,254","2,065","3,494",29,"3,523",0,"3,523","1,271","4,794",73.4877
,日和里,182,"1,224","2,346","3,752",50,"3,802",0,"3,802","1,225","5,027",75.6316
,日新里,126,"1,025","1,891","3,042",36,"3,078",0,"3,078",976,"4,054",75.9250
,裕生里,163,"1,254","2,148","3,565",57,"3,622",0,"3,622","1,132","4,754",76.1885
,貨饒里,125,939,"1,834","2,898",42,"2,940",0,"2,940",926,"3,866",76.0476
,瑞興里,96,624,"1,288","2,008",30,"2,038",0,"2,038",688,"2,726",74.7616
,復興里,147,"1,020","1,812","2,979",34,"3,013",0,"3,013",965,"3,978",75.7416
,廣福里,179,"1,451","2,136","3,766",49,"3,815",0,"3,815","1,067","4,882",78.1442
,學成里,87,727,"1,412","2,226",26,"2,252",0,"2,252",574,"2,826",79.6886
,埤林里,226,"2,067","3,216","5,509",65,"5,574",0,"5,574","1,666","7,240",76.9890
,廣興里,116,832,"1,306","2,254",38,"2,292",0,"2,292",661,"2,953",77.6160
,樂利里,138,"1,249","1,953","3,340",43,"3,383",0,"3,383","1,103","4,486",75.4124
,學府里,113,793,"1,388","2,294",25,"2,319",0,"2,319",756,"3,075",75.4146
,明德里,182,"1,449","2,180","3,811",54,"3,865",0,"3,865","1,134","4,999",77.3155
,學士里,150,"1,198","1,796","3,144",40,"3,184",0,"3,184",875,"4,059",78.4430
,柑林里,118,783,"1,296","2,197",25,"2,222",0,"2,222",675,"2,897",76.7000
,中正里,109,804,"1,210","2,123",21,"2,144",0,"2,144",631,"2,775",77.2613
,青雲里,99,674,"1,172","1,945",21,"1,966",0,"1,966",586,"2,552",77.0376
,清和里,155,"1,250","2,449","3,854",38,"3,892",0,"3,892","1,551","5,443",71.5047
,清化里,42,371,652,"1,065",9,"1,074",0,"1,074",352,"1,426",75.3156
,清溪里,203,"1,796","2,444","4,443",56,"4,499",0,"4,499","1,464","5,963",75.4486
,青山里,91,694,"1,129","1,914",27,"1,941",0,"1,941",653,"2,594",74.8265
,清水里,241,"1,767","3,176","5,184",47,"5,231",0,"5,231","1,765","6,996",74.7713
,永豐里,138,"1,075","1,571","2,784",29,"2,813",0,"2,813",904,"3,717",75.6793
,永富里,184,"1,199","2,015","3,398",47,"3,445",0,"3,445","1,217","4,662",73.8953
,廷寮里,148,"1,071","1,934","3,153",33,"3,186",0,"3,186","1,022","4,208",75.7129
,金城里,203,"1,569","2,037","3,809",37,"3,846",0,"3,846","1,399","5,245",73.3270
,?廷里,226,"1,601","2,772","4,599",58,"4,657",0,"4,657","1,725","6,382",72.9709
,延吉里,115,857,"1,720","2,692",29,"2,721",0,"2,721","1,046","3,767",72.2325
,延壽里,123,"1,019","1,691","2,833",23,"2,856",0,"2,856","1,031","3,887",73.4757
,延祿里,116,919,"1,563","2,598",26,"2,624",0,"2,624","1,016","3,640",72.0879
,平和里,229,"1,514","2,792","4,535",54,"4,589",0,"4,589","1,430","6,019",76.2419
,安和里,166,"1,026","2,006","3,198",40,"3,238",0,"3,238","1,026","4,264",75.9381
,延和里,207,"1,509","2,473","4,189",51,"4,240",0,"4,240","1,392","5,632",75.2841
　蘆洲區,,"5,504","36,875","78,858","121,237","1,383","122,620",2,"122,622","41,143","163,765",74.8756
,光華里,161,"1,099","2,143","3,403",31,"3,434",0,"3,434","1,127","4,561",75.2905
,光明里,146,870,"2,008","3,024",39,"3,063",0,"3,063","1,118","4,181",73.2600
,中路里,125,789,"1,712","2,626",25,"2,651",0,"2,651",884,"3,535",74.9929
,永安里,137,"1,015","2,184","3,336",35,"3,371",0,"3,371","1,115","4,486",75.1449
,九芎里,173,"1,016","2,203","3,392",36,"3,428",0,"3,428","1,260","4,688",73.1229
,延平里,123,706,"1,785","2,614",32,"2,646",0,"2,646",896,"3,542",74.7036
,中華里,92,644,"1,390","2,126",22,"2,148",0,"2,148",681,"2,829",75.9279
,中原里,173,"1,117","2,360","3,650",44,"3,694",0,"3,694","1,285","4,979",74.1916
,長安里,135,842,"2,203","3,180",21,"3,201",0,"3,201","1,215","4,416",72.4864
,忠義里,118,637,"1,342","2,097",24,"2,121",0,"2,121",688,"2,809",75.5073
,正義里,431,"2,730","5,119","8,280",72,"8,352",1,"8,353","2,237","10,590",78.8669
,南港里,149,"1,090","2,453","3,692",43,"3,735",0,"3,735","1,242","4,977",75.0452
,永樂里,167,"1,206","2,570","3,943",44,"3,987",0,"3,987","1,276","5,263",75.7553
,成功里,179,"1,372","3,194","4,745",60,"4,805",0,"4,805","1,654","6,459",74.3923
,永康里,164,"1,206","2,819","4,189",49,"4,238",0,"4,238","1,459","5,697",74.3900
,永德里,125,861,"1,901","2,887",41,"2,928",0,"2,928",995,"3,923",74.6368
,樓厝里,193,"1,371","2,556","4,120",58,"4,178",0,"4,178","1,289","5,467",76.4222
,信義里,123,760,"1,682","2,565",30,"2,595",0,"2,595",882,"3,477",74.6333
,玉清里,184,"1,225","2,316","3,725",42,"3,767",0,"3,767","1,228","4,995",75.4154
,復興里,102,578,"1,581","2,261",26,"2,287",0,"2,287",757,"3,044",75.1314
,福安里,96,632,"1,404","2,132",29,"2,161",0,"2,161",657,"2,818",76.6856
,鷺江里,173,"1,057","2,228","3,458",44,"3,502",0,"3,502","1,146","4,648",75.3442
,恆德里,178,"1,345","2,414","3,937",47,"3,984",0,"3,984","1,421","5,405",73.7095
,溪墘里,92,624,"1,391","2,107",18,"2,125",0,"2,125",620,"2,745",77.4135
,仁復里,47,472,875,"1,394",17,"1,411",0,"1,411",459,"1,870",75.4545
,仁德里,141,"1,075","2,355","3,571",38,"3,609",0,"3,609","1,112","4,721",76.4457
,仁義里,119,865,"1,822","2,806",31,"2,837",0,"2,837","1,980","4,817",58.8956
,得勝里,85,675,"1,342","2,102",34,"2,136",1,"2,137",782,"2,919",73.1757
,得仁里,100,601,"1,299","2,000",19,"2,019",0,"2,019",625,"2,644",76.3616
,保和里,69,521,"1,071","1,661",25,"1,686",0,"1,686",527,"2,213",76.1862
,樹德里,103,704,"1,400","2,207",20,"2,227",0,"2,227",671,"2,898",76.8461
,民和里,86,584,"1,125","1,795",18,"1,813",0,"1,813",555,"2,368",76.5625
,水河里,261,"1,792","3,943","5,996",64,"6,060",0,"6,060","2,044","8,104",74.7779
,水湳里,311,"1,929","4,283","6,523",76,"6,599",0,"6,599","2,187","8,786",75.1081
,仁愛里,175,995,"2,270","3,440",49,"3,489",0,"3,489","1,057","4,546",76.7488
,忠孝里,72,409,"1,134","1,615",17,"1,632",0,"1,632",492,"2,124",76.8362
,保佑里,112,768,"1,592","2,472",38,"2,510",0,"2,510",752,"3,262",76.9467
,保新里,84,693,"1,389","2,166",25,"2,191",0,"2,191",768,"2,959",74.0453
　五股區,,"2,391","17,969","32,282","52,642",576,"53,218",0,"53,218","19,101","72,319",73.5879
,興珍里,118,751,"2,161","3,030",40,"3,070",0,"3,070","1,021","4,091",75.0428
,更寮里,31,158,627,816,8,824,0,824,249,"1,073",76.7940
,觀音里,24,251,617,892,11,903,0,903,340,"1,243",72.6468
,集福里,105,813,"1,583","2,501",21,"2,522",0,"2,522",860,"3,382",74.5713
,集賢里,117,706,"1,648","2,471",22,"2,493",0,"2,493",896,"3,389",73.5615
,成德里,93,588,"1,344","2,025",28,"2,053",0,"2,053",766,"2,819",72.8272
,成州里,166,"1,131","2,445","3,742",45,"3,787",0,"3,787","1,417","5,204",72.7709
,成功里,192,"1,204","2,583","3,979",47,"4,026",0,"4,026","1,534","5,560",72.4101
,成泰里,322,"1,985","3,743","6,050",57,"6,107",0,"6,107","2,240","8,347",73.1640
,五龍里,23,205,685,913,12,925,0,925,299,"1,224",75.5719
,五福里,105,716,"1,412","2,233",26,"2,259",0,"2,259",764,"3,023",74.7271
,六福里,114,890,"1,409","2,413",26,"2,439",0,"2,439",887,"3,326",73.3313
,民義里,110,823,"1,364","2,297",16,"2,313",0,"2,313",739,"3,052",75.7864
,五股里,102,839,"1,552","2,493",32,"2,525",0,"2,525","1,312","3,837",65.8066
,德音里,177,"1,202","1,969","3,348",32,"3,380",0,"3,380","1,135","4,515",74.8616
,水碓里,205,"1,565","3,119","4,889",61,"4,950",0,"4,950","1,747","6,697",73.9137
,福德里,101,689,"1,198","1,988",21,"2,009",0,"2,009",827,"2,836",70.8392
,德泰里,131,"1,027","1,706","2,864",24,"2,888",0,"2,888",922,"3,810",75.8005
,貿商里,88,"1,229",688,"2,005",22,"2,027",0,"2,027",598,"2,625",77.2190
,陸一里,67,"1,197",429,"1,693",25,"1,718",0,"1,718",548,"2,266",75.8164
　泰山區,,"2,052","16,715","27,918","46,685",561,"47,246",0,"47,246","15,565","62,811",75.2193
,大科里,28,182,390,600,9,609,0,609,189,798,76.3158
,黎明里,114,737,"1,350","2,201",28,"2,229",0,"2,229",760,"2,989",74.5734
,山腳里,158,"1,514","2,489","4,161",59,"4,220",0,"4,220","1,586","5,806",72.6834
,福泰里,84,655,"1,067","1,806",19,"1,825",0,"1,825",620,"2,445",74.6421
,福興里,90,852,"1,329","2,271",35,"2,306",0,"2,306",742,"3,048",75.6562
,楓樹里,138,974,"1,697","2,809",42,"2,851",0,"2,851",968,"3,819",74.6531
,同榮里,97,"1,081","1,484","2,662",39,"2,701",0,"2,701",819,"3,520",76.7330
,同興里,84,789,"1,516","2,389",28,"2,417",0,"2,417",721,"3,138",77.0236
,全興里,249,"1,854","3,024","5,127",60,"5,187",0,"5,187","1,991","7,178",72.2625
,義學里,121,"1,027","1,880","3,028",36,"3,064",0,"3,064",961,"4,025",76.1242
,義仁里,253,"1,805","3,278","5,336",59,"5,395",0,"5,395","1,725","7,120",75.7725
,明志里,101,886,"1,443","2,430",28,"2,458",0,"2,458",762,"3,220",76.3354
,泰友里,63,524,860,"1,447",25,"1,472",0,"1,472",434,"1,906",77.2298
,新明里,85,764,"1,282","2,131",18,"2,149",0,"2,149",685,"2,834",75.8292
,貴子里,126,922,"1,568","2,616",15,"2,631",0,"2,631",832,"3,463",75.9746
,貴賢里,126,988,"1,403","2,517",28,"2,545",0,"2,545",709,"3,254",78.2114
,貴和里,135,"1,161","1,858","3,154",33,"3,187",0,"3,187","1,061","4,248",75.0235
　林口區,,"3,501","26,140","36,053","65,694",677,"66,371",3,"66,374","22,269","88,643",74.8745
,東林里,123,869,"1,554","2,546",25,"2,571",0,"2,571",941,"3,512",73.2062
,林口里,165,"1,259","2,016","3,440",35,"3,475",0,"3,475","1,238","4,713",73.7322
,西林里,338,"2,526","3,531","6,395",53,"6,448",0,"6,448","2,347","8,795",73.3144
,菁湖里,121,952,"1,743","2,816",29,"2,845",0,"2,845",884,"3,729",76.2939
,中湖里,125,920,"1,707","2,752",32,"2,784",0,"2,784",963,"3,747",74.2994
,湖北里,29,303,708,"1,040",7,"1,047",0,"1,047",300,"1,347",77.7283
,湖南里,733,"5,815","7,012","13,560",132,"13,692",0,"13,692","4,700","18,392",74.4454
,南勢里,733,"5,505","6,561","12,799",141,"12,940",0,"12,940","4,220","17,160",75.4079
,仁愛里,262,"1,865","2,165","4,292",31,"4,323",2,"4,325","1,425","5,750",75.1826
,麗林里,326,"2,245","2,696","5,267",72,"5,339",1,"5,340","1,815","7,155",74.6191
,東勢里,228,"1,787","2,239","4,254",44,"4,298",0,"4,298","1,343","5,641",76.1922
,麗園里,133,"1,069","1,476","2,678",38,"2,716",0,"2,716",809,"3,525",77.0496
,頂福里,29,154,516,699,10,709,0,709,280,989,71.6886
,下福里,49,306,539,894,6,900,0,900,270,"1,170",76.9231
,嘉寶里,30,163,489,682,6,688,0,688,189,877,78.4493
,瑞平里,25,150,379,554,6,560,0,560,214,774,72.3514
,太平里,52,252,722,"1,026",10,"1,036",0,"1,036",331,"1,367",75.7864
　深坑區,,617,"6,374","8,052","15,043",154,"15,197",0,"15,197","4,990","20,187",75.2811
,萬順里,52,662,943,"1,657",13,"1,670",0,"1,670",571,"2,241",74.5203
,萬福里,74,758,978,"1,810",20,"1,830",0,"1,830",592,"2,422",75.5574
,土庫里,98,800,"1,075","1,973",21,"1,994",0,"1,994",670,"2,664",74.8498
,深坑里,84,918,"1,217","2,219",24,"2,243",0,"2,243",731,"2,974",75.4203
,埔新里,169,"1,712","2,128","4,009",36,"4,045",0,"4,045","1,374","5,419",74.6448
,昇高里,63,632,718,"1,413",17,"1,430",0,"1,430",451,"1,881",76.0234
,賴仲里,61,737,747,"1,545",21,"1,566",0,"1,566",481,"2,047",76.5022
,阿柔里,16,155,246,417,2,419,0,419,120,539,77.7365
　石碇區,,171,"1,592","3,035","4,798",52,"4,850",0,"4,850","1,818","6,668",72.7355
,石碇里,17,113,165,295,2,297,0,297,84,381,77.9528
,潭邊里,18,214,322,554,10,564,0,564,205,769,73.3420
,烏塗里,6,127,325,458,9,467,0,467,177,644,72.5155
,彭山里,3,92,108,203,1,204,0,204,91,295,69.1525
,豐田里,9,102,159,270,3,273,0,273,98,371,73.5849
,隆盛里,8,151,271,430,6,436,0,436,211,647,67.3879
,豐林里,10,83,126,219,1,220,0,220,77,297,74.0741
,中民里,25,167,290,482,5,487,0,487,215,702,69.3732
,永定里,22,116,248,386,2,388,0,388,187,575,67.4783
,光明里,7,59,133,199,3,202,0,202,68,270,74.8148
,永安里,20,169,389,578,4,582,0,582,201,783,74.3295
,格頭里,26,199,499,724,6,730,0,730,204,934,78.1585
　坪林區,,132,"1,362","2,688","4,182",47,"4,229",0,"4,229","1,655","5,884",71.8729
,坪林里,36,295,598,929,16,945,0,945,304,"1,249",75.6605
,水德里,9,164,268,441,8,449,0,449,161,610,73.6066
,大林里,23,219,524,766,8,774,0,774,352,"1,126",68.7389
,石??里,9,79,192,280,1,281,0,281,131,412,68.2039
,粗窟里,23,239,390,652,7,659,0,659,191,850,77.5294
,上德里,20,216,308,544,4,548,0,548,246,794,69.0176
,漁光里,12,150,408,570,3,573,0,573,270,843,67.9715
　三芝區,,512,"5,605","7,359","13,476",164,"13,640",0,"13,640","5,913","19,553",69.7591
,八賢里,7,65,132,204,2,206,0,206,99,305,67.5410
,埔頭里,155,"1,269","1,774","3,198",40,"3,238",0,"3,238","1,438","4,676",69.2472
,古庄里,24,333,395,752,3,755,0,755,317,"1,072",70.4291
,新庄里,14,236,287,537,6,543,0,543,213,756,71.8254
,埔坪里,143,"1,716","2,110","3,969",52,"4,021",0,"4,021","1,902","5,923",67.8879
,茂長里,21,197,257,475,6,481,0,481,131,612,78.5948
,橫山里,17,170,153,340,9,349,0,349,147,496,70.3629
,錫板里,12,185,289,486,3,489,0,489,181,670,72.9851
,後厝里,50,683,653,"1,386",6,"1,392",0,"1,392",651,"2,043",68.1351
,福德里,15,231,290,536,9,545,0,545,203,748,72.8610
,圓山里,12,124,217,353,7,360,0,360,155,515,69.9029
,店子里,11,121,262,394,14,408,0,408,164,572,71.3287
,興華里,31,275,540,846,7,853,0,853,312,"1,165",73.2189
　石門區,,249,"2,871","3,837","6,957",90,"7,047",0,"7,047","3,014","10,061",70.0427
,德茂里,25,275,440,740,8,748,0,748,328,"1,076",69.5167
,富基里,35,376,509,920,13,933,0,933,370,"1,303",71.6040
,老梅里,42,532,814,"1,388",23,"1,411",0,"1,411",657,"2,068",68.2302
,山溪里,25,254,318,597,8,605,0,605,252,857,70.5951
,石門里,42,476,537,"1,055",10,"1,065",0,"1,065",426,"1,491",71.4286
,尖鹿里,38,393,569,"1,000",12,"1,012",0,"1,012",413,"1,425",71.0175
,乾華里,7,86,111,204,3,207,0,207,113,320,64.6875
,茂林里,11,190,231,432,4,436,0,436,188,624,69.8718
,草里里,24,289,308,621,9,630,0,630,267,897,70.2341
　八里區,,"1,083","8,736","13,576","23,395",261,"23,656",0,"23,656","9,013","32,669",72.4112
,龍源里,194,"1,972","2,635","4,801",53,"4,854",0,"4,854","1,681","6,535",74.2770
,米倉里,121,839,"1,275","2,235",28,"2,263",0,"2,263",930,"3,193",70.8738
,大崁里,108,763,"1,303","2,174",15,"2,189",0,"2,189",723,"2,912",75.1717
,埤頭里,97,872,"1,516","2,485",24,"2,509",0,"2,509",955,"3,464",72.4307
,頂罟里,58,477,839,"1,374",20,"1,394",0,"1,394",582,"1,976",70.5466
,舊城里,204,"1,565","2,584","4,353",51,"4,404",0,"4,404","1,848","6,252",70.4415
,訊塘里,133,"1,061","1,550","2,744",31,"2,775",0,"2,775","1,044","3,819",72.6630
,荖阡里,56,394,677,"1,127",13,"1,140",0,"1,140",451,"1,591",71.6530
,長坑里,47,368,635,"1,050",11,"1,061",0,"1,061",432,"1,493",71.0650
,下罟里,65,425,562,"1,052",15,"1,067",0,"1,067",367,"1,434",74.4073
　平溪區,,97,"1,174","1,598","2,869",28,"2,897",0,"2,897","1,263","4,160",69.6394
,薯榔里,3,89,165,257,3,260,0,260,115,375,69.3333
,菁桐里,5,71,77,153,3,156,0,156,69,225,69.3333
,白石里,6,63,115,184,1,185,0,185,52,237,78.0591
,石底里,11,97,197,305,6,311,0,311,125,436,71.3303
,平溪里,7,89,72,168,2,170,0,170,62,232,73.2759
,嶺腳里,11,158,217,386,4,390,0,390,206,596,65.4362
,東勢里,10,138,148,296,2,298,0,298,117,415,71.8072
,十分里,27,224,282,533,6,539,0,539,271,810,66.5432
,望古里,3,35,59,97,0,97,0,97,54,151,64.2384
,南山里,8,99,128,235,1,236,0,236,114,350,67.4286
,新寮里,3,54,60,117,0,117,0,117,36,153,76.4706
,平湖里,3,57,78,138,0,138,0,138,42,180,76.6667
　雙溪區,,191,"2,165","2,815","5,171",55,"5,226",2,"5,228","2,514","7,742",67.5019
,雙溪里,7,155,144,306,4,310,0,310,134,444,69.8198
,新基里,12,260,250,522,6,528,1,529,198,727,72.6272
,三港里,4,95,130,229,3,232,0,232,131,363,63.9118
,牡丹里,32,394,545,971,15,986,0,986,499,"1,485",66.3973
,三貂里,7,89,108,204,2,206,0,206,117,323,63.7771
,平林里,24,262,314,600,4,604,0,604,266,870,69.4253
,上林里,12,155,263,430,5,435,1,436,182,618,70.3883
,外柑里,12,113,152,277,1,278,0,278,129,407,68.3047
,長源里,10,60,149,219,4,223,0,223,139,362,61.6022
,共和里,10,113,120,243,4,247,0,247,117,364,67.8571
,魚行里,23,183,245,451,4,455,0,455,246,701,64.9073
,泰平里,38,286,395,719,3,722,0,722,356,"1,078",66.9759
　貢寮區,,234,"2,113","4,721","7,068",70,"7,138",0,"7,138","3,681","10,819",65.9765
,貢寮里,24,195,316,535,9,544,0,544,286,830,65.5422
,龍崗里,8,77,175,260,1,261,0,261,151,412,63.3495
,吉林里,18,126,196,340,5,345,0,345,134,479,72.0251
,雙玉里,14,137,280,431,3,434,0,434,223,657,66.0578
,福連里,12,175,374,561,6,567,0,567,318,885,64.0678
,福隆里,38,379,612,"1,029",3,"1,032",0,"1,032",544,"1,576",65.4822
,龍門里,8,122,301,431,6,437,0,437,219,656,66.6159
,真理里,27,257,960,"1,244",14,"1,258",0,"1,258",729,"1,987",63.3115
,仁里里,44,330,755,"1,129",9,"1,138",0,"1,138",498,"1,636",69.5599
,美豐里,13,147,310,470,6,476,0,476,245,721,66.0194
,和美里,28,168,442,638,8,646,0,646,334,980,65.9184
　金山區,,465,"4,693","7,664","12,822",129,"12,951",0,"12,951","5,368","18,319",70.6971
,和平里,15,160,175,350,6,356,0,356,104,460,77.3913
,大同里,18,200,245,463,6,469,0,469,229,698,67.1920
,豐漁里,8,116,208,332,1,333,0,333,159,492,67.6829
,磺港里,33,362,777,"1,172",10,"1,182",0,"1,182",530,"1,712",69.0421
,金美里,114,"1,243","2,015","3,372",23,"3,395",0,"3,395","1,461","4,856",69.9135
,五湖里,53,467,691,"1,211",19,"1,230",0,"1,230",415,"1,645",74.7720
,美田里,106,954,"1,518","2,578",19,"2,597",0,"2,597","1,052","3,649",71.1702
,重和里,32,284,473,789,12,801,0,801,377,"1,178",67.9966
,兩湖里,15,95,173,283,2,285,0,285,92,377,75.5968
,六股里,7,162,303,472,5,477,0,477,162,639,74.6479
,三界里,20,139,278,437,6,443,0,443,181,624,70.9936
,萬壽里,12,93,192,297,5,302,0,302,134,436,69.2661
,清泉里,16,215,314,545,13,558,0,558,243,801,69.6629
,西湖里,2,58,86,146,1,147,0,147,37,184,79.8913
,永興里,14,145,216,375,1,376,0,376,192,568,66.1972
　萬里區,,462,"5,206","7,213","12,881",129,"13,010",0,"13,010","5,746","18,756",69.3645
,萬里里,106,"1,156","1,681","2,943",30,"2,973",0,"2,973","1,194","4,167",71.3463
,北基里,76,814,844,"1,734",16,"1,750",0,"1,750",980,"2,730",64.1026
,龜吼里,52,686,919,"1,657",19,"1,676",0,"1,676",807,"2,483",67.4990
,野柳里,58,840,"1,251","2,149",21,"2,170",0,"2,170",957,"3,127",69.3956
,大鵬里,68,791,"1,020","1,879",21,"1,900",0,"1,900",717,"2,617",72.6022
,磺潭里,17,173,206,396,2,398,0,398,176,574,69.3380
,雙興里,29,238,421,688,8,696,0,696,254,950,73.2632
,溪底里,13,143,288,444,4,448,0,448,203,651,68.8172
,崁?里,17,91,167,275,2,277,0,277,123,400,69.2500
,中幅里,26,274,416,716,6,722,0,722,335,"1,057",68.3065
　烏來區,,173,"1,894","1,623","3,690",37,"3,727",0,"3,727","1,426","5,153",72.3268
,忠治里,62,604,487,"1,153",5,"1,158",0,"1,158",364,"1,522",76.0841
,烏來里,85,817,742,"1,644",14,"1,658",0,"1,658",654,"2,312",71.7128
,孝義里,3,63,112,178,4,182,0,182,51,233,78.1116
,信賢里,11,158,172,341,6,347,0,347,136,483,71.8427
,福山里,12,252,110,374,8,382,0,382,221,603,63.3499
