第15任總統副總統選舉候選人在桃園市各村(里)得票數一覽表,,,,,,,,,,,,
行政區別,村里別,各組候選人得票情形,,,"有效票數A
A=1+2+...+N",無效票數B,"投票數C
C=A+B","已領未投票數
D
D=E-C","發出票數E
E=C+D",用餘票數F,"選舉人數G
G=E+F","投票率H
H=C÷G"
,,"(1)
宋楚瑜
余湘","(2)
韓國瑜
張善政","(3)
蔡英文
賴清德",,,,,,,,
,,,,,,,,,,,,
,,,,,,,,,,,,
總　計,,"63,132","529,749","718,260","1,311,141","14,066","1,325,207",55,"1,325,262","455,493","1,780,755",74.4183
　桃園區,,"12,661","102,460","146,904","262,025","2,746","264,771",1,"264,772","90,615","355,387",74.5022
,三元里,131,"1,072","1,433","2,636",24,"2,660",0,"2,660",919,"3,579",74.3224
,三民里,173,"1,417","1,529","3,119",40,"3,159",0,"3,159",903,"4,062",77.7696
,大有里,238,"1,863","2,238","4,339",39,"4,378",0,"4,378","1,590","5,968",73.3579
,大業里,179,"1,413","1,892","3,484",33,"3,517",0,"3,517","1,243","4,760",73.8866
,大興里,165,"1,427","2,211","3,803",28,"3,831",0,"3,831","1,489","5,320",72.0113
,汴洲里,201,"1,333","2,411","3,945",40,"3,985",0,"3,985","1,346","5,331",74.7515
,忠義里,129,988,"1,328","2,445",9,"2,454",0,"2,454",984,"3,438",71.3787
,青溪里,149,"1,038","1,956","3,143",37,"3,180",0,"3,180",966,"4,146",76.7004
,春日里,240,"1,564","2,432","4,236",43,"4,279",0,"4,279","1,656","5,935",72.0977
,會稽里,332,"2,821","3,315","6,468",49,"6,517",1,"6,518","2,510","9,028",72.1865
,萬壽里,23,236,421,680,7,687,0,687,261,948,72.4684
,福元里,161,"1,223","1,608","2,992",37,"3,029",0,"3,029","1,083","4,112",73.6625
,寶山里,291,"2,309","3,086","5,686",61,"5,747",0,"5,747","2,295","8,042",71.4623
,大林里,247,"1,695","2,895","4,837",43,"4,880",0,"4,880","1,739","6,619",73.7271
,大樹里,122,"1,021","1,654","2,797",30,"2,827",0,"2,827",977,"3,804",74.3165
,大豐里,175,"1,288","2,145","3,608",29,"3,637",0,"3,637","1,238","4,875",74.6051
,建國里,154,"1,471","2,036","3,661",33,"3,694",0,"3,694","1,320","5,014",73.6737
,雲林里,201,"1,762","2,480","4,443",53,"4,496",0,"4,496","1,325","5,821",77.2376
,福安里,140,"1,189","1,725","3,054",38,"3,092",0,"3,092",948,"4,040",76.5347
,福林里,183,"1,695","2,534","4,412",34,"4,446",0,"4,446","1,246","5,692",78.1096
,豐林里,214,"1,739","2,642","4,595",39,"4,634",0,"4,634","1,433","6,067",76.3804
,中和里,52,310,627,989,10,999,0,999,341,"1,340",74.5522
,中興里,166,"1,371","2,461","3,998",44,"4,042",0,"4,042","1,237","5,279",76.5675
,文化里,38,222,327,587,6,593,0,593,215,808,73.3911
,文昌里,22,178,377,577,4,581,0,581,193,774,75.0646
,文明里,48,381,576,"1,005",10,"1,015",0,"1,015",296,"1,311",77.4218
,北門里,44,464,764,"1,272",6,"1,278",0,"1,278",400,"1,678",76.1621
,民生里,52,366,625,"1,043",10,"1,053",0,"1,053",359,"1,412",74.5751
,永興里,66,406,828,"1,300",10,"1,310",0,"1,310",465,"1,775",73.8028
,光興里,134,"1,255","2,146","3,535",29,"3,564",0,"3,564",974,"4,538",78.5368
,西門里,62,435,583,"1,080",14,"1,094",0,"1,094",432,"1,526",71.6907
,西湖里,53,430,618,"1,101",14,"1,115",0,"1,115",302,"1,417",78.6874
,武陵里,46,406,653,"1,105",14,"1,119",0,"1,119",459,"1,578",70.9125
,長美里,16,225,476,717,9,726,0,726,251,977,74.3091
,南門里,197,"1,613","2,410","4,220",57,"4,277",0,"4,277","1,419","5,696",75.0878
,南華里,48,347,624,"1,019",9,"1,028",0,"1,028",350,"1,378",74.6009
,中山里,272,"1,902","2,738","4,912",46,"4,958",0,"4,958","1,509","6,467",76.6662
,中平里,167,"1,371","1,827","3,365",43,"3,408",0,"3,408","1,108","4,516",75.4650
,中正里,195,"1,749","2,325","4,269",49,"4,318",0,"4,318","1,298","5,616",76.8875
,中成里,123,"1,325","2,052","3,500",33,"3,533",0,"3,533","1,040","4,573",77.2578
,中信里,175,"1,638","2,213","4,026",44,"4,070",0,"4,070","1,458","5,528",73.6252
,中原里,184,"1,415","1,809","3,408",35,"3,443",0,"3,443","1,000","4,443",77.4927
,中泰里,160,"1,335","1,552","3,047",47,"3,094",0,"3,094",828,"3,922",78.8883
,中聖里,214,"1,767","1,859","3,840",39,"3,879",0,"3,879","1,384","5,263",73.7032
,中路里,130,"1,174","1,558","2,862",33,"2,895",0,"2,895",939,"3,834",75.5086
,中德里,227,"1,842","2,735","4,804",47,"4,851",0,"4,851","1,456","6,307",76.9145
,文中里,111,801,"1,243","2,155",26,"2,181",0,"2,181",658,"2,839",76.8228
,玉山里,146,"1,344","2,142","3,632",36,"3,668",0,"3,668","1,135","4,803",76.3689
,泰山里,142,"1,052","1,562","2,756",41,"2,797",0,"2,797",819,"3,616",77.3507
,龍山里,101,"1,045","1,273","2,419",29,"2,448",0,"2,448",993,"3,441",71.1421
,龍安里,196,"1,485","2,123","3,804",47,"3,851",0,"3,851","1,252","5,103",75.4654
,龍岡里,199,"1,825","2,149","4,173",40,"4,213",0,"4,213","1,374","5,587",75.4072
,龍祥里,195,"1,528","1,724","3,447",32,"3,479",0,"3,479","1,285","4,764",73.0269
,龍壽里,223,"1,656","2,510","4,389",45,"4,434",0,"4,434","1,506","5,940",74.6465
,龍鳳里,275,"2,218","2,792","5,285",61,"5,346",0,"5,346","3,937","9,283",57.5891
,中埔里,76,502,"1,136","1,714",21,"1,735",0,"1,735",482,"2,217",78.2589
,中寧里,206,"1,771","2,260","4,237",41,"4,278",0,"4,278","1,524","5,802",73.7332
,北埔里,163,"1,280","1,807","3,250",31,"3,281",0,"3,281","1,138","4,419",74.2476
,永安里,147,"1,011","2,115","3,273",42,"3,315",0,"3,315","1,070","4,385",75.5986
,同安里,313,"2,456","3,514","6,283",62,"6,345",0,"6,345","2,189","8,534",74.3497
,同德里,222,"1,836","2,242","4,300",61,"4,361",0,"4,361","1,370","5,731",76.0949
,自強里,295,"2,171","2,891","5,357",59,"5,416",0,"5,416","1,758","7,174",75.4948
,西埔里,88,660,"1,515","2,263",25,"2,288",0,"2,288",725,"3,013",75.9376
,明德里,107,977,"1,180","2,264",35,"2,299",0,"2,299",782,"3,081",74.6186
,東埔里,109,"1,136","2,076","3,321",46,"3,367",0,"3,367","1,152","4,519",74.5076
,長安里,108,903,"1,648","2,659",24,"2,683",0,"2,683",788,"3,471",77.2976
,長德里,190,"1,314","2,104","3,608",34,"3,642",0,"3,642","1,121","4,763",76.4644
,信光里,204,"1,763","2,897","4,864",54,"4,918",0,"4,918","1,758","6,676",73.6669
,南埔里,173,"1,313","2,006","3,492",49,"3,541",0,"3,541","1,084","4,625",76.5622
,莊敬里,299,"2,678","3,156","6,133",57,"6,190",0,"6,190","2,088","8,278",74.7765
,慈文里,206,"1,647","2,508","4,361",52,"4,413",0,"4,413","1,556","5,969",73.9320
,新埔里,304,"2,849","3,625","6,778",62,"6,840",0,"6,840","2,236","9,076",75.3636
,瑞慶里,227,"1,625","2,233","4,085",41,"4,126",0,"4,126","1,563","5,689",72.5259
,寶安里,318,"2,331","2,977","5,626",56,"5,682",0,"5,682","2,071","7,753",73.2878
,寶慶里,229,"1,762","2,348","4,339",43,"4,382",0,"4,382","1,415","5,797",75.5908
,朝陽里,57,489,860,"1,406",16,"1,422",0,"1,422",500,"1,922",73.9854
,成功里,138,"1,164","1,605","2,907",25,"2,932",0,"2,932",867,"3,799",77.1782
,東門里,80,860,"1,186","2,126",24,"2,150",0,"2,150",731,"2,881",74.6269
,東山里,75,517,763,"1,355",21,"1,376",0,"1,376",504,"1,880",73.1915
　中壢區,,"11,902","107,499","126,600","246,001","2,611","248,612",32,"248,644","82,235","330,879",75.1368
,後寮里,170,"1,470","1,742","3,382",33,"3,415",0,"3,415","1,283","4,698",72.6905
,明德里,181,"1,398","1,903","3,482",38,"3,520",0,"3,520","1,057","4,577",76.9063
,至善里,113,"1,345","1,064","2,522",23,"2,545",0,"2,545",949,"3,494",72.8392
,龍慈里,191,"1,684","1,524","3,399",38,"3,437",0,"3,437","1,184","4,621",74.3778
,龍興里,162,"1,372","1,650","3,184",31,"3,215",0,"3,215",970,"4,185",76.8220
,龍德里,148,"1,437","1,510","3,095",22,"3,117",1,"3,118",855,"3,973",78.4546
,龍岡里,157,"1,858","1,486","3,501",30,"3,531",0,"3,531","1,051","4,582",77.0624
,龍東里,173,"2,216","1,200","3,589",39,"3,628",0,"3,628","1,166","4,794",75.6779
,龍昌里,162,"2,007","1,759","3,928",39,"3,967",1,"3,968","1,292","5,260",75.4183
,龍平里,81,"1,429",632,"2,142",27,"2,169",0,"2,169",685,"2,854",75.9986
,仁美里,197,"1,919","1,879","3,995",38,"4,033",0,"4,033","1,327","5,360",75.2425
,仁福里,148,"1,692","1,501","3,341",28,"3,369",0,"3,369","1,275","4,644",72.5452
,華愛里,125,"1,239","1,141","2,505",31,"2,536",0,"2,536",874,"3,410",74.3695
,普仁里,138,"1,264","1,477","2,879",29,"2,908",0,"2,908","1,189","4,097",70.9788
,普忠里,114,"1,042","1,231","2,387",28,"2,415",0,"2,415",836,"3,251",74.2848
,普強里,151,"1,256","1,352","2,759",39,"2,798",0,"2,798",807,"3,605",77.6144
,普慶里,88,871,961,"1,920",17,"1,937",3,"1,940",559,"2,499",77.5110
,信義里,182,"1,381","1,687","3,250",37,"3,287",0,"3,287",913,"4,200",78.2619
,正義里,145,"1,272","1,753","3,170",35,"3,205",0,"3,205",991,"4,196",76.3823
,普義里,135,"1,339","1,408","2,882",32,"2,914",0,"2,914","2,543","5,457",53.3993
,德義里,90,802,994,"1,886",26,"1,912",0,"1,912",570,"2,482",77.0346
,仁義里,142,"1,080","1,544","2,766",32,"2,798",0,"2,798",952,"3,750",74.6133
,忠義里,101,"1,107","1,410","2,618",24,"2,642",0,"2,642",999,"3,641",72.5625
,中興里,116,"1,102","1,074","2,292",21,"2,313",1,"2,314",847,"3,161",73.1730
,自立里,197,"2,689",926,"3,812",32,"3,844",0,"3,844","1,221","5,065",75.8934
,自信里,215,"1,907","1,803","3,925",38,"3,963",0,"3,963","1,364","5,327",74.3946
,莊敬里,110,"1,641",802,"2,553",30,"2,583",0,"2,583",810,"3,393",76.1273
,自治里,137,"1,583",860,"2,580",30,"2,610",0,"2,610",769,"3,379",77.2418
,內壢里,73,799,667,"1,539",17,"1,556",0,"1,556",574,"2,130",73.0516
,成功里,135,"1,343","1,549","3,027",36,"3,063",0,"3,063","1,090","4,153",73.7539
,福德里,122,950,"1,024","2,096",32,"2,128",0,"2,128",655,"2,783",76.4642
,中原里,110,"1,166","1,440","2,716",31,"2,747",19,"2,766",845,"3,611",76.0731
,忠孝里,184,"1,416","1,704","3,304",47,"3,351",0,"3,351","1,073","4,424",75.7459
,復興里,337,"2,674","3,449","6,460",62,"6,522",0,"6,522","2,429","8,951",72.8634
,復華里,198,"1,678","2,197","4,073",42,"4,115",0,"4,115","1,245","5,360",76.7724
,文化里,346,"2,520","3,526","6,392",66,"6,458",0,"6,458","2,031","8,489",76.0749
,和平里,98,824,993,"1,915",22,"1,937",0,"1,937",531,"2,468",78.4846
,內定里,222,"1,673","3,090","4,985",54,"5,039",0,"5,039","1,522","6,561",76.8023
,石頭里,46,472,687,"1,205",16,"1,221",0,"1,221",438,"1,659",73.5986
,中央里,131,"1,104","1,405","2,640",42,"2,682",0,"2,682",752,"3,434",78.1013
,新興里,153,"1,117","1,411","2,681",43,"2,724",0,"2,724",848,"3,572",76.2598
,林森里,126,"1,200","1,510","2,836",26,"2,862",0,"2,862",835,"3,697",77.4141
,振興里,166,"1,584","1,821","3,571",30,"3,601",0,"3,601","1,126","4,727",76.1794
,東興里,134,964,"1,370","2,468",22,"2,490",0,"2,490",782,"3,272",76.1002
,健行里,176,"1,415","1,701","3,292",34,"3,326",0,"3,326",989,"4,315",77.0800
,水尾里,121,956,"1,518","2,595",23,"2,618",0,"2,618",842,"3,460",75.6647
,金華里,158,"1,473","1,412","3,043",40,"3,083",0,"3,083",812,"3,895",79.1528
,忠福里,278,"2,207","3,179","5,664",63,"5,727",0,"5,727","1,802","7,529",76.0659
,幸福里,195,"1,738","2,438","4,371",41,"4,412",0,"4,412","1,461","5,873",75.1234
,永福里,206,"1,500","2,386","4,092",50,"4,142",1,"4,143","1,199","5,342",77.5365
,青埔里,163,"1,184","1,724","3,071",37,"3,108",0,"3,108","1,059","4,167",74.5860
,新街里,77,636,845,"1,558",25,"1,583",0,"1,583",541,"2,124",74.5292
,興南里,112,948,"1,109","2,169",27,"2,196",0,"2,196",830,"3,026",72.5711
,興國里,61,552,802,"1,415",17,"1,432",0,"1,432",475,"1,907",75.0918
,興平里,82,635,"1,127","1,844",23,"1,867",0,"1,867",492,"2,359",79.1437
,興和里,85,764,"1,283","2,132",15,"2,147",0,"2,147",540,"2,687",79.9032
,永興里,34,278,392,704,6,710,0,710,226,936,75.8547
,中壢里,27,198,284,509,9,518,0,518,176,694,74.6398
,中榮里,18,244,337,599,6,605,0,605,213,818,73.9609
,中建里,34,265,435,734,5,739,0,739,248,987,74.8734
,舊明里,45,415,706,"1,166",14,"1,180",0,"1,180",291,"1,471",80.2175
,新明里,127,"1,036","1,580","2,743",18,"2,761",0,"2,761",923,"3,684",74.9457
,光明里,182,"1,750","2,037","3,969",60,"4,029",0,"4,029","1,266","5,295",76.0907
,永光里,187,"1,516","2,244","3,947",46,"3,993",3,"3,996","1,332","5,328",74.9437
,三民里,91,769,"1,463","2,323",32,"2,355",0,"2,355",721,"3,076",76.5605
,五權里,194,"1,556","2,580","4,330",50,"4,380",0,"4,380","1,469","5,849",74.8846
,五福里,106,"1,013","1,595","2,714",30,"2,744",0,"2,744",775,"3,519",77.9767
,芝芭里,114,793,"1,694","2,601",32,"2,633",0,"2,633",852,"3,485",75.5524
,洽溪里,216,"1,442","2,450","4,108",39,"4,147",0,"4,147","1,374","5,521",75.1132
,內厝里,160,"1,045","2,282","3,487",33,"3,520",0,"3,520","1,065","4,585",76.7721
,月眉里,163,"1,008","2,748","3,919",29,"3,948",0,"3,948","1,319","5,267",74.9573
,山東里,104,688,"1,959","2,751",21,"2,772",1,"2,773",848,"3,621",76.5534
,過嶺里,254,"1,692","3,039","4,985",53,"5,038",0,"5,038","1,641","6,679",75.4305
,龍安里,60,"1,002",551,"1,613",24,"1,637",0,"1,637",412,"2,049",79.8926
,仁愛里,119,950,"1,159","2,228",27,"2,255",0,"2,255",665,"2,920",77.2260
,仁德里,130,"1,148",943,"2,221",30,"2,251",0,"2,251",709,"2,960",76.0473
,仁和里,127,"1,241","1,139","2,507",13,"2,520",1,"2,521",954,"3,475",72.5180
,仁祥里,89,"1,087",827,"2,003",15,"2,018",0,"2,018",717,"2,735",73.7843
,華勛里,103,"1,472","1,001","2,576",25,"2,601",0,"2,601",964,"3,565",72.9593
,中堅里,148,"1,441","1,104","2,693",23,"2,716",0,"2,716",937,"3,653",74.3498
,興仁里,117,"1,111","1,147","2,375",24,"2,399",0,"2,399",918,"3,317",72.3244
,中正里,164,"1,774","1,727","3,665",23,"3,688",0,"3,688","1,326","5,014",73.5540
,中山里,178,"1,564","1,526","3,268",40,"3,308",0,"3,308","1,271","4,579",72.2428
,篤行里,90,825,876,"1,791",17,"1,808",0,"1,808",664,"2,472",73.1392
,自強里,157,"1,282","1,135","2,574",17,"2,591",1,"2,592",803,"3,395",76.3181
　大溪區,,"2,393","21,126","32,801","56,320",614,"56,934",0,"56,934","19,952","76,886",74.0499
,興和里,36,326,742,"1,104",16,"1,120",0,"1,120",325,"1,445",77.5087
,福仁里,23,203,529,755,6,761,0,761,209,970,78.4536
,田心里,141,971,"2,132","3,244",31,"3,275",0,"3,275","1,069","4,344",75.3913
,一心里,136,"1,029","2,100","3,265",28,"3,293",0,"3,293","1,323","4,616",71.3388
,一德里,156,"1,192","2,531","3,879",35,"3,914",0,"3,914","1,481","5,395",72.5487
,月眉里,36,219,637,892,7,899,0,899,311,"1,210",74.2975
,永福里,15,183,508,706,8,714,0,714,256,970,73.6082
,康安里,29,258,689,976,10,986,0,986,309,"1,295",76.1390
,義和里,47,336,925,"1,308",7,"1,315",0,"1,315",454,"1,769",74.3358
,美華里,94,648,"1,522","2,264",22,"2,286",0,"2,286",709,"2,995",76.3272
,福安里,60,399,"1,172","1,631",14,"1,645",0,"1,645",534,"2,179",75.4933
,復興里,26,172,436,634,8,642,0,642,245,887,72.3788
,新峰里,21,165,393,579,12,591,0,591,202,793,74.5271
,中新里,32,325,822,"1,179",11,"1,190",0,"1,190",307,"1,497",79.4923
,瑞興里,79,629,"1,232","1,940",18,"1,958",0,"1,958",729,"2,687",72.8694
,仁善里,146,"1,105","1,591","2,842",25,"2,867",0,"2,867",937,"3,804",75.3680
,仁美里,100,"1,047","1,210","2,357",31,"2,388",0,"2,388",800,"3,188",74.9059
,僑愛里,69,"1,287",499,"1,855",29,"1,884",0,"1,884",603,"2,487",75.7539
,仁義里,86,"1,195",637,"1,918",31,"1,949",0,"1,949",829,"2,778",70.1584
,仁和里,155,"1,388","1,852","3,395",32,"3,427",0,"3,427","1,133","4,560",75.1535
,仁愛里,183,"1,437","2,083","3,703",39,"3,742",0,"3,742","1,198","4,940",75.7490
,仁武里,116,950,"1,184","2,250",40,"2,290",0,"2,290",801,"3,091",74.0861
,仁文里,129,"1,152","1,415","2,696",26,"2,722",0,"2,722","1,050","3,772",72.1633
,南興里,123,"1,126","2,182","3,431",37,"3,468",0,"3,468","1,399","4,867",71.2554
,光明里,84,855,699,"1,638",27,"1,665",0,"1,665",645,"2,310",72.0779
,員林里,47,437,566,"1,050",14,"1,064",0,"1,064",420,"1,484",71.6981
,三元里,106,"1,142",887,"2,135",22,"2,157",0,"2,157",762,"2,919",73.8952
,瑞源里,118,950,"1,626","2,694",28,"2,722",0,"2,722",912,"3,634",74.9037
　楊梅區,,"4,906","42,840","51,449","99,195","1,062","100,257",2,"100,259","36,268","136,527",73.4338
,仁美里,127,"1,280","1,425","2,832",30,"2,862",0,"2,862",939,"3,801",75.2960
,埔心里,47,399,649,"1,095",12,"1,107",0,"1,107",291,"1,398",79.1845
,光華里,99,"1,178","1,042","2,319",22,"2,341",0,"2,341",772,"3,113",75.2008
,金龍里,30,511,287,828,16,844,0,844,278,"1,122",75.2228
,四維里,212,"1,400","1,557","3,169",29,"3,198",0,"3,198",936,"4,134",77.3585
,永平里,70,574,650,"1,294",20,"1,314",0,"1,314",586,"1,900",69.1579
,瑞塘里,193,"1,607","2,116","3,916",48,"3,964",0,"3,964","1,357","5,321",74.4973
,瑞坪里,193,"1,915","1,821","3,929",27,"3,956",0,"3,956","1,562","5,518",71.6926
,梅溪里,124,"1,241","1,475","2,840",25,"2,865",0,"2,865","1,065","3,930",72.9008
,瑞溪里,115,999,"1,303","2,417",21,"2,438",0,"2,438",997,"3,435",70.9753
,金溪里,156,"1,255","1,336","2,747",46,"2,793",0,"2,793",948,"3,741",74.6592
,三民里,136,"1,041","1,151","2,328",23,"2,351",0,"2,351",852,"3,203",73.3999
,楊明里,300,"2,077","2,503","4,880",58,"4,938",0,"4,938","1,772","6,710",73.5917
,裕成里,114,"1,143","1,056","2,313",26,"2,339",0,"2,339",802,"3,141",74.4667
,裕新里,77,758,675,"1,510",10,"1,520",0,"1,520",792,"2,312",65.7439
,大同里,99,"1,145","1,171","2,415",14,"2,429",0,"2,429",774,"3,203",75.8352
,中山里,99,"1,011","1,130","2,240",20,"2,260",0,"2,260",666,"2,926",77.2386
,楊梅里,124,"1,240","1,424","2,788",32,"2,820",0,"2,820",805,"3,625",77.7931
,楊江里,38,369,379,786,11,797,0,797,243,"1,040",76.6346
,梅新里,81,683,697,"1,461",12,"1,473",0,"1,473",485,"1,958",75.2298
,紅梅里,88,884,979,"1,951",14,"1,965",0,"1,965",574,"2,539",77.3927
,永寧里,219,"1,946","2,447","4,612",39,"4,651",0,"4,651","2,353","7,004",66.4049
,大平里,105,"1,019","1,074","2,198",22,"2,220",1,"2,221",896,"3,117",71.2223
,秀才里,110,"1,009","1,297","2,416",30,"2,446",0,"2,446",773,"3,219",75.9863
,東流里,90,702,"1,139","1,931",21,"1,952",0,"1,952",890,"2,842",68.6840
,豐野里,141,"1,156","1,505","2,802",41,"2,843",0,"2,843",931,"3,774",75.3312
,富岡里,60,602,694,"1,356",25,"1,381",0,"1,381",416,"1,797",76.8503
,富豐里,84,857,"1,152","2,093",25,"2,118",1,"2,119",774,"2,893",73.2112
,員本里,105,721,"1,132","1,958",28,"1,986",0,"1,986",698,"2,684",73.9940
,三湖里,98,782,"1,090","1,970",16,"1,986",0,"1,986",653,"2,639",75.2558
,頭湖里,126,834,999,"1,959",24,"1,983",0,"1,983",754,"2,737",72.4516
,上湖里,182,"1,634","1,984","3,800",41,"3,841",0,"3,841","1,670","5,511",69.6970
,上田里,91,647,"1,131","1,869",21,"1,890",0,"1,890",629,"2,519",75.0298
,高山里,121,"1,163","1,211","2,495",25,"2,520",0,"2,520","1,041","3,561",70.7666
,高上里,92,752,"1,106","1,950",25,"1,975",0,"1,975",669,"2,644",74.6974
,青山里,128,"1,230","1,336","2,694",19,"2,713",0,"2,713","1,371","4,084",66.4300
,高榮里,122,877,"1,497","2,496",32,"2,528",0,"2,528",835,"3,363",75.1710
,雙榮里,118,946,"1,392","2,456",26,"2,482",0,"2,482",654,"3,136",79.1454
,新榮里,114,977,"1,476","2,567",28,"2,595",0,"2,595",763,"3,358",77.2781
,水美里,145,"1,219","1,580","2,944",30,"2,974",0,"2,974",988,"3,962",75.0631
,瑞原里,133,"1,057","1,381","2,571",28,"2,599",0,"2,599","1,014","3,613",71.9347
　蘆竹區,,"4,593","33,227","55,967","93,787","1,001","94,788",2,"94,790","32,635","127,425",74.3873
,新興里,85,547,"1,465","2,097",26,"2,123",1,"2,124",682,"2,806",75.6593
,中福里,107,777,"2,010","2,894",25,"2,919",1,"2,920",927,"3,847",75.8773
,上興里,117,834,"1,449","2,400",19,"2,419",0,"2,419",716,"3,135",77.1611
,中興里,185,"1,222","1,994","3,401",27,"3,428",0,"3,428","1,254","4,682",73.2166
,新莊里,147,"1,048","2,321","3,516",29,"3,545",0,"3,545","1,218","4,763",74.4279
,上竹里,112,875,"1,581","2,568",23,"2,591",0,"2,591",788,"3,379",76.6795
,宏竹里,109,656,"1,437","2,202",24,"2,226",0,"2,226",667,"2,893",76.9443
,大竹里,202,"1,289","2,095","3,586",26,"3,612",0,"3,612","1,091","4,703",76.8020
,富竹里,51,193,734,978,9,987,0,987,285,"1,272",77.5943
,蘆竹里,83,789,"2,110","2,982",34,"3,016",0,"3,016",963,"3,979",75.7979
,南興里,186,"1,574","1,892","3,652",48,"3,700",0,"3,700","1,246","4,946",74.8079
,福昌里,175,"1,442","1,944","3,561",36,"3,597",0,"3,597","1,248","4,845",74.2415
,福興里,130,917,"1,326","2,373",25,"2,398",0,"2,398",935,"3,333",71.9472
,正興里,146,"1,076","1,693","2,915",32,"2,947",0,"2,947","1,202","4,149",71.0292
,順興里,132,986,"1,457","2,575",28,"2,603",0,"2,603",978,"3,581",72.6892
,蘆興里,51,393,757,"1,201",13,"1,214",0,"1,214",361,"1,575",77.0794
,南榮里,122,872,"1,344","2,338",31,"2,369",0,"2,369",813,"3,182",74.4500
,南崁里,136,972,"1,555","2,663",30,"2,693",0,"2,693",885,"3,578",75.2655
,錦興里,128,984,"1,762","2,874",28,"2,902",0,"2,902",890,"3,792",76.5295
,錦中里,96,833,"1,329","2,258",39,"2,297",0,"2,297",787,"3,084",74.4812
,興榮里,106,858,"1,086","2,050",17,"2,067",0,"2,067",603,"2,670",77.4157
,長興里,85,610,"1,046","1,741",19,"1,760",0,"1,760",765,"2,525",69.7030
,五福里,86,675,987,"1,748",20,"1,768",0,"1,768",534,"2,302",76.8028
,中山里,113,876,"1,211","2,200",18,"2,218",0,"2,218",840,"3,058",72.5311
,福祿里,129,797,"1,315","2,241",32,"2,273",0,"2,273",783,"3,056",74.3783
,羊稠里,167,"1,226","1,695","3,088",33,"3,121",0,"3,121","1,061","4,182",74.6294
,吉祥里,125,"1,150","1,316","2,591",26,"2,617",0,"2,617",840,"3,457",75.7015
,長壽里,229,"1,619","2,051","3,899",35,"3,934",0,"3,934","1,300","5,234",75.1624
,營盤里,190,"1,342","1,789","3,321",46,"3,367",0,"3,367","1,220","4,587",73.4031
,營福里,125,859,"1,306","2,290",32,"2,322",0,"2,322",840,"3,162",73.4345
,瓦窯里,123,975,"1,077","2,175",31,"2,206",0,"2,206",972,"3,178",69.4147
,內厝里,69,473,"1,032","1,574",17,"1,591",0,"1,591",877,"2,468",64.4652
,山鼻里,76,434,763,"1,273",13,"1,286",0,"1,286",428,"1,714",75.0292
,山腳里,124,681,"1,795","2,600",25,"2,625",0,"2,625",858,"3,483",75.3661
,外社里,50,230,848,"1,128",16,"1,144",0,"1,144",315,"1,459",78.4099
,坑子里,49,255,932,"1,236",7,"1,243",0,"1,243",370,"1,613",77.0614
,坑口里,69,490,"1,259","1,818",19,"1,837",0,"1,837",612,"2,449",75.0102
,海湖里,113,786,"1,194","2,093",23,"2,116",0,"2,116",744,"2,860",73.9860
,濱海里,65,612,"1,010","1,687",20,"1,707",0,"1,707",737,"2,444",69.8445
　大園區,,"2,594","18,096","33,375","54,065",592,"54,657",2,"54,659","19,249","73,908",73.9528
,大園里,210,"1,466","2,638","4,314",37,"4,351",0,"4,351","1,589","5,940",73.2492
,田心里,255,"1,513","3,098","4,866",52,"4,918",0,"4,918","1,614","6,532",75.2909
,溪海里,131,"1,028","2,048","3,207",48,"3,255",0,"3,255","1,295","4,550",71.5385
,和平里,56,291,826,"1,173",12,"1,185",0,"1,185",377,"1,562",75.8643
,橫峰里,412,"2,859","4,587","7,858",78,"7,936",0,"7,936","2,693","10,629",74.6637
,五權里,134,"1,031","2,489","3,654",34,"3,688",0,"3,688","1,179","4,867",75.7756
,埔心里,175,"1,399","2,708","4,282",38,"4,320",0,"4,320","1,477","5,797",74.5213
,大海里,61,518,605,"1,184",15,"1,199",0,"1,199",401,"1,600",74.9375
,三石里,103,665,"1,392","2,160",27,"2,187",0,"2,187",631,"2,818",77.6082
,?林里,218,"1,694","3,011","4,923",62,"4,985",2,"4,987","1,863","6,850",72.7737
,竹圍里,104,820,"1,417","2,341",35,"2,376",0,"2,376",807,"3,183",74.6466
,海口里,69,494,743,"1,306",20,"1,326",0,"1,326",476,"1,802",73.5849
,沙崙里,81,685,"1,119","1,885",23,"1,908",0,"1,908",745,"2,653",71.9186
,後厝里,110,614,"1,139","1,863",19,"1,882",0,"1,882",607,"2,489",75.6127
,圳頭里,83,593,"1,201","1,877",26,"1,903",0,"1,903",618,"2,521",75.4859
,內海里,77,529,995,"1,601",15,"1,616",0,"1,616",497,"2,113",76.4789
,北港里,103,566,"1,263","1,932",15,"1,947",0,"1,947",800,"2,747",70.8773
,南港里,212,"1,331","2,096","3,639",36,"3,675",0,"3,675","1,580","5,255",69.9334
　龜山區,,"4,810","35,968","54,130","94,908","1,062","95,970",11,"95,981","34,981","130,962",73.2808
,大同里,195,"1,530","2,349","4,074",54,"4,128",1,"4,129","1,496","5,625",73.3867
,大坑里,72,425,893,"1,390",23,"1,413",0,"1,413",470,"1,883",75.0398
,大崗里,122,"1,038","1,682","2,842",47,"2,889",0,"2,889","1,111","4,000",72.2250
,大湖里,204,"1,407","2,106","3,717",35,"3,752",0,"3,752","1,410","5,162",72.6850
,大華里,335,"2,227","3,763","6,325",73,"6,398",0,"6,398","2,186","8,584",74.5340
,山頂里,177,"1,438","2,031","3,646",37,"3,683",0,"3,683","1,624","5,307",69.3989
,山福里,127,852,"1,398","2,377",19,"2,396",0,"2,396",854,"3,250",73.7231
,山德里,186,"1,240","2,103","3,529",32,"3,561",0,"3,561","1,229","4,790",74.3424
,中興里,163,"1,287","1,841","3,291",40,"3,331",10,"3,341","1,244","4,585",72.6499
,公西里,34,342,511,887,6,893,0,893,251,"1,144",78.0594
,文化里,242,"1,674","2,748","4,664",57,"4,721",0,"4,721","1,598","6,319",74.7112
,文青里,307,"1,988","2,780","5,075",64,"5,139",0,"5,139","1,777","6,916",74.3060
,兔坑里,148,"1,076","1,764","2,988",30,"3,018",0,"3,018","1,276","4,294",70.2841
,幸福里,197,"1,343","1,857","3,397",41,"3,438",0,"3,438","1,678","5,116",67.2009
,長庚里,178,752,"1,897","2,827",28,"2,855",0,"2,855",746,"3,601",79.2835
,南上里,76,432,883,"1,391",20,"1,411",0,"1,411",416,"1,827",77.2304
,南美里,87,592,972,"1,651",29,"1,680",0,"1,680",551,"2,231",75.3026
,迴龍里,213,"1,497","2,498","4,208",36,"4,244",0,"4,244","1,574","5,818",72.9460
,陸光里,91,"2,084",524,"2,699",27,"2,726",0,"2,726",788,"3,514",77.5754
,新路里,181,"1,487","2,295","3,963",43,"4,006",0,"4,006","1,227","5,233",76.5526
,新興里,79,817,702,"1,598",18,"1,616",0,"1,616","1,285","2,901",55.7049
,新嶺里,135,969,"1,581","2,685",21,"2,706",0,"2,706","1,124","3,830",70.6527
,楓福里,120,850,"1,296","2,266",23,"2,289",0,"2,289",652,"2,941",77.8307
,楓樹里,135,911,"1,690","2,736",27,"2,763",0,"2,763",858,"3,621",76.3049
,福源里,58,606,753,"1,417",8,"1,425",0,"1,425",545,"1,970",72.3350
,精忠里,207,"1,876","1,680","3,763",42,"3,805",0,"3,805","1,218","5,023",75.7515
,樂善里,134,839,"1,590","2,563",29,"2,592",0,"2,592",966,"3,558",72.8499
,龍華里,120,815,"1,486","2,421",29,"2,450",0,"2,450",866,"3,316",73.8842
,龍壽里,48,322,874,"1,244",15,"1,259",0,"1,259",461,"1,720",73.1977
,龜山里,248,"1,689","2,753","4,690",64,"4,754",0,"4,754","1,761","6,515",72.9701
,嶺頂里,116,904,"1,673","2,693",30,"2,723",0,"2,723","1,133","3,856",70.6172
,舊路里,75,659,"1,157","1,891",15,"1,906",0,"1,906",606,"2,512",75.8758
　八德區,,"5,630","50,043","64,446","120,119","1,305","121,424",0,"121,424","42,696","164,120",73.9849
,興仁里,234,"2,009","2,713","4,956",56,"5,012",0,"5,012","2,721","7,733",64.8131
,福興里,333,"2,459","3,561","6,353",77,"6,430",0,"6,430","2,633","9,063",70.9478
,瑞豐里,142,"1,177","1,570","2,889",29,"2,918",0,"2,918","1,157","4,075",71.6074
,瑞興里,88,737,"1,152","1,977",24,"2,001",0,"2,001",646,"2,647",75.5950
,瑞泰里,141,"1,164","1,648","2,953",30,"2,983",0,"2,983","1,084","4,067",73.3464
,瑞發里,134,"1,112","1,124","2,370",24,"2,394",0,"2,394",698,"3,092",77.4256
,瑞德里,105,"1,280","1,075","2,460",35,"2,495",0,"2,495",996,"3,491",71.4695
,瑞祥里,100,"1,291",974,"2,365",24,"2,389",0,"2,389",805,"3,194",74.7965
,廣德里,89,751,"1,160","2,000",15,"2,015",0,"2,015",639,"2,654",75.9231
,廣興里,107,847,"1,364","2,318",21,"2,339",0,"2,339",867,"3,206",72.9570
,廣隆里,137,"1,432","1,743","3,312",34,"3,346",0,"3,346","1,031","4,377",76.4451
,竹園里,92,963,"1,363","2,418",26,"2,444",0,"2,444",892,"3,336",73.2614
,霄裡里,64,593,908,"1,565",18,"1,583",0,"1,583",563,"2,146",73.7651
,龍友里,64,"1,063",493,"1,620",19,"1,639",0,"1,639",485,"2,124",77.1657
,茄明里,176,"1,289","1,761","3,226",27,"3,253",0,"3,253","1,271","4,524",71.9054
,茄苳里,102,586,"1,153","1,841",12,"1,853",0,"1,853",610,"2,463",75.2335
,永豐里,83,772,"1,194","2,049",20,"2,069",0,"2,069",663,"2,732",75.7321
,高明里,136,"1,008","1,531","2,675",46,"2,721",0,"2,721","1,068","3,789",71.8131
,高城里,114,890,"1,229","2,233",25,"2,258",0,"2,258",741,"2,999",75.2918
,白鷺里,94,831,"1,312","2,237",26,"2,263",0,"2,263",776,"3,039",74.4653
,大湳里,112,968,"1,684","2,764",35,"2,799",0,"2,799",998,"3,797",73.7161
,大發里,48,503,888,"1,439",7,"1,446",0,"1,446",492,"1,938",74.6130
,大仁里,128,"1,055","1,865","3,048",30,"3,078",0,"3,078",984,"4,062",75.7755
,大明里,134,882,"1,565","2,581",28,"2,609",0,"2,609",899,"3,508",74.3729
,大安里,127,821,"1,543","2,491",32,"2,523",0,"2,523",813,"3,336",75.6295
,大竹里,35,405,703,"1,143",10,"1,153",0,"1,153",316,"1,469",78.4888
,大興里,126,"1,029","1,502","2,657",16,"2,673",0,"2,673",839,"3,512",76.1105
,大愛里,120,791,974,"1,885",36,"1,921",0,"1,921",559,"2,480",77.4597
,大華里,87,811,960,"1,858",14,"1,872",0,"1,872",572,"2,444",76.5957
,大順里,97,732,997,"1,826",20,"1,846",0,"1,846",663,"2,509",73.5751
,大和里,238,"2,417","2,372","5,027",61,"5,088",0,"5,088","1,899","6,987",72.8210
,大昌里,92,916,"1,125","2,133",23,"2,156",0,"2,156",656,"2,812",76.6714
,大信里,101,"1,177","1,132","2,410",33,"2,443",0,"2,443","1,084","3,527",69.2657
,陸光里,137,"2,049",825,"3,011",53,"3,064",0,"3,064","1,149","4,213",72.7273
,大同里,34,416,634,"1,084",6,"1,090",0,"1,090",364,"1,454",74.9656
,大慶里,53,384,575,"1,012",10,"1,022",0,"1,022",357,"1,379",74.1117
,大成里,99,966,"1,376","2,441",24,"2,465",0,"2,465",719,"3,184",77.4183
,大義里,131,"1,196","1,279","2,606",30,"2,636",0,"2,636",947,"3,583",73.5696
,大忠里,54,577,634,"1,265",14,"1,279",0,"1,279",463,"1,742",73.4214
,大智里,140,"1,412","1,417","2,969",35,"3,004",0,"3,004","1,003","4,007",74.9688
,大宏里,132,"1,268","1,562","2,962",26,"2,988",0,"2,988",927,"3,915",76.3218
,大正里,147,"1,107","1,579","2,833",27,"2,860",0,"2,860",958,"3,818",74.9083
,大福里,189,"1,529","2,157","3,875",33,"3,908",0,"3,908","1,064","4,972",78.6002
,大強里,114,758,"1,425","2,297",26,"2,323",0,"2,323",683,"3,006",77.2788
,大勇里,119,"1,134","1,685","2,938",33,"2,971",0,"2,971",905,"3,876",76.6512
,大榮里,74,552,782,"1,408",15,"1,423",0,"1,423",501,"1,924",73.9605
,大千里,80,740,771,"1,591",16,"1,607",0,"1,607",517,"2,124",75.6591
,大漢里,147,"1,194","1,407","2,748",24,"2,772",0,"2,772","1,019","3,791",73.1205
　龍潭區,,"3,468","34,250","35,605","73,323",774,"74,097",1,"74,098","25,662","99,760",74.2753
,黃唐里,167,"1,426","1,665","3,258",29,"3,287",0,"3,287","1,168","4,455",73.7823
,永興里,109,861,"1,013","1,983",17,"2,000",0,"2,000",734,"2,734",73.1529
,中山里,193,"1,787","2,001","3,981",49,"4,030",0,"4,030","1,518","5,548",72.6388
,烏樹林里,97,698,"1,028","1,823",29,"1,852",0,"1,852",605,"2,457",75.3765
,烏林里,129,"1,274","1,383","2,786",41,"2,827",0,"2,827","1,162","3,989",70.8699
,百年里,156,"1,796","1,141","3,093",25,"3,118",0,"3,118",933,"4,051",76.9686
,凌雲里,110,"1,133","1,302","2,545",29,"2,574",0,"2,574","1,043","3,617",71.1639
,龍祥里,109,"1,164","1,196","2,469",25,"2,494",0,"2,494",976,"3,470",71.8732
,八德里,145,"1,224","1,593","2,962",32,"2,994",0,"2,994","1,073","4,067",73.6169
,聖德里,86,800,"1,224","2,110",20,"2,130",0,"2,130",815,"2,945",72.3260
,上林里,152,"1,262","1,703","3,117",36,"3,153",0,"3,153","1,076","4,229",74.5566
,龍潭里,56,601,784,"1,441",21,"1,462",0,"1,462",384,"1,846",79.1983
,龍星里,140,"1,381","1,493","3,014",37,"3,051",1,"3,052",887,"3,939",77.4562
,中正里,193,"1,887","1,824","3,904",45,"3,949",0,"3,949","1,226","5,175",76.3092
,上華里,113,"1,205","1,041","2,359",12,"2,371",0,"2,371",756,"3,127",75.8235
,九龍里,114,"1,250","1,185","2,549",31,"2,580",0,"2,580",966,"3,546",72.7580
,武漢里,51,547,469,"1,067",9,"1,076",0,"1,076",353,"1,429",75.2974
,祥和里,63,398,543,"1,004",9,"1,013",0,"1,013",424,"1,437",70.4941
,東興里,135,"1,554","1,088","2,777",28,"2,805",0,"2,805","1,067","3,872",72.4432
,中興里,149,"1,486","1,333","2,968",33,"3,001",0,"3,001","1,128","4,129",72.6810
,北興里,93,817,654,"1,564",17,"1,581",0,"1,581",706,"2,287",69.1299
,佳安里,117,"1,368","1,085","2,570",20,"2,590",0,"2,590",776,"3,366",76.9459
,三坑里,34,380,648,"1,062",4,"1,066",0,"1,066",399,"1,465",72.7645
,大平里,61,689,835,"1,585",12,"1,597",0,"1,597",604,"2,201",72.5579
,三林里,104,"1,171","1,040","2,315",24,"2,339",0,"2,339",615,"2,954",79.1808
,建林里,117,"1,621","1,070","2,808",25,"2,833",0,"2,833",769,"3,602",78.6507
,富林里,125,"1,358","1,014","2,497",28,"2,525",0,"2,525",832,"3,357",75.2160
,高平里,110,879,"1,289","2,278",26,"2,304",0,"2,304",828,"3,132",73.5632
,高原里,149,"1,260","1,699","3,108",28,"3,136",0,"3,136","1,178","4,314",72.6936
,三和里,75,843,913,"1,831",25,"1,856",0,"1,856",507,"2,363",78.5442
,三水里,16,130,349,495,8,503,0,503,154,657,76.5601
　平鎮區,,"6,637","57,200","71,172","135,009","1,486","136,495",4,"136,499","44,110","180,609",75.5749
,平鎮里,155,"1,202","1,771","3,128",31,"3,159",0,"3,159","1,173","4,332",72.9224
,鎮興里,104,766,"1,271","2,141",23,"2,164",0,"2,164",771,"2,935",73.7308
,南勢里,217,"1,707","2,257","4,181",37,"4,218",0,"4,218","1,390","5,608",75.2140
,金星里,247,"1,774","2,424","4,445",48,"4,493",0,"4,493","1,682","6,175",72.7611
,平安里,182,"1,406","2,040","3,628",45,"3,673",0,"3,673","1,215","4,888",75.1432
,平南里,262,"1,920","2,494","4,676",41,"4,717",0,"4,717","1,576","6,293",74.9563
,山峰里,97,821,800,"1,718",20,"1,738",0,"1,738",567,"2,305",75.4013
,福林里,115,959,"1,344","2,418",23,"2,441",0,"2,441",719,"3,160",77.2468
,湧光里,184,"1,723","1,916","3,823",39,"3,862",0,"3,862","1,238","5,100",75.7255
,莊敬里,151,"1,732","1,386","3,269",46,"3,315",0,"3,315","1,037","4,352",76.1719
,湧豐里,51,577,664,"1,292",12,"1,304",0,"1,304",444,"1,748",74.5995
,湧安里,152,"1,347","1,573","3,072",27,"3,099",0,"3,099","1,136","4,235",73.1759
,宋屋里,168,"1,190","1,625","2,983",25,"3,008",0,"3,008","1,002","4,010",75.0125
,平興里,219,"1,635","2,033","3,887",38,"3,925",0,"3,925","1,273","5,198",75.5098
,廣興里,181,"1,721","2,291","4,193",41,"4,234",0,"4,234","1,108","5,342",79.2587
,廣達里,103,999,"1,689","2,791",37,"2,828",0,"2,828",875,"3,703",76.3705
,廣仁里,167,"1,219","1,604","2,990",26,"3,016",0,"3,016","1,151","4,167",72.3782
,復旦里,199,"1,625","2,149","3,973",31,"4,004",0,"4,004","1,169","5,173",77.4019
,復興里,206,"1,374","2,145","3,725",42,"3,767",4,"3,771",985,"4,756",79.2052
,義民里,199,"1,529","1,952","3,680",39,"3,719",0,"3,719","1,248","4,967",74.8742
,義興里,245,"1,910","2,799","4,954",61,"5,015",0,"5,015","1,512","6,527",76.8347
,雙連里,163,"1,434","1,825","3,422",34,"3,456",0,"3,456","1,175","4,631",74.6275
,高雙里,136,"1,124","1,886","3,146",30,"3,176",0,"3,176",899,"4,075",77.9387
,北勢里,76,753,"1,054","1,883",25,"1,908",0,"1,908",495,"2,403",79.4007
,北華里,118,"1,253","1,463","2,834",38,"2,872",0,"2,872",805,"3,677",78.1072
,新勢里,131,"1,057","1,503","2,691",42,"2,733",0,"2,733",833,"3,566",76.6405
,北安里,56,434,684,"1,174",7,"1,181",0,"1,181",347,"1,528",77.2906
,新榮里,208,"1,544","2,167","3,919",41,"3,960",0,"3,960","1,061","5,021",78.8688
,新富里,188,"1,813","2,055","4,056",52,"4,108",0,"4,108","2,267","6,375",64.4392
,新英里,150,"1,243","1,313","2,706",36,"2,742",0,"2,742",868,"3,610",75.9557
,新貴里,106,857,"1,335","2,298",32,"2,330",0,"2,330",679,"3,009",77.4344
,北興里,112,"1,130","1,689","2,931",48,"2,979",0,"2,979",845,"3,824",77.9027
,金陵里,116,885,"1,135","2,136",30,"2,166",0,"2,166",591,"2,757",78.5637
,北貴里,138,"1,156","1,711","3,005",33,"3,038",0,"3,038",904,"3,942",77.0675
,北富里,142,"1,076","1,660","2,878",36,"2,914",0,"2,914",827,"3,741",77.8936
,建安里,153,"1,235","1,731","3,119",23,"3,142",0,"3,142",955,"4,097",76.6903
,華安里,148,"1,544","1,257","2,949",38,"2,987",0,"2,987","1,087","4,074",73.3186
,東安里,97,"1,022",881,"2,000",32,"2,032",0,"2,032",698,"2,730",74.4322
,新安里,162,"1,460","1,511","3,133",27,"3,160",0,"3,160","1,091","4,251",74.3355
,東勢里,172,"1,508","2,217","3,897",37,"3,934",0,"3,934","1,309","5,243",75.0334
,龍恩里,102,"1,058",835,"1,995",26,"2,021",0,"2,021",695,"2,716",74.4109
,東社里,105,"1,253","1,055","2,413",24,"2,437",0,"2,437",796,"3,233",75.3789
,忠貞里,45,531,318,894,10,904,0,904,264,"1,168",77.3973
,貿易里,83,846,561,"1,490",14,"1,504",0,"1,504",375,"1,879",80.0426
,龍興里,82,"1,110",684,"1,876",21,"1,897",0,"1,897",597,"2,494",76.0626
,中正里,44,738,415,"1,197",18,"1,215",0,"1,215",376,"1,591",76.3671
　新屋區,,"1,392","10,891","18,437","30,720",339,"31,059",0,"31,059","9,466","40,525",76.6416
,新屋里,102,834,"1,152","2,088",25,"2,113",0,"2,113",665,"2,778",76.0619
,新生里,148,"1,170","1,678","2,996",28,"3,024",0,"3,024",808,"3,832",78.9144
,後湖里,55,393,704,"1,152",16,"1,168",0,"1,168",330,"1,498",77.9706
,清華里,128,"1,116","1,671","2,915",30,"2,945",0,"2,945",924,"3,869",76.1179
,石磊里,60,515,933,"1,508",14,"1,522",0,"1,522",467,"1,989",76.5209
,東明里,39,409,644,"1,092",17,"1,109",0,"1,109",305,"1,414",78.4300
,社子里,39,306,699,"1,044",6,"1,050",0,"1,050",288,"1,338",78.4753
,埔頂里,106,657,"1,075","1,838",17,"1,855",0,"1,855",582,"2,437",76.1182
,九斗里,77,550,"1,054","1,681",18,"1,699",0,"1,699",530,"2,229",76.2225
,頭洲里,141,"1,076","1,839","3,056",34,"3,090",0,"3,090","1,017","4,107",75.2374
,大坡里,39,290,620,949,8,957,0,957,301,"1,258",76.0731
,望間里,35,299,698,"1,032",7,"1,039",0,"1,039",316,"1,355",76.6790
,後庄里,42,347,427,816,11,827,0,827,244,"1,071",77.2176
,蚵間里,38,191,428,657,6,663,0,663,226,889,74.5782
,深圳里,20,170,283,473,6,479,0,479,156,635,75.4331
,?榔里,27,234,484,745,10,755,0,755,278,"1,033",73.0881
,笨港里,34,293,468,795,13,808,0,808,215,"1,023",78.9834
,永安里,71,582,"1,010","1,663",19,"1,682",0,"1,682",519,"2,201",76.4198
,永興里,40,213,480,733,7,740,0,740,251,991,74.6720
,下埔里,22,195,344,561,6,567,0,567,136,703,80.6543
,石牌里,32,240,427,699,19,718,0,718,184,902,79.6009
,下田里,52,451,741,"1,244",12,"1,256",0,"1,256",419,"1,675",74.9851
,赤欄里,45,360,578,983,10,993,0,993,305,"1,298",76.5023
　觀音區,,"1,913","12,106","25,336","39,355",420,"39,775",0,"39,775","14,398","54,173",73.4222
,觀音里,82,642,"1,106","1,830",20,"1,850",0,"1,850",774,"2,624",70.5030
,白玉里,40,275,384,699,9,708,0,708,201,909,77.8878
,廣興里,43,348,564,955,10,965,0,965,334,"1,299",74.2879
,大潭里,74,401,770,"1,245",12,"1,257",0,"1,257",468,"1,725",72.8696
,保生里,57,510,946,"1,513",13,"1,526",0,"1,526",550,"2,076",73.5067
,武威里,25,197,424,646,6,652,0,652,213,865,75.3757
,三和里,28,183,413,624,8,632,0,632,189,821,76.9793
,新興里,21,179,340,540,4,544,0,544,153,697,78.0488
,坑尾里,48,376,686,"1,110",14,"1,124",0,"1,124",502,"1,626",69.1267
,金湖里,97,563,"1,182","1,842",20,"1,862",0,"1,862",687,"2,549",73.0483
,藍埔里,103,506,"1,200","1,809",22,"1,831",0,"1,831",626,"2,457",74.5218
,大同里,82,605,"1,516","2,203",12,"2,215",0,"2,215",757,"2,972",74.5289
,大堀里,57,271,716,"1,044",10,"1,054",0,"1,054",374,"1,428",73.8095
,崙坪里,164,965,"2,343","3,472",37,"3,509",0,"3,509","1,102","4,611",76.1006
,富源里,129,965,"1,631","2,725",37,"2,762",0,"2,762",900,"3,662",75.4233
,上大里,88,579,"1,101","1,768",19,"1,787",0,"1,787",553,"2,340",76.3675
,新坡里,91,590,"1,467","2,148",17,"2,165",0,"2,165",730,"2,895",74.7841
,廣福里,104,455,"1,269","1,828",16,"1,844",0,"1,844",570,"2,414",76.3877
,塔腳里,46,215,495,756,7,763,0,763,272,"1,035",73.7198
,保障里,64,361,973,"1,398",23,"1,421",0,"1,421",470,"1,891",75.1454
,草漯里,70,443,"1,079","1,592",13,"1,605",0,"1,605",631,"2,236",71.7800
,草新里,209,"1,244","2,349","3,802",42,"3,844",0,"3,844","1,453","5,297",72.5694
,樹林里,127,849,"1,512","2,488",40,"2,528",0,"2,528","1,391","3,919",64.5063
,富林里,64,384,870,"1,318",9,"1,327",0,"1,327",498,"1,825",72.7123
　復興區,,233,"4,043","2,038","6,314",54,"6,368",0,"6,368","3,226","9,594",66.3748
,三民里,53,666,646,"1,365",20,"1,385",0,"1,385",598,"1,983",69.8437
,澤仁里,39,588,286,913,9,922,0,922,446,"1,368",67.3977
,霞雲里,17,272,94,383,1,384,0,384,188,572,67.1329
,義盛里,14,375,88,477,4,481,0,481,222,703,68.4211
,羅浮里,29,423,221,673,5,678,0,678,318,996,68.0723
,長興里,11,256,126,393,4,397,0,397,259,656,60.5183
,奎輝里,14,377,104,495,5,500,0,500,238,738,67.7507
,高義里,18,292,115,425,2,427,0,427,278,705,60.5674
,三光里,16,333,95,444,3,447,0,447,229,676,66.1243
,華陵里,22,461,263,746,1,747,0,747,450,"1,197",62.4060
