第15任總統副總統選舉候選人在臺北市各村(里)得票數一覽表,,,,,,,,,,,,
行政區別,村里別,各組候選人得票情形,,,"有效票數A
A=1+2+...+N",無效票數B,"投票數C
C=A+B","已領未投票數
D
D=E-C","發出票數E
E=C+D",用餘票數F,"選舉人數G
G=E+F","投票率H
H=C÷G"
,,"(1)
宋楚瑜
余湘","(2)
韓國瑜
張善政","(3)
蔡英文
賴清德",,,,,,,,
,,,,,,,,,,,,
,,,,,,,,,,,,
總　計,,"70,769","685,830","875,854","1,632,453","21,381","1,653,834",143,"1,653,977","513,287","2,167,264",76.3098
　松山區,,"5,436","55,918","64,207","125,561","1,762","127,323",2,"127,325","37,329","164,654",77.3276
,莊敬里,173,"1,555","1,718","3,446",62,"3,508",0,"3,508","1,022","4,530",77.4393
,東榮里,174,"2,173","2,660","5,007",73,"5,080",0,"5,080","1,409","6,489",78.2863
,三民里,192,"2,010","2,175","4,377",65,"4,442",0,"4,442","1,321","5,763",77.0779
,新益里,133,"1,257","1,686","3,076",45,"3,121",0,"3,121",797,"3,918",79.6580
,富錦里,147,"1,541","1,654","3,342",53,"3,395",0,"3,395",952,"4,347",78.0998
,新東里,138,"1,431","1,706","3,275",50,"3,325",0,"3,325",859,"4,184",79.4694
,富泰里,130,"1,490","1,390","3,010",45,"3,055",0,"3,055",864,"3,919",77.9536
,介壽里,105,"1,167","1,492","2,764",39,"2,803",0,"2,803",781,"3,584",78.2087
,精忠里,99,"1,238","1,393","2,730",35,"2,765",1,"2,766",838,"3,604",76.7203
,東光里,202,"2,156","2,330","4,688",53,"4,741",0,"4,741","1,345","6,086",77.9001
,龍田里,308,"3,566","2,599","6,473",116,"6,589",0,"6,589","1,735","8,324",79.1567
,東昌里,79,641,972,"1,692",15,"1,707",0,"1,707",465,"2,172",78.5912
,東勢里,113,"1,131","1,468","2,712",40,"2,752",0,"2,752",823,"3,575",76.9790
,中華里,174,"1,836","1,993","4,003",57,"4,060",0,"4,060","1,135","5,195",78.1521
,民有里,223,"2,266","3,193","5,682",89,"5,771",0,"5,771","1,664","7,435",77.6194
,民福里,185,"2,075","1,982","4,242",66,"4,308",0,"4,308","1,244","5,552",77.5937
,松基里,97,962,"1,297","2,356",39,"2,395",0,"2,395",707,"3,102",77.2083
,安平里,237,"2,187","3,142","5,566",78,"5,644",0,"5,644","1,609","7,253",77.8161
,鵬程里,152,"1,823","1,638","3,613",58,"3,671",0,"3,671",987,"4,658",78.8106
,自強里,290,"3,980","2,178","6,448",82,"6,530",0,"6,530","1,812","8,342",78.2786
,慈祐里,238,"1,650","2,691","4,579",57,"4,636",0,"4,636","2,435","7,071",65.5636
,吉祥里,235,"2,433","2,789","5,457",55,"5,512",0,"5,512","1,646","7,158",77.0047
,新聚里,216,"2,103","2,878","5,197",53,"5,250",0,"5,250","1,551","6,801",77.1945
,復盛里,183,"1,909","2,045","4,137",53,"4,190",0,"4,190","1,216","5,406",77.5065
,中正里,258,"2,252","3,239","5,749",84,"5,833",1,"5,834","1,717","7,551",77.2480
,中崙里,105,"1,037","1,352","2,494",32,"2,526",0,"2,526",734,"3,260",77.4847
,美仁里,87,882,"1,281","2,250",23,"2,273",0,"2,273",581,"2,854",79.6426
,吉仁里,114,"1,026","1,308","2,448",33,"2,481",0,"2,481",778,"3,259",76.1276
,敦化里,177,"1,759","2,412","4,348",54,"4,402",0,"4,402","1,209","5,611",78.4530
,復源里,74,930,"1,023","2,027",24,"2,051",0,"2,051",568,"2,619",78.3123
,復建里,133,"1,247","1,391","2,771",51,"2,822",0,"2,822",833,"3,655",77.2093
,復勢里,187,"1,561","2,264","4,012",48,"4,060",0,"4,060","1,171","5,231",77.6142
,福成里,78,644,868,"1,590",35,"1,625",0,"1,625",521,"2,146",75.7223
　信義區,,"5,878","62,353","70,285","138,516","1,764","140,280",35,"140,315","44,189","184,504",76.0309
,西村里,116,"1,869","1,122","3,107",38,"3,145",0,"3,145","1,882","5,027",62.5622
,正和里,126,"1,482","1,309","2,917",41,"2,958",0,"2,958",897,"3,855",76.7315
,興隆里,68,842,726,"1,636",16,"1,652",1,"1,653",649,"2,302",71.7637
,中興里,86,971,"1,066","2,123",20,"2,143",0,"2,143",854,"2,997",71.5048
,新仁里,80,"1,049",951,"2,080",28,"2,108",0,"2,108",670,"2,778",75.8819
,興雅里,189,"1,633","1,857","3,679",45,"3,724",1,"3,725","1,162","4,887",76.2022
,敦厚里,147,"1,451","1,708","3,306",56,"3,362",0,"3,362","1,076","4,438",75.7548
,廣居里,198,"2,230","2,408","4,836",64,"4,900",0,"4,900","1,521","6,421",76.3121
,安康里,276,"2,890","3,174","6,340",82,"6,422",0,"6,422","2,033","8,455",75.9551
,六藝里,100,892,"1,371","2,363",32,"2,395",0,"2,395",701,"3,096",77.3579
,雅祥里,136,"1,335","1,809","3,280",42,"3,322",0,"3,322",975,"4,297",77.3098
,五常里,85,"1,015","1,265","2,365",28,"2,393",0,"2,393",744,"3,137",76.2831
,五全里,127,"1,232","1,901","3,260",38,"3,298",0,"3,298",921,"4,219",78.1702
,永吉里,73,805,"1,697","2,575",30,"2,605",1,"2,606",796,"3,402",76.5726
,長春里,112,"1,124","1,602","2,838",33,"2,871",2,"2,873",883,"3,756",76.4377
,四育里,153,"1,421","2,164","3,738",33,"3,771",0,"3,771","1,020","4,791",78.7101
,四維里,167,"1,542","1,811","3,520",45,"3,565",0,"3,565","1,073","4,638",76.8650
,永春里,141,"1,242","1,856","3,239",41,"3,280",0,"3,280",985,"4,265",76.9050
,富台里,119,"1,488","1,176","2,783",41,"2,824",0,"2,824",874,"3,698",76.3656
,國業里,205,"2,082","2,358","4,645",70,"4,715",1,"4,716","1,484","6,200",76.0484
,松隆里,56,594,743,"1,393",10,"1,403",0,"1,403",533,"1,936",72.4690
,松友里,187,"1,883","2,139","4,209",45,"4,254",1,"4,255","1,310","5,565",76.4420
,松光里,132,"1,319","1,771","3,222",43,"3,265",0,"3,265","1,026","4,291",76.0895
,中坡里,121,"1,210","1,588","2,919",46,"2,965",0,"2,965",848,"3,813",77.7603
,中行里,227,"2,040","2,955","5,222",57,"5,279",1,"5,280","1,521","6,801",77.6209
,大道里,176,"1,610","2,254","4,040",67,"4,107",26,"4,133","1,141","5,274",77.8726
,大仁里,116,"1,124","1,414","2,654",30,"2,684",0,"2,684",825,"3,509",76.4890
,景新里,121,"1,622","1,489","3,232",40,"3,272",0,"3,272","1,062","4,334",75.4961
,惠安里,183,"2,174","2,035","4,392",38,"4,430",0,"4,430","1,275","5,705",77.6512
,三張里,232,"2,803","2,723","5,758",71,"5,829",0,"5,829","1,814","7,643",76.2659
,三犁里,154,"1,630","1,608","3,392",45,"3,437",0,"3,437","1,093","4,530",75.8720
,六合里,169,"2,251","1,967","4,387",49,"4,436",0,"4,436","1,466","5,902",75.1610
,泰和里,210,"2,256","2,485","4,951",73,"5,024",0,"5,024","1,704","6,728",74.6730
,景聯里,173,"1,371","1,563","3,107",46,"3,153",0,"3,153",850,"4,003",78.7659
,景勤里,91,"1,247","1,216","2,554",32,"2,586",0,"2,586",822,"3,408",75.8803
,雙和里,217,"2,217","2,245","4,679",57,"4,736",0,"4,736","1,333","6,069",78.0359
,嘉興里,98,914,"1,097","2,109",21,"2,130",0,"2,130",653,"2,783",76.5361
,黎順里,99,"1,209","1,291","2,599",33,"2,632",1,"2,633",927,"3,560",73.9326
,黎平里,210,"2,121","2,307","4,638",55,"4,693",0,"4,693","1,334","6,027",77.8663
,黎忠里,145,"1,431","1,548","3,124",56,"3,180",0,"3,180",979,"4,159",76.4607
,黎安里,57,732,516,"1,305",27,"1,332",0,"1,332",473,"1,805",73.7950
　大安區,,"7,534","85,490","88,977","182,001","2,501","184,502",22,"184,524","62,035","246,559",74.8308
,德安里,128,"1,788","1,540","3,456",37,"3,493",0,"3,493","1,280","4,773",73.1825
,仁慈里,129,"1,396","1,762","3,287",43,"3,330",0,"3,330",995,"4,325",76.9942
,和安里,191,"1,975","1,971","4,137",65,"4,202",1,"4,203","1,337","5,540",75.8484
,民炤里,196,"2,106","2,561","4,863",73,"4,936",0,"4,936","1,731","6,667",74.0363
,仁愛里,96,"1,437","1,446","2,979",34,"3,013",0,"3,013","1,349","4,362",69.0738
,義村里,158,"2,032","1,472","3,662",45,"3,707",0,"3,707","1,184","4,891",75.7923
,民輝里,146,"1,868","2,204","4,218",68,"4,286",0,"4,286","1,494","5,780",74.1522
,昌隆里,74,873,"1,085","2,032",34,"2,066",0,"2,066",723,"2,789",74.0767
,誠安里,104,"1,121","1,291","2,516",39,"2,555",0,"2,555","1,017","3,572",71.5286
,光武里,179,"2,076","2,230","4,485",82,"4,567",0,"4,567","1,727","6,294",72.5612
,龍坡里,167,"1,658","1,691","3,516",54,"3,570",1,"3,571","1,128","4,699",75.9736
,龍泉里,133,"1,307","1,603","3,043",30,"3,073",2,"3,075",965,"4,040",76.0644
,古風里,116,"1,178","1,399","2,693",41,"2,734",1,"2,735",828,"3,563",76.7331
,古莊里,196,"2,008","2,351","4,555",57,"4,612",0,"4,612","1,482","6,094",75.6810
,龍安里,157,"1,789","2,092","4,038",59,"4,097",1,"4,098","2,497","6,595",62.1228
,錦安里,145,"1,650","1,753","3,548",53,"3,601",2,"3,603","1,170","4,773",75.4452
,福住里,167,"1,587","1,975","3,729",71,"3,800",0,"3,800","1,254","5,054",75.1880
,永康里,115,"1,060","1,082","2,257",32,"2,289",0,"2,289",732,"3,021",75.7696
,光明里,86,939,"1,158","2,183",31,"2,214",0,"2,214",702,"2,916",75.9259
,錦泰里,80,"1,106","1,067","2,253",22,"2,275",0,"2,275",671,"2,946",77.2234
,錦華里,155,"1,600","1,807","3,562",52,"3,614",0,"3,614",971,"4,585",78.8222
,龍圖里,165,"2,072","1,993","4,230",58,"4,288",0,"4,288","1,466","5,754",74.5221
,新龍里,194,"2,423","1,691","4,308",63,"4,371",0,"4,371","1,197","5,568",78.5022
,龍陣里,79,"1,069","1,070","2,218",31,"2,249",0,"2,249",735,"2,984",75.3686
,龍雲里,119,"1,373","1,551","3,043",32,"3,075",0,"3,075","1,012","4,087",75.2386
,龍生里,183,"1,954","1,946","4,083",59,"4,142",5,"4,147","1,243","5,390",76.8460
,住安里,115,"1,529","1,469","3,113",54,"3,167",0,"3,167","1,232","4,399",71.9936
,義安里,145,"1,640","1,547","3,332",37,"3,369",0,"3,369","1,197","4,566",73.7845
,通化里,185,"1,563","2,209","3,957",52,"4,009",0,"4,009","1,326","5,335",75.1453
,通安里,148,"1,585","1,743","3,476",47,"3,523",0,"3,523","1,116","4,639",75.9431
,臨江里,126,"1,199","1,343","2,668",32,"2,700",3,"2,703",860,"3,563",75.7788
,法治里,109,"1,418","1,285","2,812",45,"2,857",0,"2,857",962,"3,819",74.8102
,全安里,100,"1,330","1,276","2,706",36,"2,742",0,"2,742",994,"3,736",73.3940
,群賢里,159,"1,861","1,696","3,716",57,"3,773",0,"3,773","1,247","5,020",75.1594
,群英里,220,"2,769","1,568","4,557",65,"4,622",0,"4,622","1,308","5,930",77.9427
,虎嘯里,122,"1,147","1,158","2,427",43,"2,470",1,"2,471",790,"3,261",75.7436
,臥龍里,60,640,620,"1,320",15,"1,335",0,"1,335",408,"1,743",76.5921
,龍淵里,232,"2,550","2,951","5,733",90,"5,823",0,"5,823","1,656","7,479",77.8580
,龍門里,101,"1,226","1,350","2,677",19,"2,696",0,"2,696",851,"3,547",76.0079
,大學里,236,"2,488","2,688","5,412",73,"5,485",1,"5,486","1,650","7,136",76.8638
,芳和里,140,"1,754","1,796","3,690",44,"3,734",0,"3,734","1,207","4,941",75.5717
,黎元里,139,"1,557","1,844","3,540",44,"3,584",0,"3,584","1,100","4,684",76.5158
,黎孝里,235,"2,307","2,562","5,104",76,"5,180",0,"5,180","1,440","6,620",78.2477
,黎和里,119,"1,575","1,451","3,145",29,"3,174",2,"3,176",954,"4,130",76.8523
,建安里,124,"1,398","1,410","2,932",32,"2,964",0,"2,964","1,160","4,124",71.8720
,建倫里,132,"1,733","1,785","3,650",48,"3,698",0,"3,698","1,471","5,169",71.5419
,敦安里,146,"1,694","1,942","3,782",36,"3,818",2,"3,820","1,366","5,186",73.6213
,正聲里,125,"1,394","1,330","2,849",48,"2,897",0,"2,897","1,106","4,003",72.3707
,敦煌里,157,"1,629","1,895","3,681",48,"3,729",0,"3,729","1,256","4,985",74.8044
,華聲里,102,"1,240","1,255","2,597",42,"2,639",0,"2,639",944,"3,583",73.6534
,車層里,140,"1,797","1,944","3,881",39,"3,920",0,"3,920","1,394","5,314",73.7674
,光信里,196,"2,175","2,345","4,716",64,"4,780",0,"4,780","1,559","6,339",75.4062
,學府里,63,847,724,"1,634",21,"1,655",0,"1,655",591,"2,246",73.6866
　中山區,,"6,367","56,491","79,022","141,880","1,922","143,802",2,"143,804","46,386","190,190",75.6097
,正守里,108,826,"1,164","2,098",45,"2,143",0,"2,143",689,"2,832",75.6709
,正義里,156,"1,396","1,715","3,267",41,"3,308",0,"3,308","1,317","4,625",71.5243
,正得里,79,997,"1,251","2,327",34,"2,361",0,"2,361",888,"3,249",72.6685
,民安里,120,"1,072","1,735","2,927",40,"2,967",0,"2,967",927,"3,894",76.1941
,康樂里,67,766,824,"1,657",18,"1,675",0,"1,675",643,"2,318",72.2606
,中山里,210,"1,692","2,411","4,313",55,"4,368",0,"4,368","1,648","6,016",72.6064
,聚盛里,125,"1,185","1,327","2,637",41,"2,678",0,"2,678","1,034","3,712",72.1444
,集英里,217,"1,506","2,780","4,503",40,"4,543",0,"4,543","1,476","6,019",75.4777
,聚葉里,116,979,"1,448","2,543",35,"2,578",0,"2,578",940,"3,518",73.2803
,恆安里,128,"1,274","1,647","3,049",38,"3,087",0,"3,087","1,189","4,276",72.1936
,晴光里,144,"1,479","1,826","3,449",47,"3,496",0,"3,496","1,360","4,856",71.9934
,圓山里,149,"1,026","1,549","2,724",34,"2,758",0,"2,758",912,"3,670",75.1499
,新庄里,131,"1,224","1,944","3,299",43,"3,342",0,"3,342",968,"4,310",77.5406
,劍潭里,105,"1,611",648,"2,364",36,"2,400",0,"2,400",734,"3,134",76.5795
,大直里,261,"2,614","2,960","5,835",78,"5,913",0,"5,913","1,637","7,550",78.3179
,成功里,181,"1,656","2,203","4,040",57,"4,097",0,"4,097","1,229","5,326",76.9245
,永安里,232,"2,428","3,178","5,838",110,"5,948",0,"5,948","1,807","7,755",76.6989
,金泰里,263,"2,034","2,384","4,681",66,"4,747",0,"4,747","1,433","6,180",76.8123
,北安里,60,842,827,"1,729",25,"1,754",0,"1,754",468,"2,222",78.9379
,新喜里,177,"1,155","2,084","3,416",44,"3,460",0,"3,460","1,045","4,505",76.8036
,新福里,134,"1,104","2,123","3,361",42,"3,403",0,"3,403","1,016","4,419",77.0084
,松江里,186,"1,522","2,431","4,139",47,"4,186",0,"4,186","1,199","5,385",77.7344
,新生里,117,"1,193","1,903","3,213",45,"3,258",1,"3,259",983,"4,242",76.8034
,中庄里,146,"1,141","1,998","3,285",42,"3,327",0,"3,327","1,116","4,443",74.8818
,大佳里,30,186,453,669,9,678,0,678,214,892,76.0090
,行政里,183,"1,565","2,255","4,003",50,"4,053",0,"4,053","2,650","6,703",60.4655
,行仁里,226,"1,857","3,253","5,336",71,"5,407",0,"5,407","1,558","6,965",77.6310
,行孝里,129,906,"1,653","2,688",25,"2,713",0,"2,713",855,"3,568",76.0370
,下埤里,252,"1,845","2,937","5,034",61,"5,095",0,"5,095","1,418","6,513",78.2282
,江寧里,222,"1,787","2,553","4,562",69,"4,631",0,"4,631","1,311","5,942",77.9367
,江山里,218,"1,854","2,916","4,988",56,"5,044",0,"5,044","1,400","6,444",78.2744
,中吉里,156,"1,243","2,202","3,601",39,"3,640",1,"3,641","1,105","4,746",76.6962
,中原里,138,"1,239","2,032","3,409",47,"3,456",0,"3,456",973,"4,429",78.0312
,興亞里,155,"1,280","2,009","3,444",49,"3,493",0,"3,493","1,115","4,608",75.8030
,中央里,87,932,"1,334","2,353",40,"2,393",0,"2,393",631,"3,024",79.1336
,朱馥里,150,"1,513","2,024","3,687",47,"3,734",0,"3,734","1,227","4,961",75.2671
,龍洲里,152,"1,971","1,300","3,423",46,"3,469",0,"3,469",946,"4,415",78.5730
,朱園里,230,"1,091","1,727","3,048",38,"3,086",0,"3,086",850,"3,936",78.4045
,埤頭里,83,875,"1,181","2,139",30,"2,169",0,"2,169",685,"2,854",75.9986
,朱崙里,78,731,"1,073","1,882",39,"1,921",0,"1,921",584,"2,505",76.6866
,力行里,153,"1,496","2,290","3,939",57,"3,996",0,"3,996","1,240","5,236",76.3178
,復華里,113,"1,398","1,470","2,981",46,"3,027",0,"3,027",966,"3,993",75.8077
　中正區,,"4,188","41,461","48,183","93,832","1,292","95,124",2,"95,126","29,834","124,960",76.1236
,永功里,173,"1,484","2,162","3,819",55,"3,874",0,"3,874","1,192","5,066",76.4706
,永昌里,146,"1,396","1,775","3,317",43,"3,360",0,"3,360",994,"4,354",77.1704
,龍興里,115,945,"1,270","2,330",23,"2,353",0,"2,353",664,"3,017",77.9914
,忠勤里,162,"1,876","2,059","4,097",58,"4,155",0,"4,155","1,507","5,662",73.3840
,廈安里,139,"1,036","1,519","2,694",30,"2,724",0,"2,724",765,"3,489",78.0739
,愛國里,74,776,"1,078","1,928",36,"1,964",0,"1,964",611,"2,575",76.2718
,南門里,94,806,777,"1,677",24,"1,701",0,"1,701",473,"2,174",78.2429
,龍光里,92,960,991,"2,043",27,"2,070",0,"2,070",575,"2,645",78.2609
,南福里,336,"2,891","3,443","6,670",91,"6,761",1,"6,762","1,850","8,612",78.5067
,龍福里,146,"1,421","1,829","3,396",40,"3,436",0,"3,436",957,"4,393",78.2153
,新營里,252,"2,613","2,502","5,367",82,"5,449",0,"5,449","1,480","6,929",78.6405
,建國里,39,409,452,900,11,911,0,911,288,"1,199",75.9800
,光復里,100,961,"1,211","2,272",24,"2,296",0,"2,296",806,"3,102",74.0168
,黎明里,84,854,962,"1,900",22,"1,922",0,"1,922",721,"2,643",72.7204
,梅花里,92,853,"1,102","2,047",36,"2,083",0,"2,083",602,"2,685",77.5791
,幸福里,128,"1,355","1,514","2,997",56,"3,053",0,"3,053","1,782","4,835",63.1437
,幸市里,112,"1,206","1,545","2,863",49,"2,912",0,"2,912",944,"3,856",75.5187
,東門里,98,"1,170","1,130","2,398",39,"2,437",0,"2,437",734,"3,171",76.8527
,文北里,142,"1,461","1,907","3,510",50,"3,560",0,"3,560","1,096","4,656",76.4605
,文祥里,208,"2,066","2,480","4,754",79,"4,833",1,"4,834","1,459","6,293",76.7996
,三愛里,236,"2,277","2,775","5,288",75,"5,363",0,"5,363","1,699","7,062",75.9417
,水源里,89,806,"1,013","1,908",17,"1,925",0,"1,925",643,"2,568",74.9611
,富水里,86,804,686,"1,576",17,"1,593",0,"1,593",550,"2,143",74.3350
,文盛里,89,709,865,"1,663",19,"1,682",0,"1,682",495,"2,177",77.2623
,林興里,128,"1,461","1,411","3,000",43,"3,043",0,"3,043",978,"4,021",75.6777
,河堤里,133,"1,394","1,439","2,966",32,"2,998",0,"2,998","1,003","4,001",74.9313
,頂東里,172,"1,731","2,030","3,933",41,"3,974",0,"3,974","1,186","5,160",77.0155
,網溪里,155,"1,722","1,929","3,806",46,"3,852",0,"3,852","1,131","4,983",77.3028
,板溪里,86,970,"1,097","2,153",32,"2,185",0,"2,185",646,"2,831",77.1812
,螢圃里,171,"1,678","1,786","3,635",50,"3,685",0,"3,685","1,146","4,831",76.2782
,螢雪里,111,"1,370","1,444","2,925",45,"2,970",0,"2,970",857,"3,827",77.6065
　大同區,,"3,463","24,673","50,006","78,142",971,"79,113",5,"79,118","24,970","104,088",76.0059
,玉泉里,68,667,"1,198","1,933",22,"1,955",0,"1,955",581,"2,536",77.0899
,建明里,81,723,"1,273","2,077",24,"2,101",1,"2,102",782,"2,884",72.8502
,建功里,145,969,"1,911","3,025",41,"3,066",0,"3,066",994,"4,060",75.5172
,建泰里,115,730,"1,507","2,352",30,"2,382",0,"2,382",703,"3,085",77.2123
,永樂里,152,999,"2,243","3,394",26,"3,420",0,"3,420","1,070","4,490",76.1693
,朝陽里,116,961,"1,773","2,850",44,"2,894",0,"2,894",956,"3,850",75.1688
,星明里,149,"1,318","2,263","3,730",40,"3,770",0,"3,770","1,208","4,978",75.7332
,光能里,159,"1,023","2,093","3,275",37,"3,312",0,"3,312",885,"4,197",78.9135
,大有里,139,861,"2,083","3,083",40,"3,123",2,"3,125",903,"4,028",77.5323
,延平里,136,936,"1,659","2,731",31,"2,762",0,"2,762",880,"3,642",75.8375
,雙連里,260,"1,836","3,742","5,838",83,"5,921",0,"5,921","1,810","7,731",76.5878
,南芳里,95,825,"1,658","2,578",28,"2,606",0,"2,606",795,"3,401",76.6245
,民權里,185,"1,303","2,458","3,946",56,"4,002",0,"4,002","1,182","5,184",77.1991
,景星里,69,496,"1,081","1,646",31,"1,677",0,"1,677",625,"2,302",72.8497
,隆和里,74,565,"1,300","1,939",29,"1,968",0,"1,968",615,"2,583",76.1905
,蓬萊里,143,"1,029","2,062","3,234",42,"3,276",0,"3,276",967,"4,243",77.2095
,國順里,71,482,"1,173","1,726",15,"1,741",0,"1,741",560,"2,301",75.6628
,國慶里,112,936,"1,924","2,972",31,"3,003",0,"3,003",840,"3,843",78.1421
,揚雅里,114,698,"1,594","2,406",28,"2,434",0,"2,434","1,587","4,021",60.5322
,斯文里,142,947,"1,971","3,060",53,"3,113",0,"3,113","1,030","4,143",75.1388
,鄰江里,211,"1,304","2,812","4,327",60,"4,387",0,"4,387","1,246","5,633",77.8803
,至聖里,228,"1,667","3,354","5,249",58,"5,307",2,"5,309","1,602","6,911",76.7906
,老師里,167,"1,095","2,606","3,868",36,"3,904",0,"3,904","1,158","5,062",77.1237
,重慶里,192,"1,489","2,525","4,206",55,"4,261",0,"4,261","1,226","5,487",77.6563
,保安里,140,814,"1,743","2,697",31,"2,728",0,"2,728",765,"3,493",78.0991
　萬華區,,"5,008","46,700","66,866","118,574","1,536","120,110",5,"120,115","39,188","159,303",75.3972
,福星里,137,"1,562","1,687","3,386",42,"3,428",0,"3,428","1,296","4,724",72.5656
,萬壽里,70,929,987,"1,986",30,"2,016",0,"2,016",920,"2,936",68.6649
,西門里,100,"1,057","1,193","2,350",29,"2,379",0,"2,379",903,"3,282",72.4863
,新起里,192,"1,725","2,468","4,385",60,"4,445",0,"4,445","1,513","5,958",74.6056
,菜園里,182,"1,448","2,404","4,034",49,"4,083",3,"4,086","1,289","5,375",75.9628
,青山里,140,"1,393","2,176","3,709",35,"3,744",0,"3,744","1,366","5,110",73.2681
,富民里,125,"1,075","1,993","3,193",43,"3,236",0,"3,236","1,095","4,331",74.7172
,福音里,110,934,"1,538","2,582",31,"2,613",0,"2,613",790,"3,403",76.7852
,仁德里,138,"1,155","1,858","3,151",36,"3,187",0,"3,187",997,"4,184",76.1711
,富福里,117,"1,059","2,011","3,187",36,"3,223",0,"3,223","2,181","5,404",59.6410
,柳鄉里,138,"1,083","2,079","3,300",29,"3,329",0,"3,329","1,158","4,487",74.1921
,華江里,262,"1,885","3,344","5,491",70,"5,561",0,"5,561","1,780","7,341",75.7526
,糖?里,133,"1,238","2,141","3,512",46,"3,558",0,"3,558","1,175","4,733",75.1743
,綠堤里,108,"1,069","1,558","2,735",42,"2,777",0,"2,777",937,"3,714",74.7711
,頂碩里,182,"1,516","2,976","4,674",70,"4,744",0,"4,744","1,416","6,160",77.0130
,雙園里,147,981,"1,807","2,935",50,"2,985",0,"2,985",863,"3,848",77.5728
,和平里,182,"1,362","2,973","4,517",61,"4,578",2,"4,580","1,420","6,000",76.3000
,和德里,171,"1,340","2,629","4,140",52,"4,192",0,"4,192","1,549","5,741",73.0186
,全德里,117,991,"1,616","2,724",45,"2,769",0,"2,769",822,"3,591",77.1094
,日善里,107,830,"1,469","2,406",30,"2,436",0,"2,436",682,"3,118",78.1270
,忠德里,126,943,"1,798","2,867",37,"2,904",0,"2,904",886,"3,790",76.6227
,錦德里,158,"1,216","2,253","3,627",34,"3,661",0,"3,661","1,144","4,805",76.1915
,孝德里,96,657,"1,436","2,189",20,"2,209",0,"2,209",572,"2,781",79.4319
,壽德里,117,"1,217","1,937","3,271",39,"3,310",0,"3,310","1,018","4,328",76.4787
,銘德里,121,"1,055","1,903","3,079",51,"3,130",0,"3,130",943,"4,073",76.8475
,保德里,81,794,"1,284","2,159",24,"2,183",0,"2,183",614,"2,797",78.0479
,榮德里,104,853,"1,471","2,428",39,"2,467",0,"2,467",661,"3,128",78.8683
,華中里,154,"1,445","2,504","4,103",45,"4,148",0,"4,148","1,170","5,318",77.9992
,興德里,122,"1,025","1,768","2,915",40,"2,955",0,"2,955","1,003","3,958",74.6589
,日祥里,186,"2,005","1,715","3,906",60,"3,966",0,"3,966","1,175","5,141",77.1445
,忠貞里,141,"1,786","1,243","3,170",46,"3,216",0,"3,216","1,027","4,243",75.7954
,新忠里,95,"1,511",704,"2,310",23,"2,333",0,"2,333",671,"3,004",77.6631
,新和里,254,"3,459","2,050","5,763",81,"5,844",0,"5,844","1,471","7,315",79.8906
,新安里,194,"1,850","1,817","3,861",53,"3,914",0,"3,914","1,417","5,331",73.4196
,凌霄里,118,"1,222","1,108","2,448",29,"2,477",0,"2,477",706,"3,183",77.8197
,騰雲里,83,"1,030",968,"2,081",29,"2,110",0,"2,110",558,"2,668",79.0855
　文山區,,"7,502","82,305","78,129","167,936","2,339","170,275",3,"170,278","50,836","221,114",77.0078
,景行里,228,"1,962","2,480","4,670",60,"4,730",0,"4,730","1,345","6,075",77.8601
,景東里,209,"2,285","1,991","4,485",66,"4,551",0,"4,551","1,390","5,941",76.6033
,景美里,137,"1,539","1,607","3,283",41,"3,324",1,"3,325",950,"4,275",77.7544
,景慶里,178,"1,887","2,063","4,128",36,"4,164",0,"4,164","1,294","5,458",76.2917
,景仁里,170,"1,685","1,583","3,438",51,"3,489",1,"3,490","1,008","4,498",77.5678
,景華里,156,"1,849","1,742","3,747",37,"3,784",0,"3,784","1,072","4,856",77.9242
,萬有里,178,"1,764","1,680","3,622",49,"3,671",0,"3,671","1,013","4,684",78.3732
,萬祥里,117,"1,317","1,509","2,943",43,"2,986",0,"2,986",902,"3,888",76.8004
,萬隆里,199,"2,362","2,132","4,693",71,"4,764",0,"4,764","1,292","6,056",78.6658
,萬年里,171,"1,557","1,784","3,512",54,"3,566",0,"3,566","1,048","4,614",77.2865
,萬和里,84,"1,269",825,"2,178",18,"2,196",0,"2,196",613,"2,809",78.1773
,萬盛里,133,"1,552","1,470","3,155",46,"3,201",0,"3,201",920,"4,121",77.6753
,興豐里,155,"1,591","1,466","3,212",38,"3,250",0,"3,250",866,"4,116",78.9602
,興邦里,141,"1,780","1,354","3,275",56,"3,331",0,"3,331",926,"4,257",78.2476
,興光里,100,"1,093",950,"2,143",35,"2,178",0,"2,178",667,"2,845",76.5554
,興家里,226,"2,510","2,261","4,997",64,"5,061",0,"5,061","1,340","6,401",79.0658
,興得里,167,"1,899","1,777","3,843",59,"3,902",0,"3,902","1,125","5,027",77.6208
,興業里,152,"1,983","1,525","3,660",45,"3,705",0,"3,705","1,041","4,746",78.0657
,興安里,177,"2,346","1,860","4,383",73,"4,456",0,"4,456","1,229","5,685",78.3817
,興福里,159,"1,734","1,747","3,640",45,"3,685",0,"3,685",982,"4,667",78.9586
,興旺里,259,"2,779","2,241","5,279",84,"5,363",0,"5,363","1,698","7,061",75.9524
,興泰里,115,"1,275","1,232","2,622",38,"2,660",0,"2,660",797,"3,457",76.9453
,興昌里,194,"2,197","1,850","4,241",63,"4,304",0,"4,304","1,393","5,697",75.5485
,試院里,198,"2,386","1,963","4,547",65,"4,612",0,"4,612","1,219","5,831",79.0945
,華興里,268,"2,901","2,662","5,831",66,"5,897",0,"5,897","1,699","7,596",77.6330
,明義里,125,"1,287","1,278","2,690",38,"2,728",1,"2,729",960,"3,689",73.9496
,明興里,207,"2,213","2,013","4,433",71,"4,504",0,"4,504","1,405","5,909",76.2227
,木柵里,249,"3,091","2,352","5,692",80,"5,772",0,"5,772","1,715","7,487",77.0936
,木新里,229,"2,637","3,017","5,883",77,"5,960",0,"5,960","2,864","8,824",67.5431
,順興里,218,"2,215","2,373","4,806",77,"4,883",0,"4,883","1,363","6,246",78.1780
,忠順里,118,"1,504","1,100","2,722",39,"2,761",0,"2,761",772,"3,533",78.1489
,樟林里,250,"2,715","2,401","5,366",87,"5,453",0,"5,453","1,665","7,118",76.6086
,樟新里,164,"1,707","1,662","3,533",60,"3,593",0,"3,593","1,037","4,630",77.6026
,樟文里,146,"1,833","2,016","3,995",60,"4,055",0,"4,055","1,113","5,168",78.4636
,樟腳里,174,"1,653","1,815","3,642",52,"3,694",0,"3,694","1,026","4,720",78.2627
,樟樹里,153,"1,420","1,573","3,146",35,"3,181",0,"3,181",865,"4,046",78.6209
,萬芳里,243,"2,525","2,301","5,069",61,"5,130",0,"5,130","1,553","6,683",76.7619
,萬美里,192,"2,434","2,093","4,719",56,"4,775",0,"4,775","1,516","6,291",75.9021
,博嘉里,185,"1,749","1,796","3,730",48,"3,778",0,"3,778","1,254","5,032",75.0795
,萬興里,238,"2,457","2,659","5,354",91,"5,445",0,"5,445","1,530","6,975",78.0645
,政大里,231,"2,107","2,205","4,543",61,"4,604",0,"4,604","1,360","5,964",77.1965
,指南里,96,"1,078","1,355","2,529",34,"2,563",0,"2,563",822,"3,385",75.7164
,老泉里,13,178,366,557,9,566,0,566,187,753,75.1660
　南港區,,"3,409","30,968","40,969","75,346","1,010","76,356",0,"76,356","22,479","98,835",77.2560
,南港里,175,"1,529","2,178","3,882",55,"3,937",0,"3,937","1,603","5,540",71.0650
,中南里,108,869,"1,402","2,379",31,"2,410",0,"2,410",787,"3,197",75.3832
,三重里,201,"1,949","2,522","4,672",65,"4,737",0,"4,737","1,545","6,282",75.4059
,新富里,133,892,"1,553","2,578",29,"2,607",0,"2,607",763,"3,370",77.3591
,中研里,272,"2,428","3,450","6,150",84,"6,234",0,"6,234","1,687","7,921",78.7022
,九如里,186,"1,985","1,986","4,157",54,"4,211",0,"4,211","1,255","5,466",77.0399
,舊莊里,267,"2,095","3,245","5,607",97,"5,704",0,"5,704","1,920","7,624",74.8164
,東新里,199,"1,824","2,711","4,734",57,"4,791",0,"4,791","1,374","6,165",77.7129
,重陽里,158,"1,448","1,774","3,380",51,"3,431",0,"3,431",993,"4,424",77.5542
,東明里,152,"1,323","1,537","3,012",39,"3,051",0,"3,051",924,"3,975",76.7547
,西新里,141,993,"1,973","3,107",47,"3,154",0,"3,154",886,"4,040",78.0693
,玉成里,150,"1,131","1,827","3,108",29,"3,137",0,"3,137",957,"4,094",76.6243
,合成里,185,"1,821","2,480","4,486",53,"4,539",0,"4,539","1,232","5,771",78.6519
,新光里,101,"1,110","1,238","2,449",23,"2,472",0,"2,472",704,"3,176",77.8338
,聯成里,150,"1,514","1,732","3,396",53,"3,449",0,"3,449",909,"4,358",79.1418
,萬福里,135,"1,340","1,504","2,979",39,"3,018",0,"3,018",709,"3,727",80.9767
,鴻福里,137,"1,254","1,674","3,065",34,"3,099",0,"3,099",795,"3,894",79.5840
,百福里,151,"1,378","1,929","3,458",53,"3,511",0,"3,511","1,066","4,577",76.7096
,成福里,247,"2,326","2,521","5,094",64,"5,158",0,"5,158","1,350","6,508",79.2563
,仁福里,161,"1,759","1,733","3,653",53,"3,706",0,"3,706","1,020","4,726",78.4173
　內湖區,,"8,356","74,437","94,269","177,062","2,349","179,411",16,"179,427","51,213","230,640",77.7883
,西湖里,203,"1,898","2,816","4,917",65,"4,982",0,"4,982","1,306","6,288",79.2303
,西康里,339,"2,791","3,161","6,291",83,"6,374",0,"6,374","1,833","8,207",77.6654
,西安里,208,"1,893","2,338","4,439",73,"4,512",0,"4,512","1,221","5,733",78.7023
,港墘里,173,"1,611","2,213","3,997",62,"4,059",0,"4,059","1,062","5,121",79.2619
,港都里,173,"1,437","2,053","3,663",33,"3,696",0,"3,696",935,"4,631",79.8100
,港富里,264,"2,463","3,478","6,205",72,"6,277",0,"6,277","1,723","8,000",78.4625
,港華里,278,"2,407","3,301","5,986",71,"6,057",0,"6,057","1,556","7,613",79.5613
,內湖里,171,"1,840","2,095","4,106",73,"4,179",1,"4,180","1,262","5,442",76.7916
,湖濱里,283,"2,616","2,641","5,540",74,"5,614",0,"5,614","1,487","7,101",79.0593
,紫星里,227,"2,167","3,008","5,402",51,"5,453",5,"5,458","1,394","6,852",79.5826
,大湖里,150,"1,573","1,929","3,652",39,"3,691",0,"3,691",993,"4,684",78.8002
,金龍里,170,"1,469","1,936","3,575",42,"3,617",0,"3,617","1,023","4,640",77.9526
,金瑞里,185,"1,815","2,356","4,356",61,"4,417",0,"4,417","1,240","5,657",78.0803
,碧山里,192,"1,955","2,484","4,631",67,"4,698",1,"4,699","1,348","6,047",77.6914
,紫雲里,200,"1,874","1,728","3,802",40,"3,842",0,"3,842","1,049","4,891",78.5524
,清白里,279,"2,533","2,827","5,639",85,"5,724",1,"5,725","1,557","7,282",78.6048
,葫洲里,247,"1,993","2,326","4,566",50,"4,616",0,"4,616","1,249","5,865",78.7042
,紫陽里,242,"2,238","2,934","5,414",76,"5,490",0,"5,490","1,493","6,983",78.6195
,瑞陽里,237,"2,698","2,322","5,257",61,"5,318",0,"5,318","1,347","6,665",79.7899
,瑞光里,144,"1,570","1,405","3,119",37,"3,156",0,"3,156",854,"4,010",78.7032
,五分里,310,"2,462","3,763","6,535",89,"6,624",0,"6,624","2,025","8,649",76.5869
,東湖里,221,"1,831","2,839","4,891",65,"4,956",0,"4,956","1,345","6,301",78.6542
,樂康里,282,"2,096","2,954","5,332",85,"5,417",1,"5,418","1,660","7,078",76.5329
,內溝里,159,"1,258","1,685","3,102",28,"3,130",1,"3,131",917,"4,048",77.3221
,週美里,266,"2,054","3,167","5,487",76,"5,563",0,"5,563","1,640","7,203",77.2317
,行善里,227,"1,813","2,553","4,593",58,"4,651",0,"4,651","1,292","5,943",78.2601
,石潭里,135,"1,077","1,345","2,557",38,"2,595",0,"2,595",817,"3,412",76.0551
,湖興里,208,"1,988","2,649","4,845",61,"4,906",0,"4,906","2,551","7,457",65.7905
,湖元里,148,"1,447","1,942","3,537",34,"3,571",0,"3,571","1,040","4,611",77.4452
,安湖里,271,"1,933","2,816","5,020",58,"5,078",0,"5,078","1,354","6,432",78.9490
,秀湖里,195,"1,905","2,013","4,113",63,"4,176",1,"4,177","1,220","5,397",77.3763
,安泰里,185,"1,443","1,860","3,488",49,"3,537",1,"3,538","1,088","4,626",76.4591
,金湖里,298,"2,691","3,044","6,033",89,"6,122",1,"6,123","1,727","7,850",77.9873
,康寧里,259,"2,430","2,915","5,604",79,"5,683",2,"5,685","1,605","7,290",77.9561
,明湖里,185,"1,352","1,976","3,513",55,"3,568",0,"3,568",904,"4,472",79.7853
,蘆洲里,36,263,498,797,8,805,1,806,313,"1,119",71.9392
,麗山里,164,"1,392","2,279","3,835",51,"3,886",0,"3,886","1,108","4,994",77.8134
,寶湖里,277,"2,639","2,834","5,750",96,"5,846",0,"5,846","1,685","7,531",77.6258
,南湖里,165,"1,522","1,786","3,473",52,"3,525",0,"3,525",990,"4,515",78.0731
　士林區,,"7,185","65,183","104,881","177,249","2,020","179,269",24,"179,293","55,632","234,925",76.3090
,天母里,175,"1,810","2,215","4,200",60,"4,260",0,"4,260","1,344","5,604",76.0171
,三玉里,141,"1,500","2,162","3,803",59,"3,862",0,"3,862","1,127","4,989",77.4103
,天福里,175,"1,621","2,267","4,063",51,"4,114",0,"4,114","1,233","5,347",76.9403
,天祿里,149,"1,244","2,002","3,395",39,"3,434",5,"3,439","1,039","4,478",76.6860
,天壽里,134,"1,346","1,743","3,223",47,"3,270",0,"3,270","1,022","4,292",76.1883
,天山里,142,"1,931","2,396","4,469",53,"4,522",0,"4,522","1,438","5,960",75.8725
,天和里,186,"1,984","2,637","4,807",47,"4,854",1,"4,855","1,545","6,400",75.8438
,天玉里,217,"2,238","3,038","5,493",60,"5,553",0,"5,553","1,790","7,343",75.6230
,德行里,144,"1,122","1,682","2,948",23,"2,971",0,"2,971",823,"3,794",78.3079
,德華里,158,"1,308","2,230","3,696",43,"3,739",0,"3,739","1,076","4,815",77.6532
,忠誠里,138,"1,925","1,609","3,672",37,"3,709",0,"3,709","1,111","4,820",76.9502
,蘭雅里,246,"2,242","3,230","5,718",58,"5,776",1,"5,777","1,731","7,508",76.9313
,蘭興里,173,"1,587","2,387","4,147",49,"4,196",0,"4,196","1,249","5,445",77.0615
,仁勇里,90,837,"1,549","2,476",30,"2,506",0,"2,506",804,"3,310",75.7100
,義信里,65,792,"1,170","2,027",31,"2,058",0,"2,058",717,"2,775",74.1622
,福林里,75,794,"1,068","1,937",30,"1,967",0,"1,967",611,"2,578",76.2995
,福德里,133,"1,267","1,638","3,038",29,"3,067",1,"3,068","2,126","5,194",59.0489
,福志里,209,"2,257","2,626","5,092",68,"5,160",9,"5,169","1,394","6,563",78.6226
,舊佳里,148,"1,492","2,454","4,094",36,"4,130",0,"4,130","1,274","5,404",76.4249
,福佳里,214,"1,859","2,938","5,011",59,"5,070",0,"5,070","1,470","6,540",77.5229
,後港里,224,"1,727","3,292","5,243",60,"5,303",0,"5,303","1,685","6,988",75.8872
,福中里,193,"1,424","2,773","4,390",47,"4,437",1,"4,438","1,270","5,708",77.7330
,前港里,133,946,"1,813","2,892",39,"2,931",2,"2,933",853,"3,786",77.4168
,百齡里,212,"1,490","2,928","4,630",39,"4,669",1,"4,670","1,284","5,954",78.4179
,承德里,151,"1,435","1,982","3,568",36,"3,604",0,"3,604","1,165","4,769",75.5714
,福華里,152,"1,435","2,389","3,976",39,"4,015",0,"4,015","1,363","5,378",74.6560
,明勝里,131,"1,211","1,937","3,279",38,"3,317",0,"3,317",941,"4,258",77.9004
,福順里,143,"1,079","2,375","3,597",34,"3,631",0,"3,631","1,052","4,683",77.5358
,富光里,163,"1,119","2,552","3,834",47,"3,881",0,"3,881","1,181","5,062",76.6693
,葫蘆里,197,"1,778","3,048","5,023",55,"5,078",0,"5,078","1,301","6,379",79.6050
,葫東里,115,806,"1,765","2,686",34,"2,720",0,"2,720",827,"3,547",76.6845
,社子里,151,"1,256","2,800","4,207",42,"4,249",0,"4,249","1,275","5,524",76.9189
,社新里,275,"1,692","3,901","5,868",55,"5,923",1,"5,924","1,863","7,787",76.0627
,社園里,187,"1,270","3,311","4,768",42,"4,810",0,"4,810","1,396","6,206",77.5056
,永倫里,166,"1,370","3,149","4,685",44,"4,729",0,"4,729","1,443","6,172",76.6202
,福安里,101,576,"2,494","3,171",38,"3,209",0,"3,209","1,043","4,252",75.4704
,富洲里,161,878,"2,956","3,995",56,"4,051",0,"4,051","1,242","5,293",76.5350
,岩山里,84,978,"1,166","2,228",35,"2,263",0,"2,263",685,"2,948",76.7639
,名山里,201,"1,970","2,503","4,674",56,"4,730",0,"4,730","1,363","6,093",77.6301
,聖山里,144,"1,530","1,668","3,342",36,"3,378",1,"3,379",931,"4,310",78.3759
,芝山里,212,"1,967","2,720","4,899",74,"4,973",0,"4,973","1,468","6,441",77.2085
,東山里,123,"1,611","1,631","3,365",35,"3,400",0,"3,400","1,012","4,412",77.0626
,永福里,34,246,529,809,16,825,0,825,299,"1,124",73.3986
,公館里,33,239,625,897,11,908,0,908,310,"1,218",74.5484
,新安里,46,427,799,"1,272",7,"1,279",0,"1,279",433,"1,712",74.7079
,陽明里,85,773,"1,052","1,910",21,"1,931",0,"1,931",775,"2,706",71.3599
,菁山里,47,356,644,"1,047",16,"1,063",1,"1,064",372,"1,436",74.0251
,平等里,24,231,762,"1,017",6,"1,023",0,"1,023",299,"1,322",77.3828
,溪山里,26,313,619,958,13,971,0,971,340,"1,311",74.0656
,翠山里,74,"1,070",679,"1,823",19,"1,842",0,"1,842",555,"2,397",76.8461
,臨溪里,85,824,978,"1,887",21,"1,908",0,"1,908",682,"2,590",73.6680
　北投區,,"6,443","59,851","90,060","156,354","1,915","158,269",27,"158,296","49,196","207,492",76.2772
,建民里,146,"1,052","1,677","2,875",30,"2,905",0,"2,905",826,"3,731",77.8612
,文林里,118,"1,024","1,735","2,877",33,"2,910",1,"2,911",798,"3,709",78.4578
,石牌里,149,"1,243","2,121","3,513",19,"3,532",10,"3,542",940,"4,482",78.8041
,福興里,210,"1,700","2,651","4,561",48,"4,609",0,"4,609","1,239","5,848",78.8133
,榮光里,201,"1,683","2,639","4,523",65,"4,588",0,"4,588","1,441","6,029",76.0989
,榮華里,188,"1,939","2,686","4,813",83,"4,896",1,"4,897","1,402","6,299",77.7266
,裕民里,221,"2,016","2,768","5,005",72,"5,077",0,"5,077","1,506","6,583",77.1229
,振華里,206,"2,036","2,616","4,858",62,"4,920",1,"4,921","1,514","6,435",76.4569
,永和里,213,"2,310","3,354","5,877",64,"5,941",0,"5,941","1,851","7,792",76.2449
,永欣里,174,"2,225","2,685","5,084",65,"5,149",0,"5,149","1,608","6,757",76.2025
,永明里,128,"1,260","1,730","3,118",38,"3,156",2,"3,158",875,"4,033",78.2544
,東華里,124,"1,247","1,540","2,911",47,"2,958",0,"2,958",736,"3,694",80.0758
,吉利里,205,"1,885","2,299","4,389",54,"4,443",1,"4,444","1,228","5,672",78.3322
,吉慶里,135,"1,091","2,036","3,262",45,"3,307",0,"3,307",880,"4,187",78.9826
,尊賢里,107,"1,051","1,883","3,041",40,"3,081",0,"3,081",844,"3,925",78.4968
,立賢里,139,"1,267","2,085","3,491",39,"3,530",0,"3,530","1,011","4,541",77.7362
,立農里,277,"2,122","3,458","5,857",79,"5,936",0,"5,936","1,601","7,537",78.7581
,八仙里,163,"1,300","2,127","3,590",43,"3,633",0,"3,633","1,155","4,788",75.8772
,洲美里,46,369,"1,016","1,431",12,"1,443",0,"1,443",373,"1,816",79.4604
,奇岩里,306,"2,667","3,927","6,900",87,"6,987",2,"6,989","2,095","9,084",76.9155
,清江里,207,"2,034","3,343","5,584",77,"5,661",2,"5,663","2,595","8,258",68.5517
,中央里,245,"1,814","3,315","5,374",53,"5,427",0,"5,427","1,829","7,256",74.7933
,長安里,150,"1,499","2,321","3,970",54,"4,024",1,"4,025","1,343","5,368",74.9627
,大同里,153,"1,231","2,391","3,775",63,"3,838",0,"3,838","1,150","4,988",76.9447
,溫泉里,135,"1,600","2,572","4,307",56,"4,363",0,"4,363","1,387","5,750",75.8783
,林泉里,81,798,998,"1,877",30,"1,907",0,"1,907",793,"2,700",70.6296
,中心里,180,"1,633","2,255","4,068",50,"4,118",0,"4,118","1,523","5,641",73.0012
,中庸里,107,954,"1,668","2,729",36,"2,765",0,"2,765",913,"3,678",75.1767
,開明里,153,"1,862","2,342","4,357",62,"4,419",1,"4,420","1,308","5,728",77.1473
,中和里,137,"1,369","1,751","3,257",31,"3,288",0,"3,288",990,"4,278",76.8583
,智仁里,156,"1,551","2,175","3,882",49,"3,931",1,"3,932","1,256","5,188",75.7710
,秀山里,90,885,"1,135","2,110",23,"2,133",0,"2,133",705,"2,838",75.1586
,文化里,112,"1,477","1,124","2,713",28,"2,741",0,"2,741",755,"3,496",78.4039
,豐年里,114,"1,141","1,630","2,885",22,"2,907",0,"2,907",879,"3,786",76.7829
,稻香里,136,"1,559","1,828","3,523",34,"3,557",0,"3,557","1,185","4,742",75.0105
,桃源里,171,"1,316","2,450","3,937",43,"3,980",0,"3,980","1,198","5,178",76.8637
,一德里,186,"1,634","2,997","4,817",49,"4,866",0,"4,866","1,493","6,359",76.5215
,關渡里,306,"2,678","4,233","7,217",94,"7,311",4,"7,315","2,469","9,784",74.7240
,泉源里,59,499,981,"1,539",10,"1,549",0,"1,549",573,"2,122",72.9972
,湖山里,48,410,626,"1,084",12,"1,096",0,"1,096",400,"1,496",73.2620
,大屯里,34,195,542,771,10,781,0,781,300,"1,081",72.2479
,湖田里,27,225,350,602,4,606,0,606,229,835,72.5749
